"","","","","RESA SEASON 20 PLAYERSHEET ","","Username  ","Rank ","Rating ","Value ","Team ","","Role ","Status ","","","",""
"","","","","","|","Maluzur","X","93","$117,500,000","","F.C Barcelona","Assistant","Cleared","","","",""
"","","X","7","","|","PumpedSoccerkid789","X","93","$117,500,000","","Free Agent","Player","Cleared","","Icon Signification","",""
"","","A","15","","|","Dhpreme","X","92","$115,000,000","","Real Madrid C.F","Manager","Cleared","","","Manager",""
"","","B","56","","|","99kasane","X","92","$115,000,000","","Inter Milan","Player","Cleared","","","",""
"","","C","143","","|","MakeIeIe","X","91","$112,500,000","","Manchester United","Assistant","Cleared","","","Assistant",""
"","","D","772","","|","n5ves","X","90","$110,000,000","","Nottingham Forest","Assistant","Cleared","","","",""
"","","","","","|","nepzos","X","90","$110,000,000","","Borussia Dortmund","Player","Cleared","","","Player",""
"","","","","","|","4rkkz","A","89","$90,000,000","","Bayer 04 Leverkusen","Manager","Cleared","","","",""
"","","","","","|","dannyvoetballer","A","89","$90,000,000","","F.C Barcelona","Player","Cleared","","","Cleared",""
"","","","","","|","gingikel","A","89","$90,000,000","","Real Madrid C.F","Player","Cleared","","","",""
"","","T1","","Liga Portugal","|","moonlemaekers","A","89","$90,000,000","","Arsenal F.C","Player","Reserve","","","RC League",""
"","X","1","0","X","|","eIargentinoo","A","88","$85,000,000","","AS Monaco","Assistant","Cleared","","","",""
"","A","1","2","X","|","Idk_Scout","A","88","$85,000,000","","Free Agent","Player","Cleared","","","RC UEFA",""
"","B","INF","","X","|","phen5m","A","88","$85,000,000","","Manchester United","Assistant","Cleared","","","",""
"","C","INF","","2","|","pipojoelcrack","A","88","$85,000,000","","AS Monaco","Player","Cleared","","","RC Cup",""
"","D","INF","","INF","|","slimfatboy5","A","88","$85,000,000","","Inter Milan","Player","Cleared","","","",""
"","Value Budget","400M","","200M","|","aresefgod","A","87","$82,500,000","","AS Roma","Assistant","Cleared","","","Suspended",""
"","","","","","|","fazaldo","A","87","$82,500,000","","Atletico Madrid","Assistant","Cleared","","","",""
"","","","","","|","irineudosparanaue","A","87","$82,500,000","","FC Bayern Munich","Assistant","Cleared","","","Loan Out",""
"","","","","","|","moshu_q","A","87","$82,500,000","","Atletico Madrid","Assistant","Cleared","","","",""
"","","","","","|","ocelowski","A","87","$82,500,000","","Paris Saint-Germain","Player","Cleared","","","",""
"","","","","","|","Smokey3121","A","87","$82,500,000","","Real Betis Balompié","Assistant","Cleared","","","",""
"","","","","","|","anda_ca","B","86","$60,000,000","","Paris Saint-Germain","Assistant","Cleared","","","",""
"","","","","","|","floveramon","B","86","$60,000,000","","Paris Saint-Germain","Player","Cleared","","","",""
"","","","","","|","Franksank2222","B","86","$60,000,000","","Real Madrid C.F","Player","Cleared","","","",""
"","","","","","|","havaIiyim","B","86","$60,000,000","","Borussia Dortmund","Assistant","Cleared","","","",""
"","","","","","|","Iisandroo","B","86","$60,000,000","","Free Agent","Player","Cleared","","","",""
"","","","","","|","0203yubin","B","86","$60,000,000","","Paris Saint-Germain","Manager","Cleared","","","",""
"","","","","","|","lucasjbss","B","86","$60,000,000","","Paris Saint-Germain","Assistant","Cleared","","","",""
"","","","","","|","retenzu","B","86","$60,000,000","","Real Betis Balompié","Assistant","Cleared","","","",""
"","","","","","|","smottii","B","86","$60,000,000","","Chelsea F.C","Player","Cleared","","","",""
"","","","","","|","FeltzGodXI","B","85","$57,500,000","","AS Monaco","Assistant","Cleared","","","",""
"","","","","","|","finjoshi","B","85","$57,500,000","","SSC Napoli","Assistant","Cleared","","","",""
"","","","","","|","hjl","B","85","$57,500,000","","Bayer 04 Leverkusen","Player","Cleared","","","",""
"","","","","","|","Iawestt22","B","85","$57,500,000","","Manchester United","Player","Cleared","","","",""
"","","","","","|","Jack924833","B","85","$57,500,000","","F.C Barcelona","Player","Cleared","","","",""
"","","","","","|","Jekowski","B","85","$57,500,000","","Nottingham Forest","Player","Cleared","","","",""
"","","","","","|","NeoxRodriguez","B","85","$57,500,000","","Free Agent","Player","Cleared","","","",""
"","","","","","|","toddzzj","B","85","$57,500,000","","Olympique Lyonnais","Assistant","Cleared","","","",""
"","","","","","|","tommy33gun","B","85","$57,500,000","","Free Agent","Player","Cleared","","","",""
"","","","","","|","xfibion","B","85","$57,500,000","","Inter Milan","Assistant","Cleared","","","",""
"","","","","","|","ziaderzi","B","85","$57,500,000","","Arsenal F.C","Manager","Cleared","","","",""
"","","","","","|","amaddiallo_3d","B","84","$52,500,000","","FC Bayern Munich","Player","Cleared","","","",""
"","","","","","|","Behrazy","B","84","$52,500,000","","Inter Milan","Manager","Cleared","","","",""
"","","","","","|","clumsythings","B","84","$52,500,000","","Arsenal F.C","Player","Cleared","","","",""
"","","","","","|","CrisstobaI","B","84","$52,500,000","","Sevilla FC","Player","Cleared","","","",""
"","","","","","|","dakibo","B","84","$52,500,000","","Free Agent","Player","Cleared","","","",""
"","","","","","|","FaIuzur","B","84","$52,500,000","","Bayer 04 Leverkusen","Player","SSN Ban","","","",""
"","","","","","|","GigoIsLigo","B","84","$52,500,000","","Bayer 04 Leverkusen","Player","Cleared","","","",""
"","","","","","|","HjaItee","B","84","$52,500,000","","Borussia Dortmund","Assistant","Cleared","","","",""
"","","","","","|","kentroya","B","84","$52,500,000","","Real Betis Balompié","Player","Cleared","","","",""
"","","","","","|","luukzzy","B","84","$52,500,000","","F.C Barcelona","Player","Cleared","","","",""
"","","","","","|","luviesta","B","84","$52,500,000","","Real Betis Balompié","Player","Cleared","","","",""
"","","","","","|","Mood_Ramos","B","84","$52,500,000","","AS Monaco","Player","Cleared","","","",""
"","","","","","|","PumpedSoccerkid234","B","84","$52,500,000","","Free Agent","Player","Cleared","","","",""
"","","","","","|","rauIasencioo","B","84","$52,500,000","","Manchester United","Player","Cleared","","","",""
"","","","","","|","Wintre7a","B","84","$52,500,000","","ACF Fiorentina","Player","Cleared","","","",""
"","","","","","|","22smok","B","83","$50,000,000","","Free Agent","Player","Cleared","","","",""
"","","","","","|","9DybaIa","B","83","$50,000,000","","AS Monaco","Player","Cleared","","","",""
"","","","","","|","Carlorzei","B","83","$50,000,000","","Sevilla FC","Player","Cleared","","","",""
"","","","","","|","Iuczz","B","83","$50,000,000","","Nottingham Forest","Assistant","Cleared","","","",""
"","","","","","|","KASHlWADA","B","83","$50,000,000","","Free Agent","Player","Cleared","","","",""
"","","","","","|","kinqsoI","B","83","$50,000,000","","Aston Villa","Player","Cleared","","","",""
"","","","","","|","KosoovoIsSerbia","B","83","$50,000,000","","SSC Napoli","Player","Cleared","","","",""
"","","","","","|","Malik_Dan","B","83","$50,000,000","","OGC Nice","Player","Cleared","","","",""
"","","","","","|","Nazotiy","B","83","$50,000,000","","RC Strasbourg Alsace","Assistant","Cleared","","","",""
"","","","","","|","parlayhunter","B","83","$50,000,000","","Atletico Madrid","Player","Cleared","","","",""
"","","","","","|","PumpedSoccerkid456","B","83","$50,000,000","","Free Agent","Player","Cleared","","","",""
"","","","","","|","R1AL2TY","B","83","$50,000,000","","Real Madrid C.F","Assistant","Cleared","","","",""
"","","","","","|","RobertLewandowski38","B","83","$50,000,000","","FC Bayern Munich","Assistant","Cleared","","","",""
"","","","","","|","sir_aimbot012","B","83","$50,000,000","","FC Bayern Munich","Player","Cleared","","","",""
"","","","","","|","SuIeex","B","83","$50,000,000","","Atletico Madrid","Player","Cleared","","","",""
"","","","","","|","t_osen","B","83","$50,000,000","","RC Strasbourg Alsace","Player","Cleared","","","",""
"","","","","","|","tafeljas","B","83","$50,000,000","","Borussia Dortmund","Player","Cleared","","","",""
"","","","","","|","UberLeo","B","83","$50,000,000","","AS Roma","Player","Cleared","","","",""
"","","","","","|","Wacheeenn","B","83","$50,000,000","","Free Agent","Player","Cleared","","","",""
"","","","","","|","wolokru","B","83","$50,000,000","","Free Agent","Player","Cleared","","","",""
"","","","","","|","zrucce","B","83","$50,000,000","","ACF Fiorentina","Manager","Cleared","","","",""
"","","","","","|","47Weirdo","C","82","$30,000,000","","Free Agent","Player","RESA Ban","","","",""
"","","","","","|","7ronaIdoo","C","82","$30,000,000","","Bayer 04 Leverkusen","Player","Cleared","","","",""
"","","","","","|","BoldProdigy","C","82","$30,000,000","","SSC Napoli","Assistant","Cleared","","","",""
"","","","","","|","coolestwilliam","C","82","$30,000,000","","FC Bayern Munich","Manager","Cleared","","","",""
"","","","","","|","f2den","C","82","$30,000,000","","Free Agent","Player","Reserve","","","",""
"","","","","","|","frieztaa","C","82","$30,000,000","","Borussia Dortmund","Manager","Cleared","","","",""
"","","","","","|","jesuscrack50","C","82","$30,000,000","","Arsenal F.C","Player","Cleared","","","",""
"","","","","","|","LHS_Acenko","C","82","$30,000,000","","Free Agent","Player","Cleared","","","",""
"","","","","","|","Painshinratensei","C","82","$30,000,000","","Manchester United","Player","Cleared","","","",""
"","","","","","|","reiulent","C","82","$30,000,000","","Real Betis Balompié","Player","Cleared","","","",""
"","","","","","|","xtraXII","C","82","$30,000,000","","Free Agent","Player","Cleared","","","",""
"","","","","","|","yuriocean","C","82","$30,000,000","","Chelsea F.C","Manager","Cleared","","","",""
"","","","","","|","z1noszn","C","82","$30,000,000","","Liverpool F.C","Player","Cleared","","","",""
"","","","","","|","ziggystarzdust72","C","82","$30,000,000","","Nottingham Forest","Manager","Cleared","","","",""
"","","","","","|","ElChinoShob","C","81","$27,500,000","","Nottingham Forest","Player","Cleared","","","",""
"","","","","","|","evil33pro","C","81","$27,500,000","","Free Agent","Player","Cleared","","","",""
"","","","","","|","KittyLover29294","C","81","$27,500,000","","AS Roma","Manager","Cleared","","","",""
"","","","","","|","LimiDantoneIIi","C","81","$27,500,000","","LOSC Lille","Manager","Cleared","","","",""
"","","","","","|","migueatp","C","81","$27,500,000","","Aston Villa","Player","Cleared","","","",""
"","","","","","|","Rippxh","C","81","$27,500,000","","ACF Fiorentina","Player","Cleared","","","",""
"","","","","","|","Badsiq","C","80","$27,500,000","","S.L. Benfica","Player","Cleared","","","",""
"","","","","","|","CriticalClip","C","80","$27,500,000","","Juventus FC","Player","Cleared","","","",""
"","","","","","|","eleskandarany","C","80","$27,500,000","","SSC Napoli","Player","Cleared","","","",""
"","","","","","|","EyeSolotionVx","C","80","$27,500,000","","Olympique Lyonnais","Player","Cleared","","","",""
"","","","","","|","IILowkeyXI","C","80","$27,500,000","","Aston Villa","Player","Cleared","","","",""
"","","","","","|","lukekakuu","C","80","$27,500,000","","Inter Milan","Assistant","Cleared","","","",""
"","","","","","|","MARTlNELLI","C","80","$27,500,000","","Atletico Madrid","Manager","Cleared","","","",""
"","","","","","|","Merknazer","C","80","$27,500,000","","Valencia C.F","Player","Cleared","","","",""
"","","","","","|","nvneszn","C","80","$27,500,000","","Liverpool F.C","Manager","Cleared","","","",""
"","","","","","|","Pionieers","C","80","$27,500,000","","Bayer 04 Leverkusen","Player","Cleared","","","",""
"","","","","","|","rewriteeyes","C","80","$27,500,000","","LOSC Lille","Player","Cleared","","","",""
"","","","","","|","Zinrall","C","80","$27,500,000","","F.C Barcelona","Assistant","Cleared","","","",""
"","","","","","|","axguerd","C","79","$25,000,000","","SSC Napoli","Player","Cleared","","","",""
"","","","","","|","believant","C","79","$25,000,000","","Free Agent","Player","SSN Ban","","","",""
"","","","","","|","Carlosgarvar","C","79","$25,000,000","","Juventus FC","Player","Cleared","","","",""
"","","","","","|","Emirtroyaa","C","79","$25,000,000","","Nottingham Forest","Player","Cleared","","","",""
"","","","","","|","emrdoku","C","79","$25,000,000","","Free Agent","Player","Cleared","","","",""
"","","","","","|","essskettiitt","C","79","$25,000,000","","Bologna FC 1909","Player","Cleared","","","",""
"","","","","","|","eviluded","C","79","$25,000,000","","Paris Saint-Germain","Player","Cleared","","","",""
"","","","","","|","ezequielmanu","C","79","$25,000,000","","Free Agent","Player","Cleared","","","",""
"","","","","","|","FIazingArrow","C","79","$25,000,000","","SSC Napoli","Player","Cleared","","","",""
"","","","","","|","haakkimi","C","79","$25,000,000","","RC Strasbourg Alsace","Player","Cleared","","","",""
"","","","","","|","IIJake_XI","C","79","$25,000,000","","Aston Villa","Player","Cleared","","","",""
"","","","","","|","Jeremy_Zoku","C","79","$25,000,000","","Valencia C.F","Assistant","Cleared","","","",""
"","","","","","|","mathztical","C","79","$25,000,000","","S.C. Braga","Player","Cleared","","","",""
"","","","","","|","nikdinii","C","79","$25,000,000","","Nottingham Forest","Player","Cleared","","","",""
"","","","","","|","origamiempresss","C","79","$25,000,000","","Chelsea F.C","Assistant","Cleared","","","",""
"","","","","","|","pooooooooooooer","C","79","$25,000,000","","Olympique Lyonnais","Player","Cleared","","","",""
"","","","","","|","seriaImogger","C","79","$25,000,000","","Free Agent","Player","Cleared","","","",""
"","","","","","|","skaraIho","C","79","$25,000,000","","Real Madrid C.F","Assistant","Cleared","","","",""
"","","","","","|","Spook3d","C","79","$25,000,000","","Atletico Madrid","Player","Cleared","","","",""
"","","","","","|","talk2themoney","C","79","$25,000,000","","Juventus FC","Assistant","Cleared","","","",""
"","","","","","|","Uziuqq","C","79","$25,000,000","","FC Bayern Munich","Player","Cleared","","","",""
"","","","","","|","Barellinho","C","78","$25,000,000","","Free Agent","Player","Cleared","","","",""
"","","","","","|","bauti38err","C","78","$25,000,000","","1. FC Heidenheim","Player","Cleared","","","",""
"","","","","","|","Cerueno","C","78","$25,000,000","","ACF Fiorentina","Player","Cleared","","","",""
"","","","","","|","dabillingham","C","78","$25,000,000","","Chelsea F.C","Player","Cleared","","","",""
"","","","","","|","HittaPungaMo","C","78","$25,000,000","","Real Betis Balompié","Manager","Cleared","","","",""
"","","","","","|","hutyrr","C","78","$25,000,000","","Free Agent","Player","Cleared","","","",""
"","","","","","|","iwnless","C","78","$25,000,000","","Juventus FC","Player","Cleared","","","",""
"","","","","","|","jakub8278","C","78","$25,000,000","","Free Agent","Player","Cleared","","","",""
"","","","","","|","JoeIinton","C","78","$25,000,000","","FC Porto","Manager","Cleared","","","",""
"","","","","","|","niovc","C","78","$25,000,000","","OGC Nice","Player","Cleared","","","",""
"","","","","","|","Ohinkzs","C","78","$25,000,000","","Bologna FC 1909","Manager","Cleared","","","",""
"","","","","","|","retinzu","C","78","$25,000,000","","Hertha Berlin","Player","Cleared","","","",""
"","","","","","|","saIozii","C","78","$25,000,000","","Valencia C.F","Player","Cleared","","","",""
"","","","","","|","Santiago813","C","78","$25,000,000","","Free Agent","Player","Cleared","","","",""
"","","","","","|","Stephano_093","C","78","$25,000,000","","LOSC Lille","Player","Cleared","","","",""
"","","","","","|","Tupapachiro","C","78","$25,000,000","","Free Agent","Player","RESA Ban","","","",""
"","","","","","|","0213jiyeon","C","77","$22,500,000","","Liverpool F.C","Player","Cleared","","","",""
"","","","","","|","21_Weverton","C","77","$22,500,000","","Liverpool F.C","Player","Cleared","","","",""
"","","","","","|","alyvz7","C","77","$22,500,000","","Chelsea F.C","Player","Cleared","","","",""
"","","","","","|","asiturkic","C","77","$22,500,000","","Juventus FC","Player","Cleared","","","",""
"","","","","","|","backyardmillie","C","77","$22,500,000","","Liverpool F.C","Player","Cleared","","","",""
"","","","","","|","bolinho123456677","C","77","$22,500,000","","Free Agent","Player","Cleared","","","",""
"","","","","","|","Boo4935","C","77","$22,500,000","","Free Agent","Player","Cleared","","","",""
"","","","","","|","BulutKrh52","C","77","$22,500,000","","Free Agent","Player","Cleared","","","",""
"","","","","","|","corneliuswelius","C","77","$22,500,000","","Atletico Madrid","Player","Cleared","","","",""
"","","","","","|","CreitimDo_Grau123","C","77","$22,500,000","","Bologna FC 1909","Player","Cleared","","","",""
"","","","","","|","dsacszpro","C","77","$22,500,000","","Juventus FC","Assistant","Cleared","","","",""
"","","","","","|","ElMorfadorDeChoripan","C","77","$22,500,000","","Free Agent","Player","Cleared","","","",""
"","","","","","|","H_aschwalth","C","77","$22,500,000","","ACF Fiorentina","Player","Cleared","","","",""
"","","","","","|","iconion","C","77","$22,500,000","","Sporting Lisbon","Player","Cleared","","","",""
"","","","","","|","IISarimXI","C","77","$22,500,000","","Free Agent","Player","Cleared","","","",""
"","","","","","|","isaque123456677","C","77","$22,500,000","","AS Roma","Player","Cleared","","","",""
"","","","","","|","isIenskur","C","77","$22,500,000","","Valencia C.F","Player","Cleared","","","",""
"","","","","","|","jetixpro","C","77","$22,500,000","","S.L. Benfica","Player","Cleared","","","",""
"","","","","","|","JoaKoR15","C","77","$22,500,000","","Olympique Lyonnais","Player","Cleared","","","",""
"","","","","","|","kxzico","C","77","$22,500,000","","Free Agent","Player","Cleared","","","",""
"","","","","","|","luisblox040909","C","77","$22,500,000","","Olympique Lyonnais","Assistant","Cleared","","","",""
"","","","","","|","lxgendv","C","77","$22,500,000","","ACF Fiorentina","Player","Cleared","","","",""
"","","","","","|","MilanceMile12","C","77","$22,500,000","","Free Agent","Player","Cleared","","","",""
"","","","","","|","mokilkopop","C","77","$22,500,000","","AS Monaco","Player","Cleared","","","",""
"","","","","","|","MRDamDan","C","77","$22,500,000","","Inter Milan","Player","Cleared","","","",""
"","","","","","|","NikeBRvip10","C","77","$22,500,000","","AS Roma","Player","Cleared","","","",""
"","","","","","|","puyafon","C","77","$22,500,000","","Chelsea F.C","Player","Cleared","","","",""
"","","","","","|","r_hzaa","C","77","$22,500,000","","Aston Villa","Assistant","Cleared","","","",""
"","","","","","|","s2Iah","C","77","$22,500,000","","Real Betis Balompié","Player","Cleared","","","",""
"","","","","","|","scarfaded","C","77","$22,500,000","","OGC Nice","Assistant","Cleared","","","",""
"","","","","","|","Splashx321","C","77","$22,500,000","","ACF Fiorentina","Assistant","RESA Ban","","","",""
"","","","","","|","stefiscoco","C","77","$22,500,000","","Borussia Dortmund","Player","Cleared","","","",""
"","","","","","|","svenzio","C","77","$22,500,000","","RC Strasbourg Alsace","Player","Cleared","","","",""
"","","","","","|","swmkaa","C","77","$22,500,000","","Arsenal F.C","Assistant","Cleared","","","",""
"","","","","","|","xFixLeox","C","77","$22,500,000","","OGC Nice","Player","Cleared","","","",""
"","","","","","|","zeqhyrin","C","77","$22,500,000","","Olympique Lyonnais","Player","Cleared","","","",""
"","","","","","|","zorvean","C","77","$22,500,000","","Nottingham Forest","Loan Out","Cleared","","","",""
"","","","","","|","150kginclinebench","C","76","$22,500,000","","Bayer 04 Leverkusen","Player","Cleared","","","",""
"","","","","","|","CanceIooo","C","76","$22,500,000","","Free Agent","Player","Cleared","","","",""
"","","","","","|","cynosn","C","76","$22,500,000","","Free Agent","Player","Cleared","","","",""
"","","","","","|","danie1879","C","76","$22,500,000","","Free Agent","Player","Cleared","","","",""
"","","","","","|","disparru","C","76","$22,500,000","","Free Agent","Player","Cleared","","","",""
"","","","","","|","Dogesinhoo","C","76","$22,500,000","","Sevilla FC","Player","Cleared","","","",""
"","","","","","|","gothlucent","C","76","$22,500,000","","OGC Nice","Player","Cleared","","","",""
"","","","","","|","henkaraIhoo","C","76","$22,500,000","","Free Agent","Player","Cleared","","","",""
"","","","","","|","Humberto_4268","C","76","$22,500,000","","Free Agent","Player","RESA Ban","","","",""
"","","","","","|","ImnotarealBR","C","76","$22,500,000","","FC Bayern Munich","Player","Cleared","","","",""
"","","","","","|","IOnlySuat","C","76","$22,500,000","","Sevilla FC","Assistant","Cleared","","","",""
"","","","","","|","IrnJoseph","C","76","$22,500,000","","Vitoria Guimaraes","Assistant","Cleared","","","",""
"","","","","","|","ItsVillaneuvaC","C","76","$22,500,000","","Free Agent","Player","Cleared","","","",""
"","","","","","|","jakenaIdo","C","76","$22,500,000","","FC Porto","Assistant","Cleared","","","",""
"","","","","","|","Lasseboss","C","76","$22,500,000","","Sevilla FC","Player","Cleared","","","",""
"","","","","","|","LucasBergvaII","C","76","$22,500,000","","Free Agent","Player","Cleared","","","",""
"","","","","","|","nsuo456","C","76","$22,500,000","","LOSC Lille","Player","SSN Ban","","","",""
"","","","","","|","POLSKAFUTBOL","C","76","$22,500,000","","FC Bayern Munich","Player","Cleared","","","",""
"","","","","","|","rosalocalover","C","76","$22,500,000","","S.C. Braga","Player","Cleared","","","",""
"","","","","","|","Syqxnzl","C","76","$22,500,000","","Real Betis Balompié","Player","Cleared","","","",""
"","","","","","|","WebHac","C","76","$22,500,000","","Free Agent","Player","Cleared","","","",""
"","","","","","|","5nzofernandezz","C","75","$20,000,000","","Hertha Berlin","Player","Cleared","","","",""
"","","","","","|","emceblantakrece","C","75","$20,000,000","","ACF Fiorentina","Assistant","Cleared","","","",""
"","","","","","|","filipcc12","C","75","$20,000,000","","RC Strasbourg Alsace","Player","Cleared","","","",""
"","","","","","|","Gameomg_RBLX","C","75","$20,000,000","","Free Agent","Player","Cleared","","","",""
"","","","","","|","Helziy","C","75","$20,000,000","","ACF Fiorentina","Player","Cleared","","","",""
"","","","","","|","iluvrealsyy","C","75","$20,000,000","","1. FC Heidenheim","Player","Cleared","","","",""
"","","","","","|","MartinaIkishima","C","75","$20,000,000","","Hertha Berlin","Manager","Cleared","","","",""
"","","","","","|","Memorientes","C","75","$20,000,000","","Sevilla FC","Assistant","Cleared","","","",""
"","","","","","|","mete8341","C","75","$20,000,000","","Borussia Dortmund","Player","Cleared","","","",""
"","","","","","|","MPS_Pod","C","75","$20,000,000","","Juventus FC","Player","Cleared","","","",""
"","","","","","|","naim_76","C","75","$20,000,000","","Aston Villa","Assistant","Cleared","","","",""
"","","","","","|","p9eng","C","75","$20,000,000","","Aston Villa","Manager","Cleared","","","",""
"","","","","","|","rocha90","C","75","$20,000,000","","Vitoria Guimaraes","Player","Cleared","","","",""
"","","","","","|","spider_jr23","C","75","$20,000,000","","Liverpool F.C","Player","Cleared","","","",""
"","","","","","|","yuria1bertoo","C","75","$20,000,000","","Free Agent","Player","Cleared","","","",""
"","","","","","|","zynevii","C","75","$20,000,000","","Atletico Madrid","Player","Cleared","","","",""
"","","","","","|","Artishpro31","D","74","$12,500,000","","Borussia Dortmund","Player","Cleared","","","",""
"","","","","","|","Cineris","D","74","$12,500,000","","Free Agent","Player","Cleared","","","",""
"","","","","","|","Danielpro06","D","74","$12,500,000","","Free Agent","Player","Cleared","","","",""
"","","","","","|","J4xovic","D","74","$12,500,000","","Juventus FC","Manager","Cleared","","","",""
"","","","","","|","jeffe9931","D","74","$12,500,000","","Valencia C.F","Manager","Cleared","","","",""
"","","","","","|","Klouvzyy","D","74","$12,500,000","","Free Agent","Player","Cleared","","","",""
"","","","","","|","lGotNoWifi","D","74","$12,500,000","","FC Porto","Player","Cleared","","","",""
"","","","","","|","RayenITAMaster","D","74","$12,500,000","","FC Bayern Munich","Player","Cleared","","","",""
"","","","","","|","sussyesz","D","74","$12,500,000","","Gil Vicente","Player","Cleared","","","",""
"","","","","","|","uncbenny","D","74","$12,500,000","","S.L. Benfica","Assistant","Cleared","","","",""
"","","","","","|","Uzilus","D","74","$12,500,000","","S.L. Benfica","Player","Cleared","","","",""
"","","","","","|","Xenizyn","D","74","$12,500,000","","Free Agent","Player","SSN Ban","","","",""
"","","","","","|","yakarll","D","74","$12,500,000","","Free Agent","Player","Cleared","","","",""
"","","","","","|","youssavanier","D","74","$12,500,000","","S.L. Benfica","Player","Cleared","","","",""
"","","","","","|","zSameki","D","74","$12,500,000","","S.L. Benfica","Player","Cleared","","","",""
"","","","","","|","44bobz","D","73","$12,500,000","","F.C Barcelona","Player","Cleared","","","",""
"","","","","","|","8gakpo","D","73","$12,500,000","","ACF Fiorentina","Player","Cleared","","","",""
"","","","","","|","ahmedmomoa","D","73","$12,500,000","","Nottingham Forest","Player","Cleared","","","",""
"","","","","","|","Alqueqe","D","73","$12,500,000","","Free Agent","Player","Cleared","","","",""
"","","","","","|","asd52hoho","D","73","$12,500,000","","Free Agent","Player","Cleared","","","",""
"","","","","","|","badiyaa","D","73","$12,500,000","","S.L. Benfica","Player","Cleared","","","",""
"","","","","","|","Clinicality","D","73","$12,500,000","","FC Porto","Player","Cleared","","","",""
"","","","","","|","Destadze","D","73","$12,500,000","","OGC Nice","Player","Cleared","","","",""
"","","","","","|","eIizku","D","73","$12,500,000","","AS Monaco","Manager","Cleared","","","",""
"","","","","","|","fredocega","D","73","$12,500,000","","F.C Barcelona","Player","Cleared","","","",""
"","","","","","|","hbaybarsxdd","D","73","$12,500,000","","Free Agent","Player","RESA Ban","","","",""
"","","","","","|","ImCristianXD","D","73","$12,500,000","","Free Agent","Player","Cleared","","","",""
"","","","","","|","LuckyzTroopz","D","73","$12,500,000","","Free Agent","Player","Cleared","","","",""
"","","","","","|","maraztyy","D","73","$12,500,000","","Sporting Lisbon","Player","SSN Ban","","","",""
"","","","","","|","MEMPHISCULT1945","D","73","$12,500,000","","Free Agent","Player","Cleared","","","",""
"","","","","","|","MISHIPRAXDYT2","D","73","$12,500,000","","1. FC Heidenheim","Player","Cleared","","","",""
"","","","","","|","punzzj","D","73","$12,500,000","","Free Agent","Player","RESA Ban","","","",""
"","","","","","|","rebelvax","D","73","$12,500,000","","Liverpool F.C","Loan Out","Cleared","","","",""
"","","","","","|","salshorty507","D","73","$12,500,000","","Gil Vicente","Player","Cleared","","","",""
"","","","","","|","SamueItx","D","73","$12,500,000","","Sevilla FC","Player","Cleared","","","",""
"","","","","","|","SaturnX7x","D","73","$12,500,000","","SSC Napoli","Manager","Cleared","","","",""
"","","","","","|","shaneitoo","D","73","$12,500,000","","Valencia C.F","Player","Cleared","","","",""
"","","","","","|","SteadyFreddie31","D","73","$12,500,000","","Free Agent","Player","Cleared","","","",""
"","","","","","|","v9nea ","D","73","$12,500,000","","FC Bayern Munich","Player","Cleared","","","",""
"","","","","","|","vKxka_XI","D","73","$12,500,000","","Chelsea F.C","Player","Cleared","","","",""
"","","","","","|","whitetiger1912","D","73","$12,500,000","","LOSC Lille","Player","Cleared","","","",""
"","","","","","|","whykamz","D","73","$12,500,000","","OGC Nice","Player","Cleared","","","",""
"","","","","","|","XxPrince_YxX","D","73","$12,500,000","","Free Agent","Player","Cleared","","","",""
"","","","","","|","zyArthxr","D","73","$12,500,000","","Free Agent","Player","Cleared","","","",""
"","","","","","|","Zynuei_x","D","73","$12,500,000","","Free Agent","Player","Cleared","","","",""
"","","","","","|","4donnxs","D","72","$12,500,000","","Free Agent","Player","Cleared","","","",""
"","","","","","|","7rrakk","D","72","$12,500,000","","Free Agent","Player","Cleared","","","",""
"","","","","","|","aIisxi","D","72","$12,500,000","","S.L. Benfica","Assistant","Cleared","","","",""
"","","","","","|","AitNourii","D","72","$12,500,000","","RC Strasbourg Alsace","Player","Cleared","","","",""
"","","","","","|","alanchetauu","D","72","$12,500,000","","Free Agent","Player","Cleared","","","",""
"","","","","","|","arbeIoa","D","72","$12,500,000","","FC Porto","Player","Cleared","","","",""
"","","","","","|","BanMeLmao","D","72","$12,500,000","","Valencia C.F","Player","Cleared","","","",""
"","","","","","|","caantona","D","72","$12,500,000","","SSC Napoli","Player","Cleared","","","",""
"","","","","","|","CaioDoRoblox","D","72","$12,500,000","","S.C. Braga","Assistant","Cleared","","","",""
"","","","","","|","casillasproinres","D","72","$12,500,000","","FC Bayern Munich","Player","Cleared","","","",""
"","","","","","|","Cycle_Youtub","D","72","$12,500,000","","Paris Saint-Germain","Player","Cleared","","","",""
"","","","","","|","DanielDeEgg","D","72","$12,500,000","","Valencia C.F","Player","Cleared","","","",""
"","","","","","|","DJMaxwell132","D","72","$12,500,000","","OGC Nice","Player","Cleared","","","",""
"","","","","","|","gabipagabo3000","D","72","$12,500,000","","AS Monaco","Player","Cleared","","","",""
"","","","","","|","Gaxovic","D","72","$12,500,000","","Free Agent","Player","Cleared","","","",""
"","","","","","|","GokuSSGSS323","D","72","$12,500,000","","FC Porto","Player","Cleared","","","",""
"","","","","","|","ilMesxy","D","72","$12,500,000","","Free Agent","Player","Cleared","","","",""
"","","","","","|","ixLioMessiX","D","72","$12,500,000","","Free Agent","Player","RESA Ban","","","",""
"","","","","","|","kluzeni","D","72","$12,500,000","","Free Agent","Player","Cleared","","","",""
"","","","","","|","Koolicxcte","D","72","$12,500,000","","S.L. Benfica","Player","Cleared","","","",""
"","","","","","|","kyubbz","D","72","$12,500,000","","Manchester United","Player","Cleared","","","",""
"","","","","","|","LucianElCorte","D","72","$12,500,000","","Real Betis Balompié","Player","Cleared","","","",""
"","","","","","|","Luhzeriii","D","72","$12,500,000","","Free Agent","Player","RESA Ban","","","",""
"","","","","","|","Lyrical_Phoenix","D","72","$12,500,000","","Free Agent","Player","Cleared","","","",""
"","","","","","|","nishuintoladyboys","D","72","$12,500,000","","Free Agent","Player","SSN Ban","","","",""
"","","","","","|","Nwanerii","D","72","$12,500,000","","Free Agent","Player","Cleared","","","",""
"","","","","","|","omrigIazer","D","72","$12,500,000","","SSC Napoli","Player","Cleared","","","",""
"","","","","","|","personaje23236","D","72","$12,500,000","","Juventus FC","Player","Cleared","","","",""
"","","","","","|","RamiroTHEp2","D","72","$12,500,000","","Free Agent","Player","Cleared","","","",""
"","","","","","|","shuubero","D","72","$12,500,000","","Free Agent","Player","Cleared","","","",""
"","","","","","|","STORMgiannis900","D","72","$12,500,000","","Free Agent","Player","Cleared","","","",""
"","","","","","|","Tufizzs","D","72","$12,500,000","","Free Agent","Player","Cleared","","","",""
"","","","","","|","vadimkapolyakov","D","72","$12,500,000","","Manchester United","Player","Cleared","","","",""
"","","","","","|","zanyest","D","72","$12,500,000","","SSC Napoli","Player","Cleared","","","",""
"","","","","","|","zwtsoo","D","72","$12,500,000","","Vitoria Guimaraes","Player","Cleared","","","",""
"","","","","","|","06kAlan","D","71","$12,500,000","","Free Agent","Player","Cleared","","","",""
"","","","","","|","0kochaa","D","71","$12,500,000","","Free Agent","Player","Cleared","","","",""
"","","","","","|","15Tesla1","D","71","$12,500,000","","Free Agent","Player","Cleared","","","",""
"","","","","","|","akavaIen","D","71","$12,500,000","","Free Agent","Player","RESA Ban","","","",""
"","","","","","|","aknicc","D","71","$12,500,000","","LOSC Lille","Assistant","Cleared","","","",""
"","","","","","|","alexandderr","D","71","$12,500,000","","Free Agent","Player","Cleared","","","",""
"","","","","","|","arisumnn","D","71","$12,500,000","","Free Agent","Player","Cleared","","","",""
"","","","","","|","Bars20087","D","71","$12,500,000","","Free Agent","Player","Cleared","","","",""
"","","","","","|","bielsjbss","D","71","$12,500,000","","Free Agent","Player","Cleared","","","",""
"","","","","","|","BIoxinhooo","D","71","$12,500,000","","Olympique Lyonnais","Player","Cleared","","","",""
"","","","","","|","bubbli","D","71","$12,500,000","","Free Agent","Player","Cleared","","","",""
"","","","","","|","cakelover58","D","71","$12,500,000","","Free Agent","Player","Cleared","","","",""
"","","","","","|","cyanarzo","D","71","$12,500,000","","Free Agent","Player","Cleared","","","",""
"","","","","","|","DAMULEKPL","D","71","$12,500,000","","Gil Vicente","Player","Cleared","","","",""
"","","","","","|","Danilawolk0867","D","71","$12,500,000","","Real Madrid C.F","Player","Cleared","","","",""
"","","","","","|","darixthebestmaster","D","71","$12,500,000","","Free Agent","Player","Cleared","","","",""
"","","","","","|","dineifu123BR","D","71","$12,500,000","","Real Madrid C.F","Player","Cleared","","","",""
"","","","","","|","dxniellls","D","71","$12,500,000","","Free Agent","Player","Cleared","","","",""
"","","","","","|","enisify","D","71","$12,500,000","","Free Agent","Player","Cleared","","","",""
"","","","","","|","ErdoZor61","D","71","$12,500,000","","Borussia Dortmund","Player","Cleared","","","",""
"","","","","","|","EthicasNicomachea","D","71","$12,500,000","","Real Betis Balompié","Player","Cleared","","","",""
"","","","","","|","Fathikong1","D","71","$12,500,000","","S.C. Braga","Player","Cleared","","","",""
"","","","","","|","felzzr","D","71","$12,500,000","","S.C. Braga","Player","Cleared","","","",""
"","","","","","|","gabiiizzy","D","71","$12,500,000","","Free Agent","Player","Cleared","","","",""
"","","","","","|","Gentusso","D","71","$12,500,000","","Free Agent","Player","Cleared","","","",""
"","","","","","|","HasHikO_PriMexS","D","71","$12,500,000","","Liverpool F.C","Player","Cleared","","","",""
"","","","","","|","hellbIaza","D","71","$12,500,000","","Gil Vicente","Assistant","Cleared","","","",""
"","","","","","|","IDavidLIII","D","71","$12,500,000","","Borussia Dortmund","Player","Cleared","","","",""
"","","","","","|","Igor_Akinfeev35","D","71","$12,500,000","","Liverpool F.C","Assistant","Cleared","","","",""
"","","","","","|","IIAIexXI","D","71","$12,500,000","","Free Agent","Player","Cleared","","","",""
"","","","","","|","IIRushXI","D","71","$12,500,000","","Free Agent","Player","Cleared","","","",""
"","","","","","|","IMuhvyz","D","71","$12,500,000","","Free Agent","Player","Cleared","","","",""
"","","","","","|","itsslothplayz","D","71","$12,500,000","","Liverpool F.C","Player","Cleared","","","",""
"","","","","","|","iTz_SinoO","D","71","$12,500,000","","1. FC Heidenheim","Player","Cleared","","","",""
"","","","","","|","jenlon55","D","71","$12,500,000","","Vitoria Guimaraes","Player","Cleared","","","",""
"","","","","","|","jxzyboi","D","71","$12,500,000","","FC Bayern Munich","Player","Cleared","","","",""
"","","","","","|","KemaIAhmet","D","71","$12,500,000","","Free Agent","Player","Cleared","","","",""
"","","","","","|","kovanicic","D","71","$12,500,000","","FC Bayern Munich","Player","Cleared","","","",""
"","","","","","|","krupxviesa","D","71","$12,500,000","","Free Agent","Player","Cleared","","","",""
"","","","","","|","lau5da","D","71","$12,500,000","","Paris Saint-Germain","Player","Cleared","","","",""
"","","","","","|","Lazare67","D","71","$12,500,000","","Real Madrid C.F","Player","Cleared","","","",""
"","","","","","|","lolenxen","D","71","$12,500,000","","Sporting Lisbon","Player","Cleared","","","",""
"","","","","","|","maImerrr","D","71","$12,500,000","","Gil Vicente","Player","Cleared","","","",""
"","","","","","|","malevolennr","D","71","$12,500,000","","Real Madrid C.F","Player","Cleared","","","",""
"","","","","","|","MO129195","D","71","$12,500,000","","Sporting Lisbon","Player","Cleared","","","",""
"","","","","","|","moIochukx","D","71","$12,500,000","","Vitoria Guimaraes","Player","Cleared","","","",""
"","","","","","|","MoonYaps","D","71","$12,500,000","","Free Agent","Player","Cleared","","","",""
"","","","","","|","mvyuIuu","D","71","$12,500,000","","Free Agent","Player","Cleared","","","",""
"","","","","","|","NavidParsHakhamneshi","D","71","$12,500,000","","Free Agent","Player","Cleared","","","",""
"","","","","","|","nxchomaki","D","71","$12,500,000","","AS Monaco","Player","Cleared","","","",""
"","","","","","|","Pinbappe","D","71","$12,500,000","","Free Agent","Player","RESA Ban","","","",""
"","","","","","|","R3scerns","D","71","$12,500,000","","Free Agent","Player","Cleared","","","",""
"","","","","","|","raspyextreme","D","71","$12,500,000","","Free Agent","Player","Cleared","","","",""
"","","","","","|","s1akaa","D","71","$12,500,000","","Free Agent","Player","Cleared","","","",""
"","","","","","|","SanTser780_5","D","71","$12,500,000","","Aston Villa","Player","Cleared","","","",""
"","","","","","|","sbatibo09","D","71","$12,500,000","","Free Agent","Player","Cleared","","","",""
"","","","","","|","sirchonkus","D","71","$12,500,000","","Free Agent","Player","Cleared","","","",""
"","","","","","|","soIskajaer","D","71","$12,500,000","","Free Agent","Player","Cleared","","","",""
"","","","","","|","SonVictxrr","D","71","$12,500,000","","Free Agent","Player","Cleared","","","",""
"","","","","","|","sounddyt","D","71","$12,500,000","","FC Porto","Player","Cleared","","","",""
"","","","","","|","spartsui","D","71","$12,500,000","","Free Agent","Player","Cleared","","","",""
"","","","","","|","Stefdino","D","71","$12,500,000","","AS Roma","Player","Cleared","","","",""
"","","","","","|","TheUnknownDog1","D","71","$12,500,000","","Sporting Lisbon","Manager","Cleared","","","",""
"","","","","","|","trincao1907","D","71","$12,500,000","","Free Agent","Player","Cleared","","","",""
"","","","","","|","uncmusti","D","71","$12,500,000","","S.L. Benfica","Player","Cleared","","","",""
"","","","","","|","vanjamilinkovicsavic","D","71","$12,500,000","","Nottingham Forest","Player","Cleared","","","",""
"","","","","","|","VoIleying","D","71","$12,500,000","","Free Agent","Player","Cleared","","","",""
"","","","","","|","ze7venn","D","71","$12,500,000","","Arsenal F.C","Player","Cleared","","","",""
"","","","","","|","02Addo","D","70","$12,500,000","","Free Agent","Player","Cleared","","","",""
"","","","","","|","02dxnn","D","70","$12,500,000","","Free Agent","Player","RESA Ban","","","",""
"","","","","","|","66xix","D","70","$12,500,000","","Free Agent","Player","Cleared","","","",""
"","","","","","|","abdodarwish","D","70","$12,500,000","","Free Agent","Player","Cleared","","","",""
"","","","","","|","AbsalomAbstract","D","70","$12,500,000","","Free Agent","Player","Cleared","","","",""
"","","","","","|","AdamXseven7","D","70","$12,500,000","","Schalke 04","Player","Cleared","","","",""
"","","","","","|","adaptisrogue","D","70","$12,500,000","","1. FC Heidenheim","Player","Cleared","","","",""
"","","","","","|","adruzo","D","70","$12,500,000","","ACF Fiorentina","Player","Cleared","","","",""
"","","","","","|","AFOSINHOROBLOX","D","70","$12,500,000","","Free Agent","Player","Cleared","","","",""
"","","","","","|","Aikyn2008","D","70","$12,500,000","","Free Agent","Player","Cleared","","","",""
"","","","","","|","apathica","D","70","$12,500,000","","Free Agent","Player","Cleared","","","",""
"","","","","","|","barbkoumpo","D","70","$12,500,000","","Free Agent","Player","Cleared","","","",""
"","","","","","|","Bennyblanco4","D","70","$12,500,000","","Free Agent","Player","Cleared","","","",""
"","","","","","|","bernardogalard0","D","70","$12,500,000","","Free Agent","Player","Cleared","","","",""
"","","","","","|","Biel261010_2","D","70","$12,500,000","","S.C. Braga","Assistant","Cleared","","","",""
"","","","","","|","bubixmeister","D","70","$12,500,000","","OGC Nice","Player","Cleared","","","",""
"","","","","","|","BudderBomb45","D","70","$12,500,000","","Free Agent","Player","Cleared","","","",""
"","","","","","|","C3sual","D","70","$12,500,000","","Atletico Madrid","Player","Cleared","","","",""
"","","","","","|","camovinga","D","70","$12,500,000","","Free Agent","Player","Cleared","","","",""
"","","","","","|","cara_futbol","D","70","$12,500,000","","Bologna FC 1909","Player","Cleared","","","",""
"","","","","","|","chotungo","D","70","$12,500,000","","Free Agent","Player","Cleared","","","",""
"","","","","","|","danieIfly","D","70","$12,500,000","","S.C. Braga","Player","Cleared","","","",""
"","","","","","|","danieImunozz","D","70","$12,500,000","","Free Agent","Player","SSN Ban","","","",""
"","","","","","|","daniil_212","D","70","$12,500,000","","Free Agent","Player","Cleared","","","",""
"","","","","","|","Destroyer1612","D","70","$12,500,000","","Free Agent","Player","Cleared","","","",""
"","","","","","|","egereiz3256","D","70","$12,500,000","","1. FC Heidenheim","Player","Cleared","","","",""
"","","","","","|","EgyptianKing1232","D","70","$12,500,000","","Free Agent","Player","Cleared","","","",""
"","","","","","|","EIMachin","D","70","$12,500,000","","Free Agent","Player","Cleared","","","",""
"","","","","","|","firesinan","D","70","$12,500,000","","Free Agent","Player","Cleared","","","",""
"","","","","","|","firipee","D","70","$12,500,000","","Free Agent","Player","RESA Ban","","","",""
"","","","","","|","Furiousawsome","D","70","$12,500,000","","Free Agent","Player","Cleared","","","",""
"","","","","","|","gabriel4560uwu","D","70","$12,500,000","","Bologna FC 1909","Player","Cleared","","","",""
"","","","","","|","golangoal","D","70","$12,500,000","","Free Agent","Player","Cleared","","","",""
"","","","","","|","grienzemann","D","70","$12,500,000","","Free Agent","Player","Cleared","","","",""
"","","","","","|","h1z4n6","D","70","$12,500,000","","Free Agent","Player","Cleared","","","",""
"","","","","","|","hikezinhoo","D","70","$12,500,000","","Free Agent","Player","Cleared","","","",""
"","","","","","|","iiPlutoski","D","70","$12,500,000","","Free Agent","Player","Cleared","","","",""
"","","","","","|","INTERCRAK36234","D","70","$12,500,000","","Free Agent","Player","Cleared","","","",""
"","","","","","|","iz_kloodi","D","70","$12,500,000","","AS Roma","Player","Cleared","","","",""
"","","","","","|","Jakethepig87","D","70","$12,500,000","","Hertha Berlin","Player","Cleared","","","",""
"","","","","","|","JoaoFelixCFC","D","70","$12,500,000","","Free Agent","Player","Cleared","","","",""
"","","","","","|","jxviproz","D","70","$12,500,000","","LOSC Lille","Player","Cleared","","","",""
"","","","","","|","KakaViBritannia","D","70","$12,500,000","","Valencia C.F","Player","Cleared","","","",""
"","","","","","|","kmainoo","D","70","$12,500,000","","FC Porto","Player","Cleared","","","",""
"","","","","","|","Lex935","D","70","$12,500,000","","Juventus FC","Player","Cleared","","","",""
"","","","","","|","lsmiAli","D","70","$12,500,000","","RC Strasbourg Alsace","Player","Cleared","","","",""
"","","","","","|","LuvThatChicken","D","70","$12,500,000","","Free Agent","Player","Cleared","","","",""
"","","","","","|","lzxthal","D","70","$12,500,000","","SSC Napoli","Player","Cleared","","","",""
"","","","","","|","M_ailon","D","70","$12,500,000","","Free Agent","Player","Cleared","","","",""
"","","","","","|","margoI_l","D","70","$12,500,000","","Free Agent","Player","Cleared","","","",""
"","","","","","|","Mavivonoeu","D","70","$12,500,000","","S.C. Braga","Player","Cleared","","","",""
"","","","","","|","meteturkic","D","70","$12,500,000","","Borussia Dortmund","Player","Cleared","","","",""
"","","","","","|","michiestaa","D","70","$12,500,000","","S.L. Benfica","Player","Cleared","","","",""
"","","","","","|","MigueLoXinX","D","70","$12,500,000","","OGC Nice","Manager","Cleared","","","",""
"","","","","","|","Mounstan","D","70","$12,500,000","","Free Agent","Player","Cleared","","","",""
"","","","","","|","Nezmerised","D","70","$12,500,000","","Free Agent","Player","Cleared","","","",""
"","","","","","|","NickOIij","D","70","$12,500,000","","Free Agent","Player","Cleared","","","",""
"","","","","","|","othniel2007","D","70","$12,500,000","","Free Agent","Player","Cleared","","","",""
"","","","","","|","PLOKOLOL_BROTHER5","D","70","$12,500,000","","Nottingham Forest","Player","Cleared","","","",""
"","","","","","|","PumpedCrisXI","D","70","$12,500,000","","Juventus FC","Player","Cleared","","","",""
"","","","","","|","qeintessential","D","70","$12,500,000","","Free Agent","Player","Cleared","","","",""
"","","","","","|","Raphlna","D","70","$12,500,000","","RC Strasbourg Alsace","Player","Cleared","","","",""
"","","","","","|","Rayquazathepro","D","70","$12,500,000","","Aston Villa","Player","Cleared","","","",""
"","","","","","|","RebeIinq","D","70","$12,500,000","","Free Agent","Player","Cleared","","","",""
"","","","","","|","rykiraa","D","70","$12,500,000","","Free Agent","Player","Cleared","","","",""
"","","","","","|","sacchyv","D","70","$12,500,000","","Free Agent","Player","Cleared","","","",""
"","","","","","|","SalOpsz","D","70","$12,500,000","","Free Agent","Player","Cleared","","","",""
"","","","","","|","samuelsj23","D","70","$12,500,000","","Free Agent","Player","Cleared","","","",""
"","","","","","|","SergioRomero2017","D","70","$12,500,000","","Free Agent","Player","Cleared","","","",""
"","","","","","|","ShadowzyHDYT","D","70","$12,500,000","","Free Agent","Player","Cleared","","","",""
"","","","","","|","ShazArcalis","D","70","$12,500,000","","Free Agent","Player","Cleared","","","",""
"","","","","","|","superHaloxd","D","70","$12,500,000","","LOSC Lille","Player","Cleared","","","",""
"","","","","","|","themightyjesse","D","70","$12,500,000","","Chelsea F.C","Player","Cleared","","","",""
"","","","","","|","tizongass","D","70","$12,500,000","","Sevilla FC","Manager","Cleared","","","",""
"","","","","","|","tris10_m","D","70","$12,500,000","","Free Agent","Player","Cleared","","","",""
"","","","","","|","trulzo","D","70","$12,500,000","","Free Agent","Player","Cleared","","","",""
"","","","","","|","UchihaGen4ik","D","70","$12,500,000","","Nottingham Forest","Player","Cleared","","","",""
"","","","","","|","umutddeuchi","D","70","$12,500,000","","FC Bayern Munich","Player","Cleared","","","",""
"","","","","","|","ValennqRodriguez","D","70","$12,500,000","","Free Agent","Player","Cleared","","","",""
"","","","","","|","verlaon","D","70","$12,500,000","","Valencia C.F","Player","Cleared","","","",""
"","","","","","|","vit1nhaa","D","70","$12,500,000","","Juventus FC","Player","Cleared","","","",""
"","","","","","|","VoteDeniedX","D","70","$12,500,000","","Free Agent","Player","Cleared","","","",""
"","","","","","|","Xsamuel_Doritos34","D","70","$12,500,000","","Free Agent","Player","Cleared","","","",""
"","","","","","|","xYAgustinYx","D","70","$12,500,000","","Free Agent","Player","Cleared","","","",""
"","","","","","|","ZodiacMat","D","70","$12,500,000","","FC Porto","Assistant","Cleared","","","",""
"","","","","","|","Zoomical","D","70","$12,500,000","","Chelsea F.C","Player","Cleared","","","",""
"","","","","","|","a9lire","D","69","$10,000,000","","Sevilla FC","Player","Cleared","","","",""
"","","","","","|","Benji_Price3","D","69","$10,000,000","","Free Agent","Player","RESA Ban","","","",""
"","","","","","|","Dantzgoat","D","69","$10,000,000","","Free Agent","Player","Cleared","","","",""
"","","","","","|","DrissaoZoo","D","69","$10,000,000","","Free Agent","Player","Cleared","","","",""
"","","","","","|","fabrituber720","D","69","$10,000,000","","Schalke 04","Manager","Cleared","","","",""
"","","","","","|","gussjrr","D","69","$10,000,000","","Free Agent","Player","Cleared","","","",""
"","","","","","|","harshflux","D","69","$10,000,000","","Vitoria Guimaraes","Player","Cleared","","","",""
"","","","","","|","invasor_voraz940","D","69","$10,000,000","","FC Porto","Player","Cleared","","","",""
"","","","","","|","joacocivile","D","69","$10,000,000","","Free Agent","Player","Cleared","","","",""
"","","","","","|","koal_second","D","69","$10,000,000","","Free Agent","Player","Cleared","","","",""
"","","","","","|","LogicaHD","D","69","$10,000,000","","S.L. Benfica","Manager","Cleared","","","",""
"","","","","","|","LuigiDosGameCraft","D","69","$10,000,000","","Olympique Lyonnais","Player","Cleared","","","",""
"","","","","","|","mariodz102","D","69","$10,000,000","","Free Agent","Player","Cleared","","","",""
"","","","","","|","Padman1000","D","69","$10,000,000","","Free Agent","Player","Cleared","","","",""
"","","","","","|","PasitaRodriguez","D","69","$10,000,000","","Free Agent","Player","Reserve","","","",""
"","","","","","|","RodrigoElPro777RG","D","69","$10,000,000","","Free Agent","Player","Cleared","","","",""
"","","","","","|","Victor32377mpj","D","69","$10,000,000","","Free Agent","Player","Cleared","","","",""
"","","","","","|","Vinariyn","D","69","$10,000,000","","1. FC Heidenheim","Assistant","Cleared","","","",""
"","","","","","|","vladimirboss","D","69","$10,000,000","","Free Agent","Player","Cleared","","","",""
"","","","","","|","WillingXWING2","D","69","$10,000,000","","F.C Barcelona","Player","Cleared","","","",""
"","","","","","|","Yordkxz","D","69","$10,000,000","","Free Agent","Player","Cleared","","","",""
"","","","","","|","0_7Crazy","D","68","$10,000,000","","LOSC Lille","Assistant","Cleared","","","",""
"","","","","","|","19mws","D","68","$10,000,000","","Free Agent","Player","Cleared","","","",""
"","","","","","|","1PLlKE140","D","68","$10,000,000","","Inter Milan","Player","Cleared","","","",""
"","","","","","|","56ninja9","D","68","$10,000,000","","Vitoria Guimaraes","Manager","Cleared","","","",""
"","","","","","|","9Haaaland","D","68","$10,000,000","","Arsenal F.C","Player","Cleared","","","",""
"","","","","","|","aguzzj","D","68","$10,000,000","","F.C Barcelona","Player","Cleared","","","",""
"","","","","","|","AlinRK","D","68","$10,000,000","","Free Agent","Player","Cleared","","","",""
"","","","","","|","Arubaze","D","68","$10,000,000","","Free Agent","Player","Cleared","","","",""
"","","","","","|","asamuiaractioncoco","D","68","$10,000,000","","Arsenal F.C","Player","Cleared","","","",""
"","","","","","|","Atagyh","D","68","$10,000,000","","Free Agent","Player","Cleared","","","",""
"","","","","","|","awakenaldo","D","68","$10,000,000","","Real Madrid C.F","Player","Cleared","","","",""
"","","","","","|","Belinghaaam","D","68","$10,000,000","","Free Agent","Player","Cleared","","","",""
"","","","","","|","Betoaranha_8","D","68","$10,000,000","","Olympique Lyonnais","Manager","Cleared","","","",""
"","","","","","|","bI_ck","D","68","$10,000,000","","Free Agent","Player","Cleared","","","",""
"","","","","","|","cookiedark41","D","68","$10,000,000","","Sporting Lisbon","Player","Cleared","","","",""
"","","","","","|","Crimson_Reyes","D","68","$10,000,000","","OGC Nice","Player","Cleared","","","",""
"","","","","","|","CriticalLio","D","68","$10,000,000","","Manchester United","Player","Cleared","","","",""
"","","","","","|","crysty82","D","68","$10,000,000","","Free Agent","Player","Cleared","","","",""
"","","","","","|","Danyadubh","D","68","$10,000,000","","Free Agent","Player","Cleared","","","",""
"","","","","","|","Doyle_Lim","D","68","$10,000,000","","Free Agent","Player","Cleared","","","",""
"","","","","","|","DragonTwisterSword","D","68","$10,000,000","","Gil Vicente","Player","Cleared","","","",""
"","","","","","|","Eduardcraftim1","D","68","$10,000,000","","Free Agent","Player","Cleared","","","",""
"","","","","","|","EIJoacooo","D","68","$10,000,000","","1. FC Heidenheim","Player","Cleared","","","",""
"","","","","","|","elcrack1245","D","68","$10,000,000","","Schalke 04","Assistant","Cleared","","","",""
"","","","","","|","epicrionboy","D","68","$10,000,000","","Free Agent","Player","Cleared","","","",""
"","","","","","|","EricRB321","D","68","$10,000,000","","Free Agent","Player","Cleared","","","",""
"","","","","","|","FalIenciaga","D","68","$10,000,000","","Free Agent","Player","Cleared","","","",""
"","","","","","|","feltharoo","D","68","$10,000,000","","Free Agent","Player","Cleared","","","",""
"","","","","","|","ferrari599gt","D","68","$10,000,000","","Free Agent","Player","Cleared","","","",""
"","","","","","|","feukmizi","D","68","$10,000,000","","Inter Milan","Player","Cleared","","","",""
"","","","","","|","flaandre_scarlet","D","68","$10,000,000","","Real Madrid C.F","Player","Cleared","","","",""
"","","","","","|","gamerproinres","D","68","$10,000,000","","Free Agent","Player","Cleared","","","",""
"","","","","","|","Garelinho","D","68","$10,000,000","","Free Agent","Player","Cleared","","","",""
"","","","","","|","hashimvax","D","68","$10,000,000","","Free Agent","Player","Cleared","","","",""
"","","","","","|","Hrisowskii","D","68","$10,000,000","","Nottingham Forest","Player","Cleared","","","",""
"","","","","","|","huso_masterTR","D","68","$10,000,000","","Free Agent","Player","Cleared","","","",""
"","","","","","|","Iechpremium","D","68","$10,000,000","","Free Agent","Player","Cleared","","","",""
"","","","","","|","IGiolx","D","68","$10,000,000","","Free Agent","Player","Cleared","","","",""
"","","","","","|","Ignite_bally","D","68","$10,000,000","","F.C Barcelona","Player","Cleared","","","",""
"","","","","","|","ilIshootyou","D","68","$10,000,000","","Gil Vicente","Manager","Cleared","","","",""
"","","","","","|","immexican33333","D","68","$10,000,000","","OGC Nice","Assistant","Cleared","","","",""
"","","","","","|","IncaGoat","D","68","$10,000,000","","Free Agent","Player","Cleared","","","",""
"","","","","","|","ItchyLfc2005","D","68","$10,000,000","","Real Madrid C.F","Player","Cleared","","","",""
"","","","","","|","jareerio","D","68","$10,000,000","","Free Agent","Player","Cleared","","","",""
"","","","","","|","Jenlon54","D","68","$10,000,000","","Free Agent","Player","Cleared","","","",""
"","","","","","|","ksacszpro","D","68","$10,000,000","","Free Agent","Player","Cleared","","","",""
"","","","","","|","Kylian_McFrappa","D","68","$10,000,000","","Hertha Berlin","Assistant","Cleared","","","",""
"","","","","","|","Lakierkes","D","68","$10,000,000","","Free Agent","Player","Cleared","","","",""
"","","","","","|","liorzei","D","68","$10,000,000","","Free Agent","Player","Cleared","","","",""
"","","","","","|","liverpoolBVB","D","68","$10,000,000","","Hertha Berlin","Player","Cleared","","","",""
"","","","","","|","mateiryan","D","68","$10,000,000","","Sporting Lisbon","Player","Cleared","","","",""
"","","","","","|","Mehzzi","D","68","$10,000,000","","Free Agent","Player","Cleared","","","",""
"","","","","","|","mrucce","D","68","$10,000,000","","Free Agent","Player","Cleared","","","",""
"","","","","","|","MRXabdoX","D","68","$10,000,000","","Free Agent","Player","Cleared","","","",""
"","","","","","|","PEDROLERIGOLO","D","68","$10,000,000","","Free Agent","Player","Cleared","","","",""
"","","","","","|","Pedroshot_Gaming","D","68","$10,000,000","","Free Agent","Player","Cleared","","","",""
"","","","","","|","peruano122","D","68","$10,000,000","","Free Agent","Player","Cleared","","","",""
"","","","","","|","preytic","D","68","$10,000,000","","Free Agent","Player","Cleared","","","",""
"","","","","","|","Rm8w","D","68","$10,000,000","","Free Agent","Player","Cleared","","","",""
"","","","","","|","roarchaki2402","D","68","$10,000,000","","Free Agent","Player","Cleared","","","",""
"","","","","","|","ronaIddoo","D","68","$10,000,000","","RC Strasbourg Alsace","Manager","Cleared","","","",""
"","","","","","|","Ronbon99","D","68","$10,000,000","","Free Agent","Player","Cleared","","","",""
"","","","","","|","Ronzii","D","68","$10,000,000","","Free Agent","Player","Cleared","","","",""
"","","","","","|","ruxel_gamerpro","D","68","$10,000,000","","OGC Nice","Loan Out","Cleared","","","",""
"","","","","","|","RvbMoose","D","68","$10,000,000","","Free Agent","Player","Cleared","","","",""
"","","","","","|","sebasdeleon","D","68","$10,000,000","","Free Agent","Player","Cleared","","","",""
"","","","","","|","sebbvetteI","D","68","$10,000,000","","Free Agent","Player","Cleared","","","",""
"","","","","","|","SECONDACCOUNT_SOUP","D","68","$10,000,000","","Free Agent","Player","Cleared","","","",""
"","","","","","|","ShadowDefenderXII","D","68","$10,000,000","","Free Agent","Player","Cleared","","","",""
"","","","","","|","Spac0wski","D","68","$10,000,000","","Free Agent","Player","Cleared","","","",""
"","","","","","|","TerminatorBat123","D","68","$10,000,000","","Free Agent","Player","Cleared","","","",""
"","","","","","|","TheAIIRounderGod","D","68","$10,000,000","","Bologna FC 1909","Player","Cleared","","","",""
"","","","","","|","THEREALMOOSEMANNN","D","68","$10,000,000","","SSC Napoli","Player","Cleared","","","",""
"","","","","","|","TimohaBelkaCR07","D","68","$10,000,000","","Free Agent","Player","Cleared","","","",""
"","","","","","|","tottxii","D","68","$10,000,000","","Chelsea F.C","Player","Cleared","","","",""
"","","","","","|","usamoi5","D","68","$10,000,000","","Free Agent","Player","Cleared","","","",""
"","","","","","|","vegzinho","D","68","$10,000,000","","Free Agent","Player","Cleared","","","",""
"","","","","","|","Vurelixs","D","68","$10,000,000","","Free Agent","Player","Cleared","","","",""
"","","","","","|","Wiinchxster","D","68","$10,000,000","","Free Agent","Player","Cleared","","","",""
"","","","","","|","WindyBye","D","68","$10,000,000","","Paris Saint-Germain","Player","Cleared","","","",""
"","","","","","|","Xorbanys","D","68","$10,000,000","","F.C Barcelona","Manager","Cleared","","","",""
"","","","","","|","YZYTommy","D","68","$10,000,000","","Olympique Lyonnais","Player","Cleared","","","",""
"","","","","","|","zackerzi","D","68","$10,000,000","","Nottingham Forest","Player","Cleared","","","",""
"","","","","","|","46xKuni","D","67","$10,000,000","","Free Agent","Player","Cleared","","","",""
"","","","","","|","4reseet","D","67","$10,000,000","","Free Agent","Player","Cleared","","","",""
"","","","","","|","ains34","D","67","$10,000,000","","Free Agent","Player","Cleared","","","",""
"","","","","","|","americanfighter83","D","67","$10,000,000","","Atletico Madrid","Player","Cleared","","","",""
"","","","","","|","andrade20001","D","67","$10,000,000","","F.C Barcelona","Player","Cleared","","","",""
"","","","","","|","angel153642","D","67","$10,000,000","","Free Agent","Player","Cleared","","","",""
"","","","","","|","anissen44","D","67","$10,000,000","","Free Agent","Player","Cleared","","","",""
"","","","","","|","areunx","D","67","$10,000,000","","Free Agent","Player","Cleared","","","",""
"","","","","","|","Ayanagi_S","D","67","$10,000,000","","Olympique Lyonnais","Player","Cleared","","","",""
"","","","","","|","bludtorreto","D","67","$10,000,000","","AS Roma","Player","SSN Ban","","","",""
"","","","","","|","Brian0vskii","D","67","$10,000,000","","Free Agent","Player","Cleared","","","",""
"","","","","","|","carlogramirez","D","67","$10,000,000","","Free Agent","Player","Cleared","","","",""
"","","","","","|","chaamarcelo","D","67","$10,000,000","","Free Agent","Player","Cleared","","","",""
"","","","","","|","CharlesLe_simple","D","67","$10,000,000","","Schalke 04","Player","Cleared","","","",""
"","","","","","|","chefkamikaze","D","67","$10,000,000","","Free Agent","Player","Cleared","","","",""
"","","","","","|","christian_cueva8","D","67","$10,000,000","","Free Agent","Player","Cleared","","","",""
"","","","","","|","clxnicalz_x","D","67","$10,000,000","","Free Agent","Player","Cleared","","","",""
"","","","","","|","coolmanww1","D","67","$10,000,000","","Free Agent","Player","Cleared","","","",""
"","","","","","|","cxzrrs","D","67","$10,000,000","","S.C. Braga","Player","Cleared","","","",""
"","","","","","|","danielsyxz","D","67","$10,000,000","","Chelsea F.C","Assistant","Cleared","","","",""
"","","","","","|","Darkened_GT","D","67","$10,000,000","","Real Madrid C.F","Player","Cleared","","","",""
"","","","","","|","datunnnnaaa","D","67","$10,000,000","","Free Agent","Player","Cleared","","","",""
"","","","","","|","dawvii","D","67","$10,000,000","","ACF Fiorentina","Player","Cleared","","","",""
"","","","","","|","Dogzzii","D","67","$10,000,000","","Free Agent","Player","Cleared","","","",""
"","","","","","|","duburnn","D","67","$10,000,000","","Manchester United","Player","Cleared","","","",""
"","","","","","|","Dylan92ifr","D","67","$10,000,000","","Free Agent","Player","Cleared","","","",""
"","","","","","|","dznhio","D","67","$10,000,000","","Free Agent","Player","Cleared","","","",""
"","","","","","|","Edxwards","D","67","$10,000,000","","Free Agent","Player","Cleared","","","",""
"","","","","","|","ElchuchoPerez","D","67","$10,000,000","","Bologna FC 1909","Player","Cleared","","","",""
"","","","","","|","EMKO123","D","67","$10,000,000","","Free Agent","Player","Cleared","","","",""
"","","","","","|","ENYELREVENTADOOOR","D","67","$10,000,000","","Free Agent","Player","Cleared","","","",""
"","","","","","|","esteban300132","D","67","$10,000,000","","Free Agent","Player","Cleared","","","",""
"","","","","","|","Fernandinho90","D","67","$10,000,000","","Free Agent","Player","Cleared","","","",""
"","","","","","|","FireBBombx","D","67","$10,000,000","","Free Agent","Player","Cleared","","","",""
"","","","","","|","GalaxyLays","D","67","$10,000,000","","Free Agent","Player","Cleared","","","",""
"","","","","","|","harmoush","D","67","$10,000,000","","Free Agent","Player","Cleared","","","",""
"","","","","","|","httpsyoutubecZ","D","67","$10,000,000","","Free Agent","Player","Cleared","","","",""
"","","","","","|","ianisdarwin","D","67","$10,000,000","","Free Agent","Player","Cleared","","","",""
"","","","","","|","Iewito","D","67","$10,000,000","","Free Agent","Player","Cleared","","","",""
"","","","","","|","ii_XNoCapX","D","67","$10,000,000","","Free Agent","Player","Cleared","","","",""
"","","","","","|","IKalxdouI","D","67","$10,000,000","","Sporting Lisbon","Player","Cleared","","","",""
"","","","","","|","ILuisnaldo","D","67","$10,000,000","","Free Agent","Player","Cleared","","","",""
"","","","","","|","IxMxanny","D","67","$10,000,000","","Free Agent","Player","Cleared","","","",""
"","","","","","|","jerrlets","D","67","$10,000,000","","Free Agent","Player","Cleared","","","",""
"","","","","","|","jessnaldo","D","67","$10,000,000","","Free Agent","Player","Cleared","","","",""
"","","","","","|","jesus2980ye","D","67","$10,000,000","","Free Agent","Player","Cleared","","","",""
"","","","","","|","jkiller67867282882","D","67","$10,000,000","","Hertha Berlin","Player","Cleared","","","",""
"","","","","","|","JONHCENA38","D","67","$10,000,000","","Schalke 04","Assistant","Cleared","","","",""
"","","","","","|","JoseSnayder","D","67","$10,000,000","","Free Agent","Player","Cleared","","","",""
"","","","","","|","Joshlect","D","67","$10,000,000","","Liverpool F.C","Player","Cleared","","","",""
"","","","","","|","Jxrious","D","67","$10,000,000","","Free Agent","Player","Cleared","","","",""
"","","","","","|","kahlezi","D","67","$10,000,000","","Free Agent","Player","Cleared","","","",""
"","","","","","|","kamotodog","D","67","$10,000,000","","ACF Fiorentina","Player","Cleared","","","",""
"","","","","","|","Kzidowski","D","67","$10,000,000","","Gil Vicente","Player","Cleared","","","",""
"","","","","","|","LitOmonic","D","67","$10,000,000","","Free Agent","Player","Cleared","","","",""
"","","","","","|","LlllllolXD","D","67","$10,000,000","","Free Agent","Player","Cleared","","","",""
"","","","","","|","MemoEgy","D","67","$10,000,000","","OGC Nice","Player","Reserve","","","",""
"","","","","","|","MF7UP","D","67","$10,000,000","","Free Agent","Player","Cleared","","","",""
"","","","","","|","miljan637","D","67","$10,000,000","","Olympique Lyonnais","Player","Cleared","","","",""
"","","","","","|","Mohascred","D","67","$10,000,000","","Inter Milan","Player","Cleared","","","",""
"","","","","","|","monahinho","D","67","$10,000,000","","Free Agent","Player","Cleared","","","",""
"","","","","","|","MonkiSeb","D","67","$10,000,000","","Free Agent","Player","Cleared","","","",""
"","","","","","|","MrHiko_Yt","D","67","$10,000,000","","Vitoria Guimaraes","Player","Cleared","","","",""
"","","","","","|","NarutoNamikaze5890","D","67","$10,000,000","","Free Agent","Player","Cleared","","","",""
"","","","","","|","NicolasMT23","D","67","$10,000,000","","1. FC Heidenheim","Player","Cleared","","","",""
"","","","","","|","nxrutti","D","67","$10,000,000","","Bologna FC 1909","Assistant","Cleared","","","",""
"","","","","","|","OnepunchZv","D","67","$10,000,000","","Free Agent","Player","Cleared","","","",""
"","","","","","|","p5rloi","D","67","$10,000,000","","AS Roma","Assistant","Cleared","","","",""
"","","","","","|","pIaatini","D","67","$10,000,000","","Free Agent","Player","Cleared","","","",""
"","","","","","|","ProCiba099_009","D","67","$10,000,000","","Liverpool F.C","Assistant","Cleared","","","",""
"","","","","","|","punchlife1","D","67","$10,000,000","","Valencia C.F","Player","Cleared","","","",""
"","","","","","|","RedHoomanYT","D","67","$10,000,000","","Free Agent","Player","Cleared","","","",""
"","","","","","|","RiyadKMahrez","D","67","$10,000,000","","Free Agent","Player","Cleared","","","",""
"","","","","","|","ShawnxMonaco","D","67","$10,000,000","","Free Agent","Player","Cleared","","","",""
"","","","","","|","SixityTime","D","67","$10,000,000","","Free Agent","Player","Cleared","","","",""
"","","","","","|","uthex","D","67","$10,000,000","","Valencia C.F","Player","Cleared","","","",""
"","","","","","|","XIIDeiveIIX","D","67","$10,000,000","","Free Agent","Player","Cleared","","","",""
"","","","","","|","zlatanbad","D","67","$10,000,000","","Free Agent","Player","Cleared","","","",""
"","","","","","|","07uzi","D","66","$10,000,000","","Free Agent","Player","Cleared","","","",""
"","","","","","|","109davo","D","66","$10,000,000","","Free Agent","Player","Cleared","","","",""
"","","","","","|","1uisChilavert","D","66","$10,000,000","","Free Agent","Player","Cleared","","","",""
"","","","","","|","4oqt","D","66","$10,000,000","","Free Agent","Player","Cleared","","","",""
"","","","","","|","6aggio","D","66","$10,000,000","","Liverpool F.C","Player","Cleared","","","",""
"","","","","","|","888wu","D","66","$10,000,000","","Free Agent","Player","Cleared","","","",""
"","","","","","|","aayankhan123","D","66","$10,000,000","","Sporting Lisbon","Player","Cleared","","","",""
"","","","","","|","aconi5basket","D","66","$10,000,000","","Hertha Berlin","Player","Cleared","","","",""
"","","","","","|","Aimer_Mxsko","D","66","$10,000,000","","Free Agent","Player","Cleared","","","",""
"","","","","","|","AnT_Rex13","D","66","$10,000,000","","Manchester United","Player","Cleared","","","",""
"","","","","","|","Artymidiy19","D","66","$10,000,000","","Free Agent","Player","Cleared","","","",""
"","","","","","|","ATHUSG12","D","66","$10,000,000","","1. FC Heidenheim","Player","Cleared","","","",""
"","","","","","|","aydincetinantreman","D","66","$10,000,000","","Free Agent","Player","Cleared","","","",""
"","","","","","|","AytronnSenna","D","66","$10,000,000","","Free Agent","Player","Cleared","","","",""
"","","","","","|","bau5z","D","66","$10,000,000","","Free Agent","Player","Cleared","","","",""
"","","","","","|","Bestfootballer1320","D","66","$10,000,000","","Free Agent","Player","Cleared","","","",""
"","","","","","|","blackmaks21","D","66","$10,000,000","","Free Agent","Player","Cleared","","","",""
"","","","","","|","bodyfayed1234","D","66","$10,000,000","","Free Agent","Player","Cleared","","","",""
"","","","","","|","borinha7","D","66","$10,000,000","","S.C. Braga","Manager","Cleared","","","",""
"","","","","","|","bxdghggjj31","D","66","$10,000,000","","Free Agent","Player","Cleared","","","",""
"","","","","","|","carlosOMGlike","D","66","$10,000,000","","Free Agent","Player","Cleared","","","",""
"","","","","","|","CesareCasdei","D","66","$10,000,000","","Sevilla FC","Player","Cleared","","","",""
"","","","","","|","chilavert","D","66","$10,000,000","","Sevilla FC","Player","Cleared","","","",""
"","","","","","|","cookiesvx","D","66","$10,000,000","","Free Agent","Player","Cleared","","","",""
"","","","","","|","CoxaDoidoFiuFiu","D","66","$10,000,000","","Free Agent","Player","Cleared","","","",""
"","","","","","|","cubarsii","D","66","$10,000,000","","Free Agent","Player","Cleared","","","",""
"","","","","","|","cuervodel1995","D","66","$10,000,000","","Free Agent","Player","Cleared","","","",""
"","","","","","|","Cyan_nyauwu","D","66","$10,000,000","","Free Agent","Player","Cleared","","","",""
"","","","","","|","Cyr0o","D","66","$10,000,000","","Free Agent","Player","Cleared","","","",""
"","","","","","|","DaviTh278","D","66","$10,000,000","","Free Agent","Player","Cleared","","","",""
"","","","","","|","DegaulleGames2","D","66","$10,000,000","","Free Agent","Player","Cleared","","","",""
"","","","","","|","DemiraII","D","66","$10,000,000","","Borussia Dortmund","Player","Cleared","","","",""
"","","","","","|","destinhho","D","66","$10,000,000","","Free Agent","Player","Cleared","","","",""
"","","","","","|","djelame_76","D","66","$10,000,000","","Free Agent","Player","Cleared","","","",""
"","","","","","|","dogniseeBAN","D","66","$10,000,000","","Free Agent","Player","Cleared","","","",""
"","","","","","|","Dxniltz","D","66","$10,000,000","","Free Agent","Player","Cleared","","","",""
"","","","","","|","eliavl","D","66","$10,000,000","","Free Agent","Player","Cleared","","","",""
"","","","","","|","elkevongamer91","D","66","$10,000,000","","Free Agent","Player","Cleared","","","",""
"","","","","","|","Elsk5","D","66","$10,000,000","","Free Agent","Player","Cleared","","","",""
"","","","","","|","emanuel290906","D","66","$10,000,000","","Free Agent","Player","Cleared","","","",""
"","","","","","|","Erazold","D","66","$10,000,000","","Free Agent","Player","Cleared","","","",""
"","","","","","|","erwanobeltzzz","D","66","$10,000,000","","Free Agent","Player","Cleared","","","",""
"","","","","","|","FinnLam","D","66","$10,000,000","","Free Agent","Player","Cleared","","","",""
"","","","","","|","Francinhoo","D","66","$10,000,000","","Free Agent","Player","Cleared","","","",""
"","","","","","|","Fraudrian","D","66","$10,000,000","","Free Agent","Player","Cleared","","","",""
"","","","","","|","freshermarrow77","D","66","$10,000,000","","Sevilla FC","Player","Cleared","","","",""
"","","","","","|","genjinescent","D","66","$10,000,000","","Free Agent","Player","Cleared","","","",""
"","","","","","|","germanlets","D","66","$10,000,000","","Free Agent","Player","Cleared","","","",""
"","","","","","|","gojouszn","D","66","$10,000,000","","Free Agent","Player","Cleared","","","",""
"","","","","","|","GUTZ_09","D","66","$10,000,000","","Free Agent","Player","Cleared","","","",""
"","","","","","|","hadizexgaming_X","D","66","$10,000,000","","Free Agent","Player","Cleared","","","",""
"","","","","","|","hayo_yt123","D","66","$10,000,000","","Free Agent","Player","Cleared","","","",""
"","","","","","|","heydersaez2004","D","66","$10,000,000","","Free Agent","Player","Cleared","","","",""
"","","","","","|","HumaniCalculator","D","66","$10,000,000","","Free Agent","Player","Cleared","","","",""
"","","","","","|","humidos","D","66","$10,000,000","","Manchester United","Manager","Cleared","","","",""
"","","","","","|","HundredGalaxies","D","66","$10,000,000","","Free Agent","Player","Cleared","","","",""
"","","","","","|","hurriedwassabi1","D","66","$10,000,000","","Free Agent","Player","Cleared","","","",""
"","","","","","|","iDroowPlayer12","D","66","$10,000,000","","Free Agent","Player","Cleared","","","",""
"","","","","","|","IiBrian_AmAll","D","66","$10,000,000","","Free Agent","Player","Cleared","","","",""
"","","","","","|","innverted","D","66","$10,000,000","","S.L. Benfica","Player","Cleared","","","",""
"","","","","","|","iownmcx","D","66","$10,000,000","","Free Agent","Player","Cleared","","","",""
"","","","","","|","isac13579br","D","66","$10,000,000","","Free Agent","Player","Cleared","","","",""
"","","","","","|","ItzLil_Petran","D","66","$10,000,000","","Free Agent","Player","Cleared","","","",""
"","","","","","|","Itzxnt","D","66","$10,000,000","","Free Agent","Player","Cleared","","","",""
"","","","","","|","ixhaq","D","66","$10,000,000","","Free Agent","Player","Cleared","","","",""
"","","","","","|","J0RXD","D","66","$10,000,000","","Free Agent","Player","Cleared","","","",""
"","","","","","|","Jacob_Defender","D","66","$10,000,000","","Free Agent","Player","Cleared","","","",""
"","","","","","|","Jeolahhh","D","66","$10,000,000","","Free Agent","Player","Cleared","","","",""
"","","","","","|","JosipTheKing2020","D","66","$10,000,000","","Free Agent","Player","Cleared","","","",""
"","","","","","|","JosmellGamers","D","66","$10,000,000","","Free Agent","Player","Cleared","","","",""
"","","","","","|","jouni2911","D","66","$10,000,000","","Free Agent","Player","Cleared","","","",""
"","","","","","|","JRoman_8","D","66","$10,000,000","","Free Agent","Player","Cleared","","","",""
"","","","","","|","juan810j","D","66","$10,000,000","","1. FC Heidenheim","Manager","Cleared","","","",""
"","","","","","|","juanbr198","D","66","$10,000,000","","Free Agent","Player","Cleared","","","",""
"","","","","","|","JuanDavPAhe","D","66","$10,000,000","","Free Agent","Player","Cleared","","","",""
"","","","","","|","Juuikk","D","66","$10,000,000","","Free Agent","Player","Cleared","","","",""
"","","","","","|","Kaimook_TH123","D","66","$10,000,000","","Free Agent","Player","Cleared","","","",""
"","","","","","|","Kaladze","D","66","$10,000,000","","Free Agent","Player","Cleared","","","",""
"","","","","","|","Kapsar01","D","66","$10,000,000","","ACF Fiorentina","Player","Cleared","","","",""
"","","","","","|","kayjat4឵","D","66","$10,000,000","","Free Agent","Player","Cleared","","","",""
"","","","","","|","KenanYiIdizz","D","66","$10,000,000","","Juventus FC","Player","Cleared","","","",""
"","","","","","|","kevindebruyen11","D","66","$10,000,000","","Free Agent","Player","Cleared","","","",""
"","","","","","|","kevinwithstars","D","66","$10,000,000","","Free Agent","Player","Cleared","","","",""
"","","","","","|","kidokuchazo","D","66","$10,000,000","","Free Agent","Player","Cleared","","","",""
"","","","","","|","liojmmn","D","66","$10,000,000","","1. FC Heidenheim","Player","Cleared","","","",""
"","","","","","|","lolololol1264","D","66","$10,000,000","","Chelsea F.C","Player","Cleared","","","",""
"","","","","","|","lubauti04","D","66","$10,000,000","","Sporting Lisbon","Player","Cleared","","","",""
"","","","","","|","M0ryach0k11","D","66","$10,000,000","","Free Agent","Player","Cleared","","","",""
"","","","","","|","magicalzindix","D","66","$10,000,000","","Free Agent","Player","Cleared","","","",""
"","","","","","|","MAHMOGAMER","D","66","$10,000,000","","Free Agent","Player","Cleared","","","",""
"","","","","","|","ManLikeStam","D","66","$10,000,000","","Free Agent","Player","Cleared","","","",""
"","","","","","|","MarcoDEMONIOOO21312","D","66","$10,000,000","","Free Agent","Player","Cleared","","","",""
"","","","","","|","ML_Raul","D","66","$10,000,000","","AS Monaco","Player","Cleared","","","",""
"","","","","","|","modenphrog","D","66","$10,000,000","","Free Agent","Player","Cleared","","","",""
"","","","","","|","MohamedSaidBenrahma","D","66","$10,000,000","","Free Agent","Player","Cleared","","","",""
"","","","","","|","Mrender0110","D","66","$10,000,000","","Bologna FC 1909","Player","Cleared","","","",""
"","","","","","|","mutawkel1","D","66","$10,000,000","","Free Agent","Player","Cleared","","","",""
"","","","","","|","MxIongo","D","66","$10,000,000","","Free Agent","Player","Cleared","","","",""
"","","","","","|","Nikokall","D","66","$10,000,000","","Free Agent","Player","Cleared","","","",""
"","","","","","|","nxrosa","D","66","$10,000,000","","Free Agent","Player","Cleared","","","",""
"","","","","","|","o4600sa","D","66","$10,000,000","","Free Agent","Player","Cleared","","","",""
"","","","","","|","oldmandomi","D","66","$10,000,000","","Free Agent","Player","Cleared","","","",""
"","","","","","|","panda140820","D","66","$10,000,000","","Free Agent","Player","Cleared","","","",""
"","","","","","|","papucraft_43","D","66","$10,000,000","","Borussia Dortmund","Player","Cleared","","","",""
"","","","","","|","PeacefulSiva","D","66","$10,000,000","","Free Agent","Player","Cleared","","","",""
"","","","","","|","PeitXVIII","D","66","$10,000,000","","Free Agent","Player","Cleared","","","",""
"","","","","","|","pinguinitotroll","D","66","$10,000,000","","Free Agent","Player","Cleared","","","",""
"","","","","","|","Planovac","D","66","$10,000,000","","Free Agent","Player","Cleared","","","",""
"","","","","","|","Pula23333","D","66","$10,000,000","","Free Agent","Player","Cleared","","","",""
"","","","","","|","qatariaen","D","66","$10,000,000","","Schalke 04","Player","Cleared","","","",""
"","","","","","|","Raaahim7","D","66","$10,000,000","","Free Agent","Player","Cleared","","","",""
"","","","","","|","Raminhosgames","D","66","$10,000,000","","Free Agent","Player","Cleared","","","",""
"","","","","","|","renaattoo10","D","66","$10,000,000","","Free Agent","Player","Cleared","","","",""
"","","","","","|","Renoh0207","D","66","$10,000,000","","Free Agent","Player","Cleared","","","",""
"","","","","","|","ResilientScout","D","66","$10,000,000","","Free Agent","Player","Cleared","","","",""
"","","","","","|","retinzunololenxenyes","D","66","$10,000,000","","Free Agent","Player","SSN Ban","","","",""
"","","","","","|","Robin_Alpca","D","66","$10,000,000","","Free Agent","Player","Cleared","","","",""
"","","","","","|","RobloSalade","D","66","$10,000,000","","Free Agent","Player","Cleared","","","",""
"","","","","","|","RobloxScripterDevLua","D","66","$10,000,000","","Free Agent","Player","Cleared","","","",""
"","","","","","|","SaeEgoistx","D","66","$10,000,000","","Free Agent","Player","Cleared","","","",""
"","","","","","|","SerpzCustos","D","66","$10,000,000","","Free Agent","Player","Cleared","","","",""
"","","","","","|","stevizzo","D","66","$10,000,000","","Free Agent","Player","Cleared","","","",""
"","","","","","|","wzrried","D","66","$10,000,000","","Free Agent","Player","Cleared","","","",""
"","","","","","|","yossefessa","D","66","$10,000,000","","Free Agent","Player","Cleared","","","",""
"","","","","","|","0_Benicio","D","65","$10,000,000","","Free Agent","Player","Cleared","","","",""
"","","","","","|","0209yooyeon","D","65","$10,000,000","","RC Strasbourg Alsace","Assistant","Cleared","","","",""
"","","","","","|","13kpoopyhead","D","65","$10,000,000","","Vitoria Guimaraes","Player","Cleared","","","",""
"","","","","","|","1of1ren","D","65","$10,000,000","","Free Agent","Player","Cleared","","","",""
"","","","","","|","1Rooha","D","65","$10,000,000","","Free Agent","Player","Cleared","","","",""
"","","","","","|","24sevo","D","65","$10,000,000","","Free Agent","Player","Cleared","","","",""
"","","","","","|","2krux","D","65","$10,000,000","","Free Agent","Player","Cleared","","","",""
"","","","","","|","2robz","D","65","$10,000,000","","Free Agent","Player","Cleared","","","",""
"","","","","","|","3yl9d","D","65","$10,000,000","","F.C Barcelona","Player","Cleared","","","",""
"","","","","","|","44dylz","D","65","$10,000,000","","Gil Vicente","Player","Cleared","","","",""
"","","","","","|","4cl","D","65","$10,000,000","","Free Agent","Player","Cleared","","","",""
"","","","","","|","5hzc","D","65","$10,000,000","","Free Agent","Player","Cleared","","","",""
"","","","","","|","5viyo","D","65","$10,000,000","","Free Agent","Player","Cleared","","","",""
"","","","","","|","64pw","D","65","$10,000,000","","Free Agent","Player","Cleared","","","",""
"","","","","","|","8bein8","D","65","$10,000,000","","Free Agent","Player","Cleared","","","",""
"","","","","","|","9iovanno","D","65","$10,000,000","","Free Agent","Player","Cleared","","","",""
"","","","","","|","Aaronmartinez15","D","65","$10,000,000","","Free Agent","Player","Cleared","","","",""
"","","","","","|","abediipeIe","D","65","$10,000,000","","Chelsea F.C","Player","Cleared","","","",""
"","","","","","|","aciidify","D","65","$10,000,000","","Free Agent","Player","Cleared","","","",""
"","","","","","|","ActuaIlyPsi","D","65","$10,000,000","","AS Roma","Player","Cleared","","","",""
"","","","","","|","adinko57","D","65","$10,000,000","","Free Agent","Player","Cleared","","","",""
"","","","","","|","AidenGB111","D","65","$10,000,000","","Free Agent","Player","Cleared","","","",""
"","","","","","|","Alexander963265","D","65","$10,000,000","","Free Agent","Player","Cleared","","","",""
"","","","","","|","ALEXANDREPARIS80","D","65","$10,000,000","","Free Agent","Player","Cleared","","","",""
"","","","","","|","amrmalekelboss","D","65","$10,000,000","","Free Agent","Player","Cleared","","","",""
"","","","","","|","anco","D","65","$10,000,000","","Free Agent","Player","Cleared","","","",""
"","","","","","|","arectiful","D","65","$10,000,000","","Free Agent","Player","Cleared","","","",""
"","","","","","|","Arjune192","D","65","$10,000,000","","Free Agent","Player","Cleared","","","",""
"","","","","","|","Arunnnnn","D","65","$10,000,000","","Free Agent","Player","Cleared","","","",""
"","","","","","|","Asimooo255","D","65","$10,000,000","","Free Agent","Player","Cleared","","","",""
"","","","","","|","ATFRoblox1","D","65","$10,000,000","","Free Agent","Player","Cleared","","","",""
"","","","","","|","atrixify","D","65","$10,000,000","","Vitoria Guimaraes","Player","Cleared","","","",""
"","","","","","|","Avono_Pierce","D","65","$10,000,000","","Free Agent","Player","Cleared","","","",""
"","","","","","|","Axyte","D","65","$10,000,000","","Free Agent","Player","Cleared","","","",""
"","","","","","|","aymericIaporte","D","65","$10,000,000","","Free Agent","Player","Cleared","","","",""
"","","","","","|","azoctem","D","65","$10,000,000","","Free Agent","Player","Cleared","","","",""
"","","","","","|","B0LYY","D","65","$10,000,000","","Aston Villa","Player","Cleared","","","",""
"","","","","","|","Baina0ala","D","65","$10,000,000","","Free Agent","Player","Cleared","","","",""
"","","","","","|","Bamvaam","D","65","$10,000,000","","1. FC Heidenheim","Player","Cleared","","","",""
"","","","","","|","Barisinho","D","65","$10,000,000","","Free Agent","Player","Cleared","","","",""
"","","","","","|","BastianPrimex","D","65","$10,000,000","","Free Agent","Player","Cleared","","","",""
"","","","","","|","bbjjjjnnnnn","D","65","$10,000,000","","Bologna FC 1909","Player","Cleared","","","",""
"","","","","","|","BeboisClown","D","65","$10,000,000","","Hertha Berlin","Player","Cleared","","","",""
"","","","","","|","benjazaca14321","D","65","$10,000,000","","Free Agent","Player","Cleared","","","",""
"","","","","","|","BloodyBerin","D","65","$10,000,000","","Free Agent","Player","Cleared","","","",""
"","","","","","|","bonfyz","D","65","$10,000,000","","Manchester United","Player","Cleared","","","",""
"","","","","","|","bxskyy","D","65","$10,000,000","","Hertha Berlin","Assistant","Cleared","","","",""
"","","","","","|","ChiefK0d","D","65","$10,000,000","","Free Agent","Player","Cleared","","","",""
"","","","","","|","Cokey_Cokey","D","65","$10,000,000","","Free Agent","Player","Cleared","","","",""
"","","","","","|","crimzvon","D","65","$10,000,000","","Free Agent","Player","Cleared","","","",""
"","","","","","|","CXMELEKXC","D","65","$10,000,000","","Hertha Berlin","Player","Cleared","","","",""
"","","","","","|","d4nieeI","D","65","$10,000,000","","AS Monaco","Player","Cleared","","","",""
"","","","","","|","damfromdao","D","65","$10,000,000","","Free Agent","Player","Cleared","","","",""
"","","","","","|","dami0710","D","65","$10,000,000","","Paris Saint-Germain","Player","Cleared","","","",""
"","","","","","|","Dantemanol","D","65","$10,000,000","","S.C. Braga","Player","Cleared","","","",""
"","","","","","|","daramyy","D","65","$10,000,000","","Free Agent","Player","Cleared","","","",""
"","","","","","|","DariusLigh","D","65","$10,000,000","","Free Agent","Player","Cleared","","","",""
"","","","","","|","Diwgo","D","65","$10,000,000","","Free Agent","Player","Cleared","","","",""
"","","","","","|","Dominicalplayer","D","65","$10,000,000","","Free Agent","Player","Cleared","","","",""
"","","","","","|","EnfieldrllyDOit","D","65","$10,000,000","","Free Agent","Player","SSN Ban","","","",""
"","","","","","|","ezemateo04","D","65","$10,000,000","","LOSC Lille","Player","Cleared","","","",""
"","","","","","|","fabretzko","D","65","$10,000,000","","Valencia C.F","Player","Cleared","","","",""
"","","","","","|","fachriganteg123","D","65","$10,000,000","","Free Agent","Player","Cleared","","","",""
"","","","","","|","fIorineI","D","65","$10,000,000","","Free Agent","Player","Cleared","","","",""
"","","","","","|","ForisHD","D","65","$10,000,000","","Schalke 04","Player","Cleared","","","",""
"","","","","","|","freakwizard62","D","65","$10,000,000","","Free Agent","Player","SSN Ban","","","",""
"","","","","","|","gjercog","D","65","$10,000,000","","Free Agent","Player","Cleared","","","",""
"","","","","","|","gokuzeiro12","D","65","$10,000,000","","Schalke 04","Player","Cleared","","","",""
"","","","","","|","GoldinatorBat123","D","65","$10,000,000","","Free Agent","Player","Cleared","","","",""
"","","","","","|","GroundLowGirl4321","D","65","$10,000,000","","Free Agent","Player","Cleared","","","",""
"","","","","","|","Gui1908","D","65","$10,000,000","","Free Agent","Player","Cleared","","","",""
"","","","","","|","H_Kxkay","D","65","$10,000,000","","Free Agent","Player","Cleared","","","",""
"","","","","","|","hadjszn","D","65","$10,000,000","","Bologna FC 1909","Assistant","Cleared","","","",""
"","","","","","|","Hakermar03","D","65","$10,000,000","","LOSC Lille","Player","Cleared","","","",""
"","","","","","|","Healthyhat1","D","65","$10,000,000","","Free Agent","Player","Cleared","","","",""
"","","","","","|","Hondaofc","D","65","$10,000,000","","Free Agent","Player","Cleared","","","",""
"","","","","","|","Hopedeparanaue","D","65","$10,000,000","","Free Agent","Player","Cleared","","","",""
"","","","","","|","HorusKingfire","D","65","$10,000,000","","Free Agent","Player","Cleared","","","",""
"","","","","","|","Iam_Owen","D","65","$10,000,000","","SSC Napoli","Player","Cleared","","","",""
"","","","","","|","imthemeatballzzz","D","65","$10,000,000","","Gil Vicente","Player","Cleared","","","",""
"","","","","","|","Instagrem10234","D","65","$10,000,000","","Sporting Lisbon","Assistant","Cleared","","","",""
"","","","","","|","ItsTheGamePlayer","D","65","$10,000,000","","Free Agent","Player","Cleared","","","",""
"","","","","","|","IvanLescanito","D","65","$10,000,000","","1. FC Heidenheim","Player","Cleared","","","",""
"","","","","","|","j4nchez","D","65","$10,000,000","","Free Agent","Player","Cleared","","","",""
"","","","","","|","jagerconnoisseur","D","65","$10,000,000","","Free Agent","Player","Cleared","","","",""
"","","","","","|","Jexonium","D","65","$10,000,000","","Free Agent","Player","Cleared","","","",""
"","","","","","|","JezuGreen","D","65","$10,000,000","","S.L. Benfica","Player","Cleared","","","",""
"","","","","","|","Jirazei","D","65","$10,000,000","","Free Agent","Player","Cleared","","","",""
"","","","","","|","Johnteky","D","65","$10,000,000","","AS Monaco","Player","Cleared","","","",""
"","","","","","|","jordanlehn21","D","65","$10,000,000","","RC Strasbourg Alsace","Player","Cleared","","","",""
"","","","","","|","JzzSenn","D","65","$10,000,000","","Sporting Lisbon","Player","Cleared","","","",""
"","","","","","|","kabudarye","D","65","$10,000,000","","Free Agent","Player","Cleared","","","",""
"","","","","","|","KarolGamer912","D","65","$10,000,000","","Free Agent","Player","Cleared","","","",""
"","","","","","|","kasyomi","D","65","$10,000,000","","Gil Vicente","Player","Cleared","","","",""
"","","","","","|","keepupwithery","D","65","$10,000,000","","Paris Saint-Germain","Player","Cleared","","","",""
"","","","","","|","keepupwithmelo","D","65","$10,000,000","","Bayer 04 Leverkusen","Player","Cleared","","","",""
"","","","","","|","KELVIN4404","D","65","$10,000,000","","Vitoria Guimaraes","Assistant","Cleared","","","",""
"","","","","","|","Khojent","D","65","$10,000,000","","Free Agent","Player","Cleared","","","",""
"","","","","","|","killerbeeisbestoday","D","65","$10,000,000","","Free Agent","Player","Cleared","","","",""
"","","","","","|","KillerPro1927","D","65","$10,000,000","","Free Agent","Player","Cleared","","","",""
"","","","","","|","KingJohnn0","D","65","$10,000,000","","Free Agent","Player","Cleared","","","",""
"","","","","","|","krallll23e","D","65","$10,000,000","","Free Agent","Player","Cleared","","","",""
"","","","","","|","krl_00122","D","65","$10,000,000","","Free Agent","Player","Cleared","","","",""
"","","","","","|","KRO_Quin","D","65","$10,000,000","","Free Agent","Player","Cleared","","","",""
"","","","","","|","kuvorinis","D","65","$10,000,000","","Free Agent","Player","Cleared","","","",""
"","","","","","|","larry_maguire","D","65","$10,000,000","","Free Agent","Player","Cleared","","","",""
"","","","","","|","lastdisco","D","65","$10,000,000","","Free Agent","Player","Cleared","","","",""
"","","","","","|","Le_ThugDuBled","D","65","$10,000,000","","Free Agent","Player","Cleared","","","",""
"","","","","","|","LeProFrancais89","D","65","$10,000,000","","Free Agent","Player","Cleared","","","",""
"","","","","","|","LimitedDeception","D","65","$10,000,000","","Free Agent","Player","Cleared","","","",""
"","","","","","|","lionel46pro","D","65","$10,000,000","","Free Agent","Player","Cleared","","","",""
"","","","","","|","lithuanianbadman","D","65","$10,000,000","","F.C Barcelona","Player","Cleared","","","",""
"","","","","","|","llTony_Kroos","D","65","$10,000,000","","Free Agent","Player","Cleared","","","",""
"","","","","","|","lofusei","D","65","$10,000,000","","Free Agent","Player","Cleared","","","",""
"","","","","","|","LordOfTheTon7","D","65","$10,000,000","","Free Agent","Player","Cleared","","","",""
"","","","","","|","LOUISISAWESOME169","D","65","$10,000,000","","Inter Milan","Player","Cleared","","","",""
"","","","","","|","lsonicalx","D","65","$10,000,000","","Free Agent","Player","Cleared","","","",""
"","","","","","|","lucastonyx","D","65","$10,000,000","","Free Agent","Player","Cleared","","","",""
"","","","","","|","lukizyx","D","65","$10,000,000","","Free Agent","Player","Cleared","","","",""
"","","","","","|","LuNatsuLu","D","65","$10,000,000","","Free Agent","Player","Cleared","","","",""
"","","","","","|","LVRAFLEUZE","D","65","$10,000,000","","Free Agent","Player","Cleared","","","",""
"","","","","","|","lythienvuong2k3","D","65","$10,000,000","","LOSC Lille","Player","Cleared","","","",""
"","","","","","|","Mannerheim940","D","65","$10,000,000","","Free Agent","Player","Cleared","","","",""
"","","","","","|","marianoycamila08","D","65","$10,000,000","","Free Agent","Player","Cleared","","","",""
"","","","","","|","master454512","D","65","$10,000,000","","Schalke 04","Player","Cleared","","","",""
"","","","","","|","mateqx1","D","65","$10,000,000","","Free Agent","Player","Cleared","","","",""
"","","","","","|","matgame972","D","65","$10,000,000","","Free Agent","Player","Cleared","","","",""
"","","","","","|","MatiasKaporoom","D","65","$10,000,000","","Free Agent","Player","Cleared","","","",""
"","","","","","|","matiasperuanoxd","D","65","$10,000,000","","Free Agent","Player","Cleared","","","",""
"","","","","","|","Matsiq123","D","65","$10,000,000","","S.C. Braga","Player","Reserve","","","",""
"","","","","","|","Maximo_2016","D","65","$10,000,000","","Free Agent","Player","Cleared","","","",""
"","","","","","|","MaxMakoShark","D","65","$10,000,000","","Free Agent","Player","Cleared","","","",""
"","","","","","|","melozaria","D","65","$10,000,000","","Free Agent","Player","Cleared","","","",""
"","","","","","|","Merwan_78","D","65","$10,000,000","","Free Agent","Player","Cleared","","","",""
"","","","","","|","MESKA_YT","D","65","$10,000,000","","Free Agent","Player","Cleared","","","",""
"","","","","","|","metalguy566","D","65","$10,000,000","","Free Agent","Player","Cleared","","","",""
"","","","","","|","michell_2011","D","65","$10,000,000","","Free Agent","Player","Cleared","","","",""
"","","","","","|","mikbank","D","65","$10,000,000","","Real Betis Balompié","Player","Cleared","","","",""
"","","","","","|","Mike20188","D","65","$10,000,000","","Free Agent","Player","Cleared","","","",""
"","","","","","|","minwager","D","65","$10,000,000","","Paris Saint-Germain","Player","Cleared","","","",""
"","","","","","|","mirac7104","D","65","$10,000,000","","Borussia Dortmund","Player","Cleared","","","",""
"","","","","","|","MK1zl","D","65","$10,000,000","","Free Agent","Player","Cleared","","","",""
"","","","","","|","Mxsterrest","D","65","$10,000,000","","Free Agent","Player","Cleared","","","",""
"","","","","","|","Mynamekap112","D","65","$10,000,000","","Free Agent","Player","Cleared","","","",""
"","","","","","|","nanoghost788","D","65","$10,000,000","","Schalke 04","Player","Cleared","","","",""
"","","","","","|","nesquiikv","D","65","$10,000,000","","Free Agent","Player","Cleared","","","",""
"","","","","","|","Nessuares","D","65","$10,000,000","","Sevilla FC","Player","Cleared","","","",""
"","","","","","|","niieenow","D","65","$10,000,000","","Free Agent","Player","Cleared","","","",""
"","","","","","|","nipherus","D","65","$10,000,000","","Bayer 04 Leverkusen","Player","Cleared","","","",""
"","","","","","|","NoobandProoooo","D","65","$10,000,000","","Free Agent","Player","Cleared","","","",""
"","","","","","|","oscarpiastri","D","65","$10,000,000","","SSC Napoli","Player","Cleared","","","",""
"","","","","","|","osswaIdcobblepot","D","65","$10,000,000","","Free Agent","Player","Cleared","","","",""
"","","","","","|","Ozchalk","D","65","$10,000,000","","Free Agent","Player","Cleared","","","",""
"","","","","","|","pengzinho","D","65","$10,000,000","","Free Agent","Player","Cleared","","","",""
"","","","","","|","piemochi","D","65","$10,000,000","","Free Agent","Player","Cleared","","","",""
"","","","","","|","platinum20007","D","65","$10,000,000","","Free Agent","Player","Cleared","","","",""
"","","","","","|","playgamepvp2","D","65","$10,000,000","","Free Agent","Player","Cleared","","","",""
"","","","","","|","psitulasek2211","D","65","$10,000,000","","Free Agent","Player","Cleared","","","",""
"","","","","","|","R0JAUN","D","65","$10,000,000","","Free Agent","Player","Cleared","","","",""
"","","","","","|","RaceBuu","D","65","$10,000,000","","Free Agent","Player","Cleared","","","",""
"","","","","","|","realDrako","D","65","$10,000,000","","Free Agent","Player","Cleared","","","",""
"","","","","","|","Realuct","D","65","$10,000,000","","Free Agent","Player","Cleared","","","",""
"","","","","","|","Reiss_Nelson2","D","65","$10,000,000","","Free Agent","Player","Cleared","","","",""
"","","","","","|","Rk13891","D","65","$10,000,000","","Free Agent","Player","Cleared","","","",""
"","","","","","|","ROBLOXSENSIBLENOOB","D","65","$10,000,000","","Free Agent","Player","Cleared","","","",""
"","","","","","|","RobloxUser130609","D","65","$10,000,000","","Free Agent","Player","Cleared","","","",""
"","","","","","|","rondalejj","D","65","$10,000,000","","Free Agent","Player","Cleared","","","",""
"","","","","","|","roxodoshadownoob21","D","65","$10,000,000","","Free Agent","Player","RESA Ban","","","",""
"","","","","","|","Russ_Brook0MVP","D","65","$10,000,000","","Gil Vicente","Player","Cleared","","","",""
"","","","","","|","RxckFrost","D","65","$10,000,000","","Free Agent","Player","Cleared","","","",""
"","","","","","|","S_haddai","D","65","$10,000,000","","Free Agent","Player","Cleared","","","",""
"","","","","","|","safinh0","D","65","$10,000,000","","Free Agent","Player","Cleared","","","",""
"","","","","","|","satriaperwira","D","65","$10,000,000","","Free Agent","Player","Cleared","","","",""
"","","","","","|","Semkokozluca3","D","65","$10,000,000","","Free Agent","Player","Cleared","","","",""
"","","","","","|","ShadowLine120","D","65","$10,000,000","","FC Porto","Player","Cleared","","","",""
"","","","","","|","sincerelyjays","D","65","$10,000,000","","Vitoria Guimaraes","Player","Cleared","","","",""
"","","","","","|","sjaak11","D","65","$10,000,000","","Hertha Berlin","Player","Cleared","","","",""
"","","","","","|","SkitIsRogue","D","65","$10,000,000","","Arsenal F.C","Player","Cleared","","","",""
"","","","","","|","Smeagolmann","D","65","$10,000,000","","Free Agent","Player","Cleared","","","",""
"","","","","","|","smike3334","D","65","$10,000,000","","Free Agent","Player","Cleared","","","",""
"","","","","","|","SomaliSaviour","D","65","$10,000,000","","FC Porto","Player","Cleared","","","",""
"","","","","","|","sp9rta","D","65","$10,000,000","","Free Agent","Player","Cleared","","","",""
"","","","","","|","stjepogame","D","65","$10,000,000","","Free Agent","Player","Cleared","","","",""
"","","","","","|","streetannie","D","65","$10,000,000","","Free Agent","Player","Cleared","","","",""
"","","","","","|","Synicalz_x","D","65","$10,000,000","","Sevilla FC","Player","Cleared","","","",""
"","","","","","|","Synksx","D","65","$10,000,000","","Arsenal F.C","Player","Cleared","","","",""
"","","","","","|","szyluv","D","65","$10,000,000","","Free Agent","Player","Cleared","","","",""
"","","","","","|","TheSmurfTheGood","D","65","$10,000,000","","Vitoria Guimaraes","Player","Cleared","","","",""
"","","","","","|","thewoo5back","D","65","$10,000,000","","Paris Saint-Germain","Player","Cleared","","","",""
"","","","","","|","theworfer","D","65","$10,000,000","","Schalke 04","Player","Cleared","","","",""
"","","","","","|","thronefall","D","65","$10,000,000","","Free Agent","Player","Cleared","","","",""
"","","","","","|","tobbid","D","65","$10,000,000","","FC Porto","Player","Cleared","","","",""
"","","","","","|","toneIli","D","65","$10,000,000","","Free Agent","Player","Cleared","","","",""
"","","","","","|","Toxtricity45","D","65","$10,000,000","","AS Roma","Player","Cleared","","","",""
"","","","","","|","trickvyy","D","65","$10,000,000","","Aston Villa","Player","Cleared","","","",""
"","","","","","|","trovao16","D","65","$10,000,000","","Free Agent","Player","Cleared","","","",""
"","","","","","|","trtremir0077","D","65","$10,000,000","","Free Agent","Player","Cleared","","","",""
"","","","","","|","TsekInPuo","D","65","$10,000,000","","RC Strasbourg Alsace","Player","Cleared","","","",""
"","","","","","|","tumanze","D","65","$10,000,000","","Valencia C.F","Assistant","Cleared","","","",""
"","","","","","|","Tushonslayer","D","65","$10,000,000","","Free Agent","Player","Cleared","","","",""
"","","","","","|","uazeed","D","65","$10,000,000","","Free Agent","Player","Cleared","","","",""
"","","","","","|","Uged","D","65","$10,000,000","","Free Agent","Player","Cleared","","","",""
"","","","","","|","vauthum","D","65","$10,000,000","","Free Agent","Player","Cleared","","","",""
"","","","","","|","veeznoo","D","65","$10,000,000","","FC Porto","Player","Cleared","","","",""
"","","","","","|","veitharoo","D","65","$10,000,000","","Free Agent","Player","Cleared","","","",""
"","","","","","|","VeloxEdge","D","65","$10,000,000","","Free Agent","Player","Cleared","","","",""
"","","","","","|","virazei","D","65","$10,000,000","","Free Agent","Player","Cleared","","","",""
"","","","","","|","vRonaIdo","D","65","$10,000,000","","Olympique Lyonnais","Player","Cleared","","","",""
"","","","","","|","William1pa0","D","65","$10,000,000","","Sporting Lisbon","Player","Cleared","","","",""
"","","","","","|","wlNams","D","65","$10,000,000","","Bayer 04 Leverkusen","Player","Cleared","","","",""
"","","","","","|","worrde","D","65","$10,000,000","","Bologna FC 1909","Player","Cleared","","","",""
"","","","","","|","xantasies","D","65","$10,000,000","","Vitoria Guimaraes","Player","Cleared","","","",""
"","","","","","|","xenophoenix11","D","65","$10,000,000","","Free Agent","Player","Cleared","","","",""
"","","","","","|","XenoSuperEscalibur","D","65","$10,000,000","","Free Agent","Player","Cleared","","","",""
"","","","","","|","xu1zo","D","65","$10,000,000","","Free Agent","Player","Cleared","","","",""
"","","","","","|","Y2oung","D","65","$10,000,000","","Free Agent","Player","Cleared","","","",""
"","","","","","|","yehiamo","D","65","$10,000,000","","Free Agent","Player","Cleared","","","",""
"","","","","","|","Ymazing1","D","65","$10,000,000","","AS Roma","Player","Cleared","","","",""
"","","","","","|","Younes_MPS","D","65","$10,000,000","","Free Agent","Player","Cleared","","","",""
"","","","","","|","Yunami27X","D","65","$10,000,000","","Free Agent","Player","Cleared","","","",""
"","","","","","|","zaketti","D","65","$10,000,000","","Inter Milan","Player","Cleared","","","",""
"","","","","","|","Zarkzos","D","65","$10,000,000","","Schalke 04","Player","Cleared","","","",""
"","","","","","|","zerix_360","D","65","$10,000,000","","Free Agent","Player","Cleared","","","",""
"","","","","","|","Zl_Moren","D","65","$10,000,000","","Free Agent","Player","Cleared","","","",""
"","","","","","|","","D","65","$10,000,000","","Free Agent","Player","Cleared","","","",""
"","","","","","|","","D","65","$10,000,000","","Free Agent","Player","Cleared","","","",""
"","","","","","|","","D","65","$10,000,000","","Free Agent","Player","Cleared","","","",""
"","","","","","|","","D","65","$10,000,000","","Free Agent","Player","Cleared","","","",""
"","","","","","|","","D","65","$10,000,000","","Free Agent","Player","Cleared","","","",""
"","","","","","|","","D","65","$10,000,000","","Free Agent","Player","Cleared","","","",""
"","","","","","|","","D","65","$10,000,000","","Free Agent","Player","Cleared","","","",""
"","","","","","|","","D","65","$10,000,000","","Free Agent","Player","Cleared","","","",""