"","","","","RESA SEASON 21 PLAYERSHEET ","","Username  ","Rank ","Rating ","Value ","Team ","","Role ","Status ","","","","",""
"","","","","","|","Maluzur","X","93","$117,500,000","","Tottenham Hotspur","Assistant","Cleared","","","","",""
"","","X","8","","|","17shka","X","93","$117,500,000","","Manchester City","Player","Cleared","","Icon Signification","","",""
"","","A","13","","|","Dhpreme","X","92","$115,000,000","","Free Agent","Player","Cleared","","","Manager","",""
"","","B","45","","|","MakeIeIe","X","91","$112,500,000","","Free Agent","Player","Cleared","","","","",""
"","","C","138","","|","Izuukinata","X","90","$110,000,000","","Real Madrid C.F","Player","Cleared","","","Assistant","",""
"","","D","857","","|","n5ves","X","90","$110,000,000","","Free Agent","Player","Cleared","","","","",""
"","","","","","|","ninjisso","X","90","$110,000,000","","Inter Milan","Assistant","Cleared","","","Player","",""
"","","","","","|","vaqakawa","X","90","$110,000,000","","Chelsea F.C","Player","Cleared","","","","",""
"","","","","","|","4rkkz","A","89","$90,000,000","","Wolves","Player","Cleared","","","Cleared","",""
"","","","","","|","dannyvoetballer","A","89","$90,000,000","","Free Agent","Player","Cleared","","","","",""
"","","T1","","T2","|","Franksank2222","A","89","$90,000,000","","Manchester United","Player","Cleared","","","RC League","",""
"","X","1","0","X","|","gingikel","A","89","$90,000,000","","Real Betis","Player","Cleared","","","","",""
"","A","1","2","X","|","serrajordi22","A","89","$90,000,000","","Chelsea F.C","Assistant","Cleared","","","RC UEFA","",""
"","B","INF","","X","|","nepzos","A","88","$85,000,000","","Inter Milan","Player","Cleared","","","","",""
"","C","INF","","3","|","phen5m","A","88","$85,000,000","","Free Agent","Player","Cleared","","","RC Cup","",""
"","D","INF","","INF","|","R1AL2TY","A","88","$85,000,000","","Manchester United","Manager","Cleared","","","","",""
"","Value Budget","410M","","225M","|","Painshinratensei","A","88","$85,000,000","","Tottenham Hotspur","Player","Cleared","","","Suspended","",""
"","","","","","|","Iisandroo","A","88","$85,000,000","","AC Milan","Assistant","Cleared","","","","",""
"","","","","","|","pipojoelcrack","A","87","$82,500,000","","AS Monaco","Player","Cleared","","","Loan Out","",""
"","","","","","|","xfibion","A","87","$82,500,000","","Marseille","Assistant","Cleared","","","","",""
"","","","","","|","RobertLewandowski38","A","87","$82,500,000","","Juventus F.C","Assistant","Cleared","","","","",""
"","","","","","|","h2handa","B","86","$62,500,000","","Real Betis","Player","Cleared","","","","",""
"","","","","","|","h2hvenom","B","86","$62,500,000","","Marseille","Player","Cleared","","","","",""
"","","","","","|","Idk_Scout","B","86","$62,500,000","","Liverpool F.C","Player","Cleared","","","","",""
"","","","","","|","irineudosparanaue","B","86","$62,500,000","","Bayern Munich","Player","Cleared","","","","",""
"","","","","","|","Jack924833","B","86","$62,500,000","","Tottenham Hotspur","Player","Cleared","","","","",""
"","","","","","|","luukzzy","B","86","$62,500,000","","Juventus F.C","Player","Cleared","","","","",""
"","","","","","|","moshu_q","B","86","$62,500,000","","Manchester City","Player","Cleared","","","","",""
"","","","","","|","ocelowski","B","86","$62,500,000","","Chelsea F.C","Player","Cleared","","","","",""
"","","","","","|","retenzu","B","86","$62,500,000","","Real Madrid C.F","Player","Cleared","","","","",""
"","","","","","|","eIargentinoo","B","85","$60,000,000","","Manchester City","Assistant","Cleared","","","","",""
"","","","","","|","eIpersaa","B","85","$60,000,000","","Manchester City","Manager","Cleared","","","","",""
"","","","","","|","fazaldo","B","85","$60,000,000","","AC Milan","Manager","Cleared","","","","",""
"","","","","","|","havaIiyim","B","85","$60,000,000","","Bayern Munich","Assistant","Cleared","","","","",""
"","","","","","|","Iawestt22","B","85","$60,000,000","","AC Milan","Assistant","Cleared","","","","",""
"","","","","","|","Jekowski","B","85","$60,000,000","","Free Agent","Player","Cleared","","","","",""
"","","","","","|","ramonterrier","B","85","$60,000,000","","Real Madrid C.F","Assistant","Cleared","","","","",""
"","","","","","|","Smokey3121","B","85","$60,000,000","","Real Madrid C.F","Player","Cleared","","","","",""
"","","","","","|","smottii","B","85","$60,000,000","","Inter Milan","Player","Cleared","","","","",""
"","","","","","|","Tonhowo","B","85","$60,000,000","","F.C Barcelona","Manager","Cleared","","","","",""
"","","","","","|","WD_KMx","B","85","$60,000,000","","Real Betis","Player","Cleared","","","","",""
"","","","","","|","aresefgod","B","84","$57,500,000","","Liverpool F.C","Player","Cleared","","","","",""
"","","","","","|","FeltzGodXI","B","84","$57,500,000","","Wolves","Player","Cleared","","","","",""
"","","","","","|","Iuczz","B","84","$57,500,000","","Manchester United","Player","Cleared","","","","",""
"","","","","","|","rauIasencioo","B","84","$57,500,000","","Liverpool F.C","Manager","Cleared","","","","",""
"","","","","","|","skaraIho","B","84","$57,500,000","","Juventus F.C","Assistant","Cleared","","","","",""
"","","","","","|","SuIeex","B","84","$57,500,000","","Tottenham Hotspur","Player","Cleared","","","","",""
"","","","","","|","toddzzj","B","84","$57,500,000","","F.C Barcelona","Player","Cleared","","","","",""
"","","","","","|","Zinrall","B","84","$57,500,000","","AC Milan","Player","Cleared","","","","",""
"","","","","","|","22smok","B","83","$55,000,000","","Free Agent","Player","Cleared","","","","",""
"","","","","","|","clumsythings","B","83","$55,000,000","","Free Agent","Player","Cleared","","","","",""
"","","","","","|","coolestwilliam","B","83","$55,000,000","","Juventus F.C","Player","Cleared","","","","",""
"","","","","","|","9DybaIa","B","83","$55,000,000","","AS Monaco","Assistant","Cleared","","","","",""
"","","","","","|","GigoIsLigo","B","83","$55,000,000","","Juventus F.C","Player","Cleared","","","","",""
"","","","","","|","luisssssssssssssss_s","B","83","$55,000,000","","Free Agent","Player","SSN Ban","","","","",""
"","","","","","|","Mood_Ramos","B","83","$55,000,000","","Marseille","Player","Cleared","","","","",""
"","","","","","|","MRDamDan","B","83","$55,000,000","","Chelsea F.C","Player","Cleared","","","","",""
"","","","","","|","naim_76","B","83","$55,000,000","","AC Milan","Player","Cleared","","","","",""
"","","","","","|","paletext","B","83","$55,000,000","","Wolves","Assistant","Cleared","","","","",""
"","","","","","|","parlayhunter","B","83","$55,000,000","","Bayern Munich","Player","Cleared","","","","",""
"","","","","","|","Pionieers","B","83","$55,000,000","","Marseille","Manager","Cleared","","","","",""
"","","","","","|","pooooooooooooer","B","83","$55,000,000","","F.C Barcelona","Player","Cleared","","","","",""
"","","","","","|","sir_aimbot012","B","83","$55,000,000","","F.C Barcelona","Player","Cleared","","","","",""
"","","","","","|","thenotoriouscolo","B","83","$55,000,000","","Inter Milan","Player","Cleared","","","","",""
"","","","","","|","Thunde7r","B","83","$55,000,000","","Manchester United","Player","Cleared","","","","",""
"","","","","","|","vtknbale","B","83","$55,000,000","","Bayern Munich","Assistant","Cleared","","","","",""
"","","","","","|","HjaItee","C","82","$30,000,000","","Marseille","Player","Cleared","","","","",""
"","","","","","|","Carlorzei","C","82","$30,000,000","","Dinamo Zagreb","Player","Cleared","","","","",""
"","","","","","|","finjoshi","C","82","$30,000,000","","Celtic F.C","Player","Cleared","","","","",""
"","","","","","|","kentroya","C","82","$30,000,000","","Real Madrid C.F","Manager","Cleared","","","","",""
"","","","","","|","luviesta","C","82","$30,000,000","","Marseille","Assistant","Cleared","","","","",""
"","","","","","|","Wintre7a","C","82","$30,000,000","","PSV Eindhoven","Player","Reserve","","","","",""
"","","","","","|","44bobz","C","82","$30,000,000","","Free Agent","Player","RESA Ban","","","","",""
"","","","","","|","hjl","C","82","$30,000,000","","Real Betis","Assistant","Cleared","","","","",""
"","","","","","|","KittyLover29294","C","82","$30,000,000","","Club Brugge","Player","Cleared","","","","",""
"","","","","","|","NeoxRodriguez","C","82","$30,000,000","","Free Agent","Player","Cleared","","","","",""
"","","","","","|","tommy33gun","C","82","$30,000,000","","Juventus F.C","Player","Cleared","","","","",""
"","","","","","|","thrynl","C","82","$30,000,000","","AC Milan","Player","Cleared","","","","",""
"","","","","","|","Nazotiy","C","82","$30,000,000","","Manchester City","Assistant","Cleared","","","","",""
"","","","","","|","reiulent","C","82","$30,000,000","","Pafos FC","Player","Cleared","","","","",""
"","","","","","|","yuriocean","C","82","$30,000,000","","Wolves","Player","Cleared","","","","",""
"","","","","","|","z1noszn","C","82","$30,000,000","","PSV Eindhoven","Player","Cleared","","","","",""
"","","","","","|","CrisstobaI","C","81","$30,000,000","","AS Monaco","Player","Cleared","","","","",""
"","","","","","|","KosoovoIsSerbia","C","81","$30,000,000","","Marseille","Player","Cleared","","","","",""
"","","","","","|","OBEY0URMASTER","C","81","$30,000,000","","F.C Barcelona","Player","Cleared","","","","",""
"","","","","","|","BoldProdigy","C","81","$30,000,000","","Celtic F.C","Player","Cleared","","","","",""
"","","","","","|","frieztaa","C","81","$30,000,000","","Bayern Munich","Manager","Cleared","","","","",""
"","","","","","|","brickedthisdefense","C","81","$30,000,000","","Liverpool F.C","Player","Reserve","","","","",""
"","","","","","|","spook3d","C","81","$30,000,000","","Wolves","Player","Cleared","","","","",""
"","","","","","|","Lazare67","C","81","$30,000,000","","Manchester United","Assistant","Cleared","","","","",""
"","","","","","|","COOKEDBYDANNY","C","80","$27,500,000","","Sporting CP","Loan Out","Cleared","","","","",""
"","","","","","|","dakibo","C","80","$27,500,000","","Hajduk Split","Player","Cleared","","","","",""
"","","","","","|","Malik_Dan","C","80","$27,500,000","","Marseille","Player","Cleared","","","","",""
"","","","","","|","Justii_n","C","80","$27,500,000","","Inter Milan","Manager","Cleared","","","","",""
"","","","","","|","t_osen","C","80","$27,500,000","","Paris FC","Assistant","Cleared","","","","",""
"","","","","","|","tafeljas","C","80","$27,500,000","","Liverpool F.C","Player","Cleared","","","","",""
"","","","","","|","UberLeo","C","80","$27,500,000","","Free Agent","Player","Cleared","","","","",""
"","","","","","|","xaampleboi","C","80","$27,500,000","","Empoli","Player","Cleared","","","","",""
"","","","","","|","wolokru","C","80","$27,500,000","","Free Agent","Player","Cleared","","","","",""
"","","","","","|","BroughtNightfall","C","80","$27,500,000","","Wolves","Player","Cleared","","","","",""
"","","","","","|","jesuscrack50","C","80","$27,500,000","","Liverpool F.C","Player","Cleared","","","","",""
"","","","","","|","zeitano","C","80","$27,500,000","","Bayern Munich","Player","Cleared","","","","",""
"","","","","","|","ElChinoShob","C","80","$27,500,000","","Borussia Dortmund","Player","Cleared","","","","",""
"","","","","","|","LimiDantoneIIi","C","80","$27,500,000","","Celtic F.C","Manager","Cleared","","","","",""
"","","","","","|","migueatp","C","80","$27,500,000","","Liverpool F.C","Player","Cleared","","","","",""
"","","","","","|","Rippxh","C","80","$27,500,000","","Paris FC","Manager","Cleared","","","","",""
"","","","","","|","h2hlawaliet","C","80","$27,500,000","","F.C Barcelona","Player","Cleared","","","","",""
"","","","","","|","h2hbuu","C","80","$27,500,000","","Manchester City","Player","Cleared","","","","",""
"","","","","","|","moonatuidi","C","80","$27,500,000","","Chelsea F.C","Player","Cleared","","","","",""
"","","","","","|","Jeremy_Zoku","C","80","$27,500,000","","BSC Young Boys","Assistant","Cleared","","","","",""
"","","","","","|","talk2themoney","C","80","$27,500,000","","Free Agent","Player","RESA Ban","","","","",""
"","","","","","|","retinzu","C","80","$27,500,000","","Liverpool F.C","Assistant","Cleared","","","","",""
"","","","","","|","kazooadam","C","80","$27,500,000","","AFC Ajax","Player","Cleared","","","","",""
"","","","","","|","95mobbledd","C","80","$27,500,000","","Empoli","Player","Cleared","","","","",""
"","","","","","|","47Weirdo","C","79","$27,500,000","","Empoli","Player","Cleared","","","","",""
"","","","","","|","xtraXII","C","79","$27,500,000","","Free Agent","Player","Cleared","","","","",""
"","","","","","|","CriticalClip","C","79","$27,500,000","","NAC Breda","Assistant","Cleared","","","","",""
"","","","","","|","nvneszn","C","79","$27,500,000","","Real Betis","Manager","Cleared","","","","",""
"","","","","","|","eviluded","C","79","$27,500,000","","Real Betis","Player","Cleared","","","","",""
"","","","","","|","FIazingArrow","C","79","$27,500,000","","Free Agent","Player","SSN Ban","","","","",""
"","","","","","|","nikdinii","C","79","$27,500,000","","Borussia Dortmund","Player","Cleared","","","","",""
"","","","","","|","Uziuqq","C","79","$27,500,000","","Borussia Dortmund","Assistant","Reserve","","","","",""
"","","","","","|","JoeIinton","C","79","$27,500,000","","Hamrun Spartans","Player","Cleared","","","","",""
"","","","","","|","niovc","C","79","$27,500,000","","Borussia Dortmund","Player","Cleared","","","","",""
"","","","","","|","dsacszpro","C","79","$27,500,000","","Bayern Munich","Player","Cleared","","","","",""
"","","","","","|","Syqxnzl","C","79","$27,500,000","","Real Madrid C.F","Player","Cleared","","","","",""
"","","","","","|","evil33pro","C","78","$25,000,000","","Free Agent","Player","Cleared","","","","",""
"","","","","","|","Badsiq","C","78","$25,000,000","","Free Agent","Player","Cleared","","","","",""
"","","","","","|","IILowkeyXI","C","78","$25,000,000","","Free Agent","Player","Cleared","","","","",""
"","","","","","|","MARTlNELLI","C","78","$25,000,000","","Wolves","Manager","Cleared","","","","",""
"","","","","","|","Merknazer","C","78","$25,000,000","","Liverpool F.C","Player","Cleared","","","","",""
"","","","","","|","ryanchiatto","C","78","$25,000,000","","Borussia Dortmund","Player","Cleared","","","","",""
"","","","","","|","axguerd","C","78","$25,000,000","","Marseille","Player","Cleared","","","","",""
"","","","","","|","emrdoku","C","78","$25,000,000","","Free Agent","Player","Cleared","","","","",""
"","","","","","|","IIJake_XI","C","78","$25,000,000","","Free Agent","Player","Cleared","","","","",""
"","","","","","|","mathztical","C","78","$25,000,000","","Borussia Dortmund","Manager","Cleared","","","","",""
"","","","","","|","Ohinkzs","C","78","$25,000,000","","Tottenham Hotspur","Assistant","Cleared","","","","",""
"","","","","","|","fuujisako","C","78","$25,000,000","","Borussia Dortmund","Player","Cleared","","","","",""
"","","","","","|","luisblox040909","C","78","$25,000,000","","AS Monaco","Player","Cleared","","","","",""
"","","","","","|","raahzaa","C","78","$25,000,000","","Real Betis","Assistant","Cleared","","","","",""
"","","","","","|","xFixLeox","C","78","$25,000,000","","Jagiellonia","Player","Cleared","","","","",""
"","","","","","|","imnotarealBR","C","78","$25,000,000","","Chelsea F.C","Assistant","Cleared","","","","",""
"","","","","","|","jakenaIdo","C","78","$25,000,000","","PSV Eindhoven","Player","Cleared","","","","",""
"","","","","","|","filipcc12","C","78","$25,000,000","","AC Milan","Player","Cleared","","","","",""
"","","","","","|","Boo4935","C","77","$25,000,000","","Bayern Munich","Player","Cleared","","","","",""
"","","","","","|","cunaamiflow","C","77","$25,000,000","","RB Salzburg","Player","Cleared","","","","",""
"","","","","","|","believant","C","77","$25,000,000","","Free Agent","Player","SSN Ban","","","","",""
"","","","","","|","Emirtroyaa","C","77","$25,000,000","","Free Agent","Player","Cleared","","","","",""
"","","","","","|","dabillingham","C","77","$25,000,000","","Dinamo Zagreb","Loan Out","Cleared","","","","",""
"","","","","","|","jakub8278","C","77","$25,000,000","","Free Agent","Player","Cleared","","","","",""
"","","","","","|","CreitimDo_Grau123","C","77","$25,000,000","","Free Agent","Player","Cleared","","","","",""
"","","","","","|","s2Iah","C","77","$25,000,000","","Real Madrid C.F","Player","Cleared","","","","",""
"","","","","","|","scarfaded","C","77","$25,000,000","","Free Agent","Player","SSN Ban","","","","",""
"","","","","","|","SirStellarie","C","77","$25,000,000","","Manchester United","Player","Cleared","","","","",""
"","","","","","|","zeqhyrin","C","77","$25,000,000","","Free Agent","Player","SSN Ban","","","","",""
"","","","","","|","IrnJoseph","C","77","$25,000,000","","Jagiellonia","Player","Cleared","","","","",""
"","","","","","|","5nzofernandezz","C","77","$25,000,000","","NAC Breda","Player","Cleared","","","","",""
"","","","","","|","rocha90","C","77","$25,000,000","","Club Brugge","Player","Cleared","","","","",""
"","","","","","|","J4kovic","C","77","$25,000,000","","Juventus F.C","Player","Cleared","","","","",""
"","","","","","|","vadimkapolyakov","C","77","$25,000,000","","Free Agent","Player","Cleared","","","","",""
"","","","","","|","Carlosgarvar","C","76","$22,500,000","","Pafos FC","Player","Cleared","","","","",""
"","","","","","|","Cycle_Youtub","C","76","$22,500,000","","F.C Barcelona","Player","Cleared","","","","",""
"","","","","","|","backyardmillie","C","76","$22,500,000","","Hajduk Split","Player","Cleared","","","","",""
"","","","","","|","isaque123456677","C","76","$22,500,000","","RB Salzburg","Manager","Cleared","","","","",""
"","","","","","|","Splashx321","C","76","$22,500,000","","Free Agent","Player","Cleared","","","","",""
"","","","","","|","svenzio","C","76","$22,500,000","","Paris FC","Player","Cleared","","","","",""
"","","","","","|","IOnlySuat","C","76","$22,500,000","","Fenerbahçe","Player","Cleared","","","","",""
"","","","","","|","p9eng","C","76","$22,500,000","","Bayern Munich","Player","Cleared","","","","",""
"","","","","","|","Santiago813","C","76","$22,500,000","","Free Agent","Player","Cleared","","","","",""
"","","","","","|","Stephano_093","C","76","$22,500,000","","Free Agent","Player","Cleared","","","","",""
"","","","","","|","alyvz7","C","76","$22,500,000","","Inter Milan","Player","Cleared","","","","",""
"","","","","","|","asiturkic","C","76","$22,500,000","","BSC Young Boys","Player","Cleared","","","","",""
"","","","","","|","lxgendv","C","76","$22,500,000","","Free Agent","Player","Cleared","","","","",""
"","","","","","|","MilanceMile12","C","76","$22,500,000","","Free Agent","Player","Cleared","","","","",""
"","","","","","|","mokilkopop","C","76","$22,500,000","","Free Agent","Player","Cleared","","","","",""
"","","","","","|","emceblantakrece","C","76","$22,500,000","","BSC Young Boys","Assistant","Cleared","","","","",""
"","","","","","|","ilIshootyou","C","76","$22,500,000","","Bayer Leverkusen","Manager","Cleared","","","","",""
"","","","","","|","bxskyy","C","76","$22,500,000","","Tottenham Hotspur","Player","Cleared","","","","",""
"","","","","","|","uncbenny","C","75","$22,500,000","","Club Brugge","Player","Cleared","","","","",""
"","","","","","|","BulutKrh52","C","75","$22,500,000","","Free Agent","Player","Cleared","","","","",""
"","","","","","|","JoaKoR15","C","75","$22,500,000","","Wolves","Player","Cleared","","","","",""
"","","","","","|","LucasBergvaII","C","75","$22,500,000","","AFC Ajax","Assistant","Cleared","","","","",""
"","","","","","|","Memorientes","C","75","$22,500,000","","Fenerbahçe","Manager","Cleared","","","","",""
"","","","","","|","marleeandflemington","C","75","$22,500,000","","Pafos FC","Assistant","Cleared","","","","",""
"","","","","","|","mete8341","C","75","$22,500,000","","Free Agent","Player","Cleared","","","","",""
"","","","","","|","Barellinho","C","75","$22,500,000","","Hajduk Split","Player","Cleared","","","","",""
"","","","","","|","jetixpro","C","75","$22,500,000","","Bayern Munich","Player","Cleared","","","","",""
"","","","","","|","kxzico","C","75","$22,500,000","","Free Agent","Player","Cleared","","","","",""
"","","","","","|","puyafon","C","75","$22,500,000","","Free Agent","Player","Cleared","","","","",""
"","","","","","|","cynosn","C","75","$22,500,000","","Free Agent","Player","Cleared","","","","",""
"","","","","","|","gothlucent","C","75","$22,500,000","","Free Agent","Player","Cleared","","","","",""
"","","","","","|","henkaraIhoo","C","75","$22,500,000","","Free Agent","Player","Cleared","","","","",""
"","","","","","|","POLSKAFUTBOL","C","75","$22,500,000","","Bayern Munich","Player","Cleared","","","","",""
"","","","","","|","yuria1bertoo","C","75","$22,500,000","","AFC Ajax","Player","Cleared","","","","",""
"","","","","","|","toni52hoho","C","75","$22,500,000","","Borussia Dortmund","Player","Cleared","","","","",""
"","","","","","|","IDavidLIII","C","75","$22,500,000","","F.C Barcelona","Player","Cleared","","","","",""
"","","","","","|","KosovoolsAlbania","C","75","$22,500,000","","Wolves","Player","Cleared","","","","",""
"","","","","","|","berbatoov","C","75","$22,500,000","","Fenerbahçe","Assistant","Cleared","","","","",""
"","","","","","|","Helziy","C","75","$22,500,000","","Manchester United","Player","Cleared","","","","",""
"","","","","","|","hellbIaza","C","75","$22,500,000","","Bayer Leverkusen","Assistant","Cleared","","","","",""
"","","","","","|","DragonTwisterSword","C","75","$22,500,000","","Dinamo Zagreb","Player","Cleared","","","","",""
"","","","","","|","Kapsar01","C","75","$22,500,000","","Free Agent","Player","Cleared","","","","",""
"","","","","","|","LuigiDosGameCraft","C","75","$22,500,000","","Free Agent","Player","Cleared","","","","",""
"","","","","","|","feukmizi","C","75","$22,500,000","","Manchester City","Player","Cleared","","","","",""
"","","","","","|","stefiscoco","D","74","$12,500,000","","Borussia Dortmund","Player","Cleared","","","","",""
"","","","","","|","essskettiitt","D","74","$12,500,000","","Free Agent","Player","Cleared","","","","",""
"","","","","","|","seriaImogger","D","74","$12,500,000","","Free Agent","Player","Cleared","","","","",""
"","","","","","|","Cerueno","D","74","$12,500,000","","AS Monaco","Player","Cleared","","","","",""
"","","","","","|","bolinho123456677","D","74","$12,500,000","","RB Salzburg","Assistant","Cleared","","","","",""
"","","","","","|","ElMorfadorDeChoripan","D","74","$12,500,000","","Liverpool F.C","Player","Cleared","","","","",""
"","","","","","|","rosalocalover","D","74","$12,500,000","","Free Agent","Player","Cleared","","","","",""
"","","","","","|","Lasseboss","D","74","$12,500,000","","NAC Breda","Manager","Cleared","","","","",""
"","","","","","|","hutyrr","D","74","$12,500,000","","Free Agent","Player","Cleared","","","","",""
"","","","","","|","Tupapachiro","D","74","$12,500,000","","Real Madrid C.F","Player","Cleared","","","","",""
"","","","","","|","zynevii","D","74","$12,500,000","","AC Milan","Player","Cleared","","","","",""
"","","","","","|","ezequiemanu","D","74","$12,500,000","","Free Agent","Player","Cleared","","","","",""
"","","","","","|","origamiempresss","D","74","$12,500,000","","Empoli","Loan Out","Cleared","","","","",""
"","","","","","|","PercyTheFizzyPiggy","D","74","$12,500,000","","Inter Milan","Player","Cleared","","","","",""
"","","","","","|","21_Weverton","D","74","$12,500,000","","F.C Barcelona","Player","Cleared","","","","",""
"","","","","","|","bauti38err","D","74","$12,500,000","","Empoli","Player","Cleared","","","","",""
"","","","","","|","H_aschwalth","D","74","$12,500,000","","Free Agent","Player","Cleared","","","","",""
"","","","","","|","Gameomg_RBLX","D","74","$12,500,000","","Inter Milan","Player","Cleared","","","","",""
"","","","","","|","Xetakken","D","74","$12,500,000","","Empoli","Player","Cleared","","","","",""
"","","","","","|","iconion","D","74","$12,500,000","","PSV Eindhoven","Player","Cleared","","","","",""
"","","","","","|","IISarimXI","D","74","$12,500,000","","Free Agent","Player","Cleared","","","","",""
"","","","","","|","NikeBRvip10","D","74","$12,500,000","","Club Brugge","Assistant","Cleared","","","","",""
"","","","","","|","CanceIooo","D","74","$12,500,000","","Borussia Dortmund","Player","Cleared","","","","",""
"","","","","","|","Humberto_4268","D","74","$12,500,000","","Free Agent","Player","Cleared","","","","",""
"","","","","","|","ItsVillaneuvaC","D","74","$12,500,000","","Free Agent","Player","Cleared","","","","",""
"","","","","","|","nsuo456","D","74","$12,500,000","","AS Monaco","Player","Cleared","","","","",""
"","","","","","|","WebHac","D","74","$12,500,000","","Pafos FC","Player","Cleared","","","","",""
"","","","","","|","spider_jr23","D","74","$12,500,000","","Liverpool F.C","Assistant","Cleared","","","","",""
"","","","","","|","jeffe9931","D","74","$12,500,000","","Marseille","Player","Cleared","","","","",""
"","","","","","|","Klouvzyy","D","74","$12,500,000","","Free Agent","Player","Cleared","","","","",""
"","","","","","|","RayenITAMaster","D","74","$12,500,000","","NAC Breda","Player","Cleared","","","","",""
"","","","","","|","Uzilus","D","74","$12,500,000","","AS Monaco","Player","Cleared","","","","",""
"","","","","","|","zSameki","D","74","$12,500,000","","Free Agent","Player","Cleared","","","","",""
"","","","","","|","Clinicality","D","74","$12,500,000","","Free Agent","Player","Cleared","","","","",""
"","","","","","|","GokuSSGSS323","D","74","$12,500,000","","Empoli","Player","Cleared","","","","",""
"","","","","","|","maImerrr","D","74","$12,500,000","","Free Agent","Player","Cleared","","","","",""
"","","","","","|","UchihaGen4ik","D","74","$12,500,000","","Liverpool F.C","Player","Cleared","","","","",""
"","","","","","|","flaandre_scarlet","D","74","$12,500,000","","PSV Eindhoven","Player","Cleared","","","","",""
"","","","","","|","machivelliant","D","74","$12,500,000","","Bayer Leverkusen","Player","Cleared","","","","",""
"","","","","","|","LHS_Acenko","D","73","$12,500,000","","Free Agent","Player","Cleared","","","","",""
"","","","","","|","danie1879","D","73","$12,500,000","","F.C Barcelona","Player","Cleared","","","","",""
"","","","","","|","MartinaIkishima","D","73","$12,500,000","","PSV Eindhoven","Manager","Cleared","","","","",""
"","","","","","|","MPS_Pod","D","73","$12,500,000","","Free Agent","Player","Cleared","","","","",""
"","","","","","|","Artishpro31","D","73","$12,500,000","","Free Agent","Player","Cleared","","","","",""
"","","","","","|","lGotNoWifi","D","73","$12,500,000","","Juventus F.C","Player","Cleared","","","","",""
"","","","","","|","Neodraven","D","73","$12,500,000","","Free Agent","Player","Cleared","","","","",""
"","","","","","|","youssavanier","D","73","$12,500,000","","Inter Milan","Player","Cleared","","","","",""
"","","","","","|","eIizku","D","73","$12,500,000","","Free Agent","Player","RESA Ban","","","","",""
"","","","","","|","salshorty507","D","73","$12,500,000","","Hajduk Split","Player","Cleared","","","","",""
"","","","","","|","BanMeLmao","D","73","$12,500,000","","Club Brugge","Player","Cleared","","","","",""
"","","","","","|","kyubbz","D","73","$12,500,000","","AC Milan","Player","Cleared","","","","",""
"","","","","","|","LucianElCorte","D","73","$12,500,000","","Real Madrid C.F","Player","Cleared","","","","",""
"","","","","","|","jossuethebest12","D","73","$12,500,000","","NAC Breda","Player","Cleared","","","","",""
"","","","","","|","BIoxinhooo","D","73","$12,500,000","","Real Betis","Player","Cleared","","","","",""
"","","","","","|","lau5da","D","73","$12,500,000","","Marseille","Player","Cleared","","","","",""
"","","","","","|","ZodiacMat","D","73","$12,500,000","","Juventus F.C","Player","Cleared","","","","",""
"","","","","","|","baconltoo","D","73","$12,500,000","","Sporting CP","Player","Cleared","","","","",""
"","","","","","|","0_7Crazy","D","73","$12,500,000","","Sporting CP","Player","Cleared","","","","",""
"","","","","","|","gussjrr","D","73","$12,500,000","","BSC Young Boys","Player","Cleared","","","","",""
"","","","","","|","CaioDoRoblox","D","72","$12,500,000","","RB Salzburg","Player","Cleared","","","","",""
"","","","","","|","Igor_Akinfeev35","D","72","$12,500,000","","Jagiellonia","Assistant","Cleared","","","","",""
"","","","","","|","BieI_1O","D","72","$12,500,000","","RB Salzburg","Assistant","Cleared","","","","",""
"","","","","","|","lolololol1264","D","72","$12,500,000","","F.C Barcelona","Player","Cleared","","","","",""
"","","","","","|","Dogesinhoo","D","72","$12,500,000","","BSC Young Boys","Player","Cleared","","","","",""
"","","","","","|","8gakpo","D","72","$12,500,000","","RB Leipzig","Player","Cleared","","","","",""
"","","","","","|","ahmedmomoa","D","72","$12,500,000","","Free Agent","Player","Cleared","","","","",""
"","","","","","|","maraztyy","D","72","$12,500,000","","BSC Young Boys","Manager","Cleared","","","","",""
"","","","","","|","rebelvax","D","72","$12,500,000","","Hajduk Split","Manager","Cleared","","","","",""
"","","","","","|","shaneitoo","D","72","$12,500,000","","Free Agent","Player","Cleared","","","","",""
"","","","","","|","vKxka_XI","D","72","$12,500,000","","Free Agent","Player","Cleared","","","","",""
"","","","","","|","whitetiger1912","D","72","$12,500,000","","Celtic F.C","Player","Cleared","","","","",""
"","","","","","|","AitNourii","D","72","$12,500,000","","Paris FC","Player","Cleared","","","","",""
"","","","","","|","arbeIoa","D","72","$12,500,000","","Free Agent","Player","Cleared","","","","",""
"","","","","","|","casillasproinres","D","72","$12,500,000","","Celtic F.C","Player","Cleared","","","","",""
"","","","","","|","gabipagabo3000","D","72","$12,500,000","","AS Monaco","Assistant","Cleared","","","","",""
"","","","","","|","personaje23236","D","72","$12,500,000","","Dinamo Zagreb","Player","Cleared","","","","",""
"","","","","","|","RamiroTHEp2","D","72","$12,500,000","","Free Agent","Player","Cleared","","","","",""
"","","","","","|","aknicc","D","72","$12,500,000","","Celtic F.C","Assistant","Cleared","","","","",""
"","","","","","|","Danilawolk0867","D","72","$12,500,000","","Manchester United","Player","Cleared","","","","",""
"","","","","","|","adruzo","D","72","$12,500,000","","Inter Milan","Player","Cleared","","","","",""
"","","","","","|","C3sual","D","72","$12,500,000","","Manchester United","Player","Cleared","","","","",""
"","","","","","|","Mavivonoeu","D","72","$12,500,000","","Club Brugge","Player","Cleared","","","","",""
"","","","","","|","ronaIddoo","D","72","$12,500,000","","Paris FC","Player","Cleared","","","","",""
"","","","","","|","WindyBye","D","72","$12,500,000","","RB Leipzig","Player","Cleared","","","","",""
"","","","","","|","v9nea","D","72","$12,500,000","","Fenerbahçe","Player","Cleared","","","","",""
"","","","","","|","7rrakk","D","71","$12,500,000","","Dinamo Zagreb","Player","Cleared","","","","",""
"","","","","","|","dineifu123BR","D","71","$12,500,000","","Free Agent","Player","Cleared","","","","",""
"","","","","","|","kovanicic","D","71","$12,500,000","","Hajduk Split","Player","Cleared","","","","",""
"","","","","","|","disparru","D","71","$12,500,000","","Free Agent","Player","Cleared","","","","",""
"","","","","","|","Danielpro06","D","71","$12,500,000","","Free Agent","Player","Cleared","","","","",""
"","","","","","|","yakarll","D","71","$12,500,000","","Free Agent","Player","Cleared","","","","",""
"","","","","","|","Alqueqe","D","71","$12,500,000","","Free Agent","Player","Cleared","","","","",""
"","","","","","|","badiyaa","D","71","$12,500,000","","Free Agent","Player","Cleared","","","","",""
"","","","","","|","Destadze","D","71","$12,500,000","","Free Agent","Player","Cleared","","","","",""
"","","","","","|","fredocega","D","71","$12,500,000","","Free Agent","Player","Cleared","","","","",""
"","","","","","|","hbaybarsxdd","D","71","$12,500,000","","Free Agent","Player","Cleared","","","","",""
"","","","","","|","SamueItx","D","71","$12,500,000","","BSC Young Boys","Player","Cleared","","","","",""
"","","","","","|","SaturnX7x","D","71","$12,500,000","","Celtic F.C","Player","Cleared","","","","",""
"","","","","","|","SteadyFreddie31","D","71","$12,500,000","","Free Agent","Player","Cleared","","","","",""
"","","","","","|","whykamz","D","71","$12,500,000","","Free Agent","Player","Cleared","","","","",""
"","","","","","|","aIisxi","D","71","$12,500,000","","Pafos FC","Player","Cleared","","","","",""
"","","","","","|","ilMesxy","D","71","$12,500,000","","Free Agent","Player","Cleared","","","","",""
"","","","","","|","vemeins","D","71","$12,500,000","","Inter Milan","Player","Cleared","","","","",""
"","","","","","|","jxzy52hoho","D","71","$12,500,000","","Rangers F.C","Manager","SSN Ban","","","","",""
"","","","","","|","MO129195","D","71","$12,500,000","","PSV Eindhoven","Player","Cleared","","","","",""
"","","","","","|","moIochukx","D","71","$12,500,000","","Juventus F.C","Player","Cleared","","","","",""
"","","","","","|","TheUnknownDog1","D","71","$12,500,000","","Jagiellonia","Player","Cleared","","","","",""
"","","","","","|","vankue","D","71","$12,500,000","","Jagiellonia","Player","Cleared","","","","",""
"","","","","","|","stormseyecontractor","D","71","$12,500,000","","Union Saint-Gilloise","Assistant","Cleared","","","","",""
"","","","","","|","Lex935","D","71","$12,500,000","","Free Agent","Player","Cleared","","","","",""
"","","","","","|","weitano","D","71","$12,500,000","","Inter Milan","Assistant","Cleared","","","","",""
"","","","","","|","lsmiAli","D","71","$12,500,000","","Paris FC","Player","Cleared","","","","",""
"","","","","","|","Zoomical","D","71","$12,500,000","","Borussia Dortmund","Player","Cleared","","","","",""
"","","","","","|","invasor_voraz940","D","71","$12,500,000","","Liverpool F.C","Player","Cleared","","","","",""
"","","","","","|","krisfaveIa","D","71","$12,500,000","","Rangers F.C","Player","Cleared","","","","",""
"","","","","","|","SxIbaa","D","71","$12,500,000","","F.C Barcelona","Assistant","Cleared","","","","",""
"","","","","","|","ML_Raul","D","71","$12,500,000","","AS Monaco","Manager","Cleared","","","","",""
"","","","","","|","Cineris","D","70","$10,000,000","","Chelsea F.C","Player","Cleared","","","","",""
"","","","","","|","asd52hoho","D","70","$10,000,000","","Rangers F.C","Player","Cleared","","","","",""
"","","","","","|","ImCristianXD","D","70","$10,000,000","","Free Agent","Player","Cleared","","","","",""
"","","","","","|","MEMPHISCULT1945","D","70","$10,000,000","","Free Agent","Player","Cleared","","","","",""
"","","","","","|","MISHIPRAXDYT2","D","70","$10,000,000","","Dinamo Zagreb","Assistant","Cleared","","","","",""
"","","","","","|","XxPrince_YxX","D","70","$10,000,000","","Free Agent","Player","Cleared","","","","",""
"","","","","","|","Zynuei_x","D","70","$10,000,000","","Pafos FC","Player","Cleared","","","","",""
"","","","","","|","4donnxs","D","70","$10,000,000","","Free Agent","Player","Cleared","","","","",""
"","","","","","|","alanchetauu","D","70","$10,000,000","","Free Agent","Player","Cleared","","","","",""
"","","","","","|","caantona","D","70","$10,000,000","","Free Agent","Player","Cleared","","","","",""
"","","","","","|","DanielDeEgg","D","70","$10,000,000","","AFC Ajax","Player","Cleared","","","","",""
"","","","","","|","DJMaxwell132","D","70","$10,000,000","","NAC Breda","Player","Cleared","","","","",""
"","","","","","|","Gaxovic","D","70","$10,000,000","","Hajduk Split","Player","Cleared","","","","",""
"","","","","","|","kluzeni","D","70","$10,000,000","","Free Agent","Player","Cleared","","","","",""
"","","","","","|","Koolicxcte","D","70","$10,000,000","","Free Agent","Player","Cleared","","","","",""
"","","","","","|","STORMgiannis900","D","70","$10,000,000","","Hajduk Split","Player","Cleared","","","","",""
"","","","","","|","Tufizzs","D","70","$10,000,000","","Free Agent","Player","Cleared","","","","",""
"","","","","","|","bielsjbss","D","70","$10,000,000","","Free Agent","Player","Cleared","","","","",""
"","","","","","|","DAMULEKPL","D","70","$10,000,000","","Jagiellonia","Manager","Cleared","","","","",""
"","","","","","|","ErdoZor61","D","70","$10,000,000","","Free Agent","Player","Cleared","","","","",""
"","","","","","|","EthicasNicomachea","D","70","$10,000,000","","Free Agent","Player","Cleared","","","","",""
"","","","","","|","Fathikong1","D","70","$10,000,000","","Sporting CP","Loan Out","Cleared","","","","",""
"","","","","","|","felzzr","D","70","$10,000,000","","F.C Barcelona","Player","Cleared","","","","",""
"","","","","","|","gabiiizzy","D","70","$10,000,000","","Free Agent","Player","Cleared","","","","",""
"","","","","","|","Gentusso","D","70","$10,000,000","","Chelsea F.C","Player","Cleared","","","","",""
"","","","","","|","IIRushXI","D","70","$10,000,000","","AC Milan","Player","Cleared","","","","",""
"","","","","","|","IMuhvyz","D","70","$10,000,000","","Free Agent","Player","Cleared","","","","",""
"","","","","","|","itsslothplayz","D","70","$10,000,000","","AFC Ajax","Manager","Cleared","","","","",""
"","","","","","|","iTz_SinoO","D","70","$10,000,000","","Pafos FC","Player","Cleared","","","","",""
"","","","","","|","lolenxen","D","70","$10,000,000","","Free Agent","Player","Cleared","","","","",""
"","","","","","|","srhguirassy","D","70","$10,000,000","","Paris FC","Assistant","Cleared","","","","",""
"","","","","","|","nxchomaki","D","70","$10,000,000","","Chelsea F.C","Player","Cleared","","","","",""
"","","","","","|","SanTser780_5","D","70","$10,000,000","","Free Agent","Player","Cleared","","","","",""
"","","","","","|","Xinersw","D","70","$10,000,000","","Bayer Leverkusen","Player","Cleared","","","","",""
"","","","","","|","soIskajaer","D","70","$10,000,000","","Free Agent","Player","Cleared","","","","",""
"","","","","","|","spartsui","D","70","$10,000,000","","Free Agent","Player","Cleared","","","","",""
"","","","","","|","vanjamilinkovicsavic","D","70","$10,000,000","","Tottenham Hotspur","Player","Cleared","","","","",""
"","","","","","|","pomidorek20007","D","70","$10,000,000","","Fenerbahçe","Player","Cleared","","","","",""
"","","","","","|","Jakethepig87","D","70","$10,000,000","","Union Saint-Gilloise","Player","Cleared","","","","",""
"","","","","","|","KakaViBritannia","D","70","$10,000,000","","Free Agent","Player","Cleared","","","","",""
"","","","","","|","kmainoo","D","70","$10,000,000","","Free Agent","Player","Cleared","","","","",""
"","","","","","|","michiestaa","D","70","$10,000,000","","Union Saint-Gilloise","Player","Cleared","","","","",""
"","","","","","|","PumpedCrisXI","D","70","$10,000,000","","AC Milan","Player","Cleared","","","","",""
"","","","","","|","verlaon","D","70","$10,000,000","","NAC Breda","Player","Cleared","","","","",""
"","","","","","|","a9lire","D","70","$10,000,000","","PSV Eindhoven","Assistant","Cleared","","","","",""
"","","","","","|","YZYTommy","D","70","$10,000,000","","Free Agent","Player","Cleared","","","","",""
"","","","","","|","cxzrrs","D","70","$10,000,000","","RB Salzburg","Player","Cleared","","","","",""
"","","","","","|","kamotodog","D","70","$10,000,000","","BSC Young Boys","Player","Cleared","","","","",""
"","","","","","|","Kzidowski","D","70","$10,000,000","","Jagiellonia","Player","Cleared","","","","",""
"","","","","","|","ProCiba099_009","D","70","$10,000,000","","Hajduk Split","Assistant","Cleared","","","","",""
"","","","","","|","saudezo","D","70","$10,000,000","","Fenerbahçe","Assistant","Cleared","","","","",""
"","","","","","|","3yl9d","D","70","$10,000,000","","Club Brugge","Player","Cleared","","","","",""
"","","","","","|","dami0710","D","70","$10,000,000","","Jagiellonia","Assistant","Cleared","","","","",""
"","","","","","|","ezemateo04","D","70","$10,000,000","","Sporting CP","Manager","Cleared","","","","",""
"","","","","","|","Shyzukesa","D","70","$10,000,000","","BSC Young Boys","Player","Cleared","","","","",""
"","","","","","|","kasyomi","D","70","$10,000,000","","RB Leipzig","Player","Cleared","","","","",""
"","","","","","|","Russ_Brook0MVP","D","70","$10,000,000","","Bayer Leverkusen","Player","Cleared","","","","",""
"","","","","","|","vit1nhaa","D","70","$10,000,000","","Real Madrid C.F","Player","Cleared","","","","",""
"","","","","","|","LuckyzTroopz","D","69","$10,000,000","","Free Agent","Player","Cleared","","","","",""
"","","","","","|","punzzj","D","69","$10,000,000","","Free Agent","Player","RESA Ban","","","","",""
"","","","","","|","zyArthxr","D","69","$10,000,000","","Rangers F.C","Player","Cleared","","","","",""
"","","","","","|","ixLioMessiX","D","69","$10,000,000","","Free Agent","Player","Cleared","","","","",""
"","","","","","|","Luhzeriii","D","69","$10,000,000","","Free Agent","Player","Cleared","","","","",""
"","","","","","|","mopatika","D","69","$10,000,000","","Real Betis","Player","Cleared","","","","",""
"","","","","","|","shuubero","D","69","$10,000,000","","Free Agent","Player","Cleared","","","","",""
"","","","","","|","15Tesla1","D","69","$10,000,000","","Free Agent","Player","Cleared","","","","",""
"","","","","","|","akavaIen","D","69","$10,000,000","","Free Agent","Player","Cleared","","","","",""
"","","","","","|","alexandderr","D","69","$10,000,000","","Free Agent","Player","Cleared","","","","",""
"","","","","","|","dxniellls","D","69","$10,000,000","","Free Agent","Player","Cleared","","","","",""
"","","","","","|","enisify","D","69","$10,000,000","","Bayern Munich","Player","Cleared","","","","",""
"","","","","","|","HasHikO_PriMexS","D","69","$10,000,000","","Free Agent","Player","Cleared","","","","",""
"","","","","","|","IIAIexXI","D","69","$10,000,000","","Free Agent","Player","Cleared","","","","",""
"","","","","","|","MoonYaps","D","69","$10,000,000","","Free Agent","Player","Cleared","","","","",""
"","","","","","|","NavidParsHakhamneshi","D","69","$10,000,000","","Hamrun Spartans","Player","Cleared","","","","",""
"","","","","","|","eb3rechii","D","69","$10,000,000","","Jagiellonia","Player","Cleared","","","","",""
"","","","","","|","trincao1907","D","69","$10,000,000","","BSC Young Boys","Player","Cleared","","","","",""
"","","","","","|","uncmusti","D","69","$10,000,000","","Free Agent","Player","Cleared","","","","",""
"","","","","","|","bernardogalard0","D","69","$10,000,000","","Rangers F.C","Player","Cleared","","","","",""
"","","","","","|","BudderBomb45","D","69","$10,000,000","","Free Agent","Player","Cleared","","","","",""
"","","","","","|","LuvThatChicken","D","69","$10,000,000","","Free Agent","Player","Cleared","","","","",""
"","","","","","|","lzxthal","D","69","$10,000,000","","Chelsea F.C","Player","Cleared","","","","",""
"","","","","","|","meteturkic","D","69","$10,000,000","","Free Agent","Player","Cleared","","","","",""
"","","","","","|","MigueLoXinX","D","69","$10,000,000","","Empoli","Manager","Cleared","","","","",""
"","","","","","|","Mounstan","D","69","$10,000,000","","Free Agent","Player","Cleared","","","","",""
"","","","","","|","qeintessential","D","69","$10,000,000","","BSC Young Boys","Player","Cleared","","","","",""
"","","","","","|","superHaloxd","D","69","$10,000,000","","Free Agent","Player","Cleared","","","","",""
"","","","","","|","themightyjesse","D","69","$10,000,000","","Pafos FC","Player","Cleared","","","","",""
"","","","","","|","ValennqRodriguez","D","69","$10,000,000","","Free Agent","Player","Cleared","","","","",""
"","","","","","|","VoteDeniedX","D","69","$10,000,000","","Free Agent","Player","Cleared","","","","",""
"","","","","","|","Xsamuel_Doritos34","D","69","$10,000,000","","Free Agent","Player","Cleared","","","","",""
"","","","","","|","WillingXWING","D","69","$10,000,000","","BSC Young Boys","Player","Cleared","","","","",""
"","","","","","|","1PLlKE140","D","69","$10,000,000","","Club Brugge","Player","Cleared","","","","",""
"","","","","","|","immexican33333","D","69","$10,000,000","","Empoli","Player","Cleared","","","","",""
"","","","","","|","aconi5basket","D","69","$10,000,000","","Free Agent","Player","SSN Ban","","","","",""
"","","","","","|","44dylz","D","69","$10,000,000","","Free Agent","Player","Cleared","","","","",""
"","","","","","|","IvanLescanito","D","69","$10,000,000","","Sporting CP","Player","Cleared","","","","",""
"","","","","","|","thewoo5back","D","69","$10,000,000","","RB Leipzig","Player","Cleared","","","","",""
"","","","","","|","tobbid","D","69","$10,000,000","","Free Agent","Player","Cleared","","","","",""
"","","","","","|","Nwanerii","D","68","$10,000,000","","Free Agent","Player","Cleared","","","","",""
"","","","","","|","0kochaa","D","68","$10,000,000","","Free Agent","Player","Cleared","","","","",""
"","","","","","|","karaagelover","D","68","$10,000,000","","Paris FC","Player","Cleared","","","","",""
"","","","","","|","Bars20087","D","68","$10,000,000","","Free Agent","Player","Cleared","","","","",""
"","","","","","|","bubbli","D","68","$10,000,000","","NAC Breda","Player","Cleared","","","","",""
"","","","","","|","byokeres","D","68","$10,000,000","","Free Agent","Player","Cleared","","","","",""
"","","","","","|","cakelover58","D","68","$10,000,000","","Free Agent","Player","Cleared","","","","",""
"","","","","","|","cyanarzo","D","68","$10,000,000","","Free Agent","Player","Cleared","","","","",""
"","","","","","|","darixthebestmaster","D","68","$10,000,000","","Free Agent","Player","Cleared","","","","",""
"","","","","","|","KemaIAhmet","D","68","$10,000,000","","Free Agent","Player","Cleared","","","","",""
"","","","","","|","krupxviesa","D","68","$10,000,000","","Empoli","Assistant","Cleared","","","","",""
"","","","","","|","Pinbappe","D","68","$10,000,000","","Free Agent","Player","Cleared","","","","",""
"","","","","","|","R3scerns","D","68","$10,000,000","","Tottenham Hotspur","Player","Cleared","","","","",""
"","","","","","|","raspyextreme","D","68","$10,000,000","","Free Agent","Player","Cleared","","","","",""
"","","","","","|","sbatibo09","D","68","$10,000,000","","Free Agent","Player","Cleared","","","","",""
"","","","","","|","sirchonkus","D","68","$10,000,000","","Free Agent","Player","Cleared","","","","",""
"","","","","","|","SonVictxrr","D","68","$10,000,000","","Free Agent","Player","Cleared","","","","",""
"","","","","","|","02Addo","D","68","$10,000,000","","Free Agent","Player","Cleared","","","","",""
"","","","","","|","02dxnn","D","68","$10,000,000","","Free Agent","Player","RESA Ban","","","","",""
"","","","","","|","AdamXseven7","D","68","$10,000,000","","Free Agent","Player","Cleared","","","","",""
"","","","","","|","adaptisrogue","D","68","$10,000,000","","Free Agent","Player","Cleared","","","","",""
"","","","","","|","chotungo","D","68","$10,000,000","","Free Agent","Player","SSN Ban","","","","",""
"","","","","","|","danieIfly","D","68","$10,000,000","","Free Agent","Player","Cleared","","","","",""
"","","","","","|","INTERCRAK36234","D","68","$10,000,000","","RB Salzburg","Player","Cleared","","","","",""
"","","","","","|","iz_kloodi","D","68","$10,000,000","","Fenerbahçe","Player","Cleared","","","","",""
"","","","","","|","RebeIinq","D","68","$10,000,000","","Real Madrid C.F","Player","Cleared","","","","",""
"","","","","","|","JoaoFelixCFC","D","68","$10,000,000","","Chelsea F.C","Player","Cleared","","","","",""
"","","","","","|","M_ailon","D","68","$10,000,000","","Free Agent","Player","Cleared","","","","",""
"","","","","","|","margoI_l","D","68","$10,000,000","","Jagiellonia","Player","Cleared","","","","",""
"","","","","","|","Nezmerised","D","68","$10,000,000","","Free Agent","Player","Cleared","","","","",""
"","","","","","|","NickOIij","D","68","$10,000,000","","Free Agent","Player","Cleared","","","","",""
"","","","","","|","Raphlna","D","68","$10,000,000","","Real Betis","Player","Cleared","","","","",""
"","","","","","|","SergioRomero2017","D","68","$10,000,000","","Free Agent","Player","Cleared","","","","",""
"","","","","","|","ShadowzyHDYT","D","68","$10,000,000","","Free Agent","Player","Cleared","","","","",""
"","","","","","|","ShazArcalis","D","68","$10,000,000","","Free Agent","Player","Cleared","","","","",""
"","","","","","|","tizongass","D","68","$10,000,000","","AS Monaco","Player","Cleared","","","","",""
"","","","","","|","trulzo","D","68","$10,000,000","","Free Agent","Player","Cleared","","","","",""
"","","","","","|","xYAgustinYx","D","68","$10,000,000","","Free Agent","Player","Cleared","","","","",""
"","","","","","|","fabrituber720","D","68","$10,000,000","","RB Leipzig","Manager","Cleared","","","","",""
"","","","","","|","harshflux","D","68","$10,000,000","","Juventus F.C","Player","Cleared","","","","",""
"","","","","","|","LogicaHD","D","68","$10,000,000","","Marseille","Player","Cleared","","","","",""
"","","","","","|","aguzzj","D","68","$10,000,000","","Free Agent","Player","Cleared","","","","",""
"","","","","","|","ruxel_gamerpro","D","68","$10,000,000","","Manchester City","Player","Cleared","","","","",""
"","","","","","|","THEREALMOOSEMANNN","D","68","$10,000,000","","Free Agent","Player","Cleared","","","","",""
"","","","","","|","tottxii","D","68","$10,000,000","","Club Brugge","Player","Cleared","","","","",""
"","","","","","|","CharlesLe_simple","D","68","$10,000,000","","Free Agent","Player","Cleared","","","","",""
"","","","","","|","aayankhan123","D","68","$10,000,000","","Chelsea F.C","Player","Cleared","","","","",""
"","","","","","|","LOUISISAWESOME169","D","68","$10,000,000","","Marseille","Player","Cleared","","","","",""
"","","","","","|","joacocivile","D","68","$10,000,000","","Rangers F.C","Player","Cleared","","","","",""
"","","","","","|","Benji_Price3","D","68","$10,000,000","","Free Agent","Player","Cleared","","","","",""
"","","","","","|","19mws","D","68","$10,000,000","","Free Agent","Player","Cleared","","","","",""
"","","","","","|","CriticalLio","D","67","$10,000,000","","Tottenham Hotspur","Player","Cleared","","","","",""
"","","","","","|","Lyrical_Phoenix","D","67","$10,000,000","","Free Agent","Player","Cleared","","","","",""
"","","","","","|","Tr_ssard","D","67","$10,000,000","","Paris FC","Player","Cleared","","","","",""
"","","","","","|","VermantRomeo","D","67","$10,000,000","","Union Saint-Gilloise","Player","Cleared","","","","",""
"","","","","","|","66xix","D","67","$10,000,000","","Free Agent","Player","Cleared","","","","",""
"","","","","","|","abdodarwish","D","67","$10,000,000","","Free Agent","Player","Cleared","","","","",""
"","","","","","|","AbsalomAbstract","D","67","$10,000,000","","Free Agent","Player","Cleared","","","","",""
"","","","","","|","cara_futbol","D","67","$10,000,000","","Bayern Munich","Player","Cleared","","","","",""
"","","","","","|","danieImunozz","D","67","$10,000,000","","Celtic F.C","Player","Cleared","","","","",""
"","","","","","|","daniil_212","D","67","$10,000,000","","Free Agent","Player","Cleared","","","","",""
"","","","","","|","Destroyer1612","D","67","$10,000,000","","Free Agent","Player","Cleared","","","","",""
"","","","","","|","egereiz3256","D","67","$10,000,000","","Club Brugge","Player","Cleared","","","","",""
"","","","","","|","EgyptianKing1232","D","67","$10,000,000","","Free Agent","Player","Cleared","","","","",""
"","","","","","|","gabriel4560uwu","D","67","$10,000,000","","Inter Milan","Player","Cleared","","","","",""
"","","","","","|","h1z4n6","D","67","$10,000,000","","RB Leipzig","Player","Cleared","","","","",""
"","","","","","|","Rayquazathepro","D","67","$10,000,000","","Free Agent","Player","Cleared","","","","",""
"","","","","","|","sacchyv","D","67","$10,000,000","","Free Agent","Player","Cleared","","","","",""
"","","","","","|","umutddeuchi","D","67","$10,000,000","","Free Agent","Player","Cleared","","","","",""
"","","","","","|","56ninja9","D","67","$10,000,000","","Free Agent","Player","RESA Ban","","","","",""
"","","","","","|","zhegr0va","D","67","$10,000,000","","Dinamo Zagreb","Loan Out","Cleared","","","","",""
"","","","","","|","Betoaranha_8","D","67","$10,000,000","","Fenerbahçe","Player","Cleared","","","","",""
"","","","","","|","cookiedark41","D","67","$10,000,000","","Club Brugge","Player","Cleared","","","","",""
"","","","","","|","Crimson_Reyes","D","67","$10,000,000","","Dinamo Zagreb","Manager","Cleared","","","","",""
"","","","","","|","1echeryy","D","67","$10,000,000","","RB Leipzig","Player","Cleared","","","","",""
"","","","","","|","EIJoacoo","D","67","$10,000,000","","AS Monaco","Player","Cleared","","","","",""
"","","","","","|","Hrisowskii","D","67","$10,000,000","","Hajduk Split","Player","Cleared","","","","",""
"","","","","","|","mateiryan","D","67","$10,000,000","","Free Agent","Player","Cleared","","","","",""
"","","","","","|","Ayanagi_S","D","67","$10,000,000","","RB Salzburg","Player","Cleared","","","","",""
"","","","","","|","bludtorreto","D","67","$10,000,000","","Free Agent","Player","Cleared","","","","",""
"","","","","","|","untitled05","D","67","$10,000,000","","Inter Milan","Player","Cleared","","","","",""
"","","","","","|","dawvii","D","67","$10,000,000","","Free Agent","Player","Cleared","","","","",""
"","","","","","|","IKalxdouI","D","67","$10,000,000","","PSV Eindhoven","Player","Cleared","","","","",""
"","","","","","|","jkiller67867282882","D","67","$10,000,000","","PSV Eindhoven","Assistant","Cleared","","","","",""
"","","","","","|","JONHCENA38","D","67","$10,000,000","","Sporting CP","Assistant","Cleared","","","","",""
"","","","","","|","3xilno","D","67","$10,000,000","","PSV Eindhoven","Player","SSN Ban","","","","",""
"","","","","","|","miljan637","D","67","$10,000,000","","Real Madrid C.F","Player","Cleared","","","","",""
"","","","","","|","nxrutti","D","67","$10,000,000","","Club Brugge","Manager","Cleared","","","","",""
"","","","","","|","scachiatto","D","67","$10,000,000","","Borussia Dortmund","Assistant","Cleared","","","","",""
"","","","","","|","13kpoopyhead","D","67","$10,000,000","","Free Agent","Player","Cleared","","","","",""
"","","","","","|","ActuaIlyPsi","D","67","$10,000,000","","Fenerbahçe","Player","Cleared","","","","",""
"","","","","","|","Iam_Owen","D","67","$10,000,000","","NAC Breda","Player","Cleared","","","","",""
"","","","","","|","imthemeatballzzz","D","67","$10,000,000","","Paris FC","Player","Cleared","","","","",""
"","","","","","|","Instagrem10234","D","67","$10,000,000","","Free Agent","Player","Cleared","","","","",""
"","","","","","|","lythienvuong2k3","D","67","$10,000,000","","Free Agent","Player","Cleared","","","","",""
"","","","","","|","theworfer","D","67","$10,000,000","","Rangers F.C","Player","Cleared","","","","",""
"","","","","","|","William1pa0","D","67","$10,000,000","","Club Brugge","Player","Cleared","","","","",""
"","","","","","|","gamerproinres","D","67","$10,000,000","","Free Agent","Player","Cleared","","","","",""
"","","","","","|","R0JAUN","D","67","$10,000,000","","Free Agent","Player","Cleared","","","","",""
"","","","","","|","toneIli","D","67","$10,000,000","","AFC Ajax","Player","Cleared","","","","",""
"","","","","","|","koal_second","D","67","$10,000,000","","Free Agent","Player","Cleared","","","","",""
"","","","","","|","AlinRK","D","67","$10,000,000","","Union Saint-Gilloise","Player","Cleared","","","","",""
"","","","","","|","Danyadubh","D","67","$10,000,000","","Free Agent","Player","Cleared","","","","",""
"","","","","","|","Eduardcraftim1","D","67","$10,000,000","","Celtic F.C","Player","Cleared","","","","",""
"","","","","","|","jareerio","D","67","$10,000,000","","Free Agent","Player","Cleared","","","","",""
"","","","","","|","preytic","D","67","$10,000,000","","Free Agent","Player","Cleared","","","","",""
"","","","","","|","2AliveGeekPackk","D","66","$10,000,000","","Free Agent","Player","Cleared","","","","",""
"","","","","","|","4reseet","D","66","$10,000,000","","Free Agent","Player","RESA Ban","","","","",""
"","","","","","|","apathica","D","66","$10,000,000","","Free Agent","Player","Cleared","","","","",""
"","","","","","|","areunx","D","66","$10,000,000","","Free Agent","Player","Cleared","","","","",""
"","","","","","|","Arubaze","D","66","$10,000,000","","Free Agent","Player","Cleared","","","","",""
"","","","","","|","asamuiaractioncoco","D","66","$10,000,000","","Free Agent","Player","Cleared","","","","",""
"","","","","","|","Atagyh","D","66","$10,000,000","","Free Agent","Player","Cleared","","","","",""
"","","","","","|","awakenaldo","D","66","$10,000,000","","Free Agent","Player","Cleared","","","","",""
"","","","","","|","barbkoumpo","D","66","$10,000,000","","Free Agent","Player","Cleared","","","","",""
"","","","","","|","Belinghaaam","D","66","$10,000,000","","Free Agent","Player","Cleared","","","","",""
"","","","","","|","Bennyblanco4","D","66","$10,000,000","","Free Agent","Player","Cleared","","","","",""
"","","","","","|","bI_ck","D","66","$10,000,000","","Free Agent","Player","Cleared","","","","",""
"","","","","","|","camovinga","D","66","$10,000,000","","Free Agent","Player","Cleared","","","","",""
"","","","","","|","danielsyxz","D","66","$10,000,000","","Wolves","Player","Cleared","","","","",""
"","","","","","|","danish52hoho","D","66","$10,000,000","","Rangers F.C","Assistant","Cleared","","","","",""
"","","","","","|","DemiraII","D","66","$10,000,000","","Free Agent","Player","Cleared","","","","",""
"","","","","","|","Doyle_Lim","D","66","$10,000,000","","Free Agent","Player","Cleared","","","","",""
"","","","","","|","EIMachin","D","66","$10,000,000","","Free Agent","Player","Cleared","","","","",""
"","","","","","|","elcrack1245","D","66","$10,000,000","","AFC Ajax","Player","Cleared","","","","",""
"","","","","","|","epicrionboy","D","66","$10,000,000","","Free Agent","Player","Cleared","","","","",""
"","","","","","|","EricRB321","D","66","$10,000,000","","RB Salzburg","Player","Cleared","","","","",""
"","","","","","|","FalIenciaga","D","66","$10,000,000","","Free Agent","Player","Cleared","","","","",""
"","","","","","|","feltharoo","D","66","$10,000,000","","Free Agent","Player","Cleared","","","","",""
"","","","","","|","ferrari599gt","D","66","$10,000,000","","Free Agent","Player","Cleared","","","","",""
"","","","","","|","firesinan","D","66","$10,000,000","","Free Agent","Player","Cleared","","","","",""
"","","","","","|","firipee","D","66","$10,000,000","","Free Agent","Player","Cleared","","","","",""
"","","","","","|","Furiousawsome","D","66","$10,000,000","","Free Agent","Player","Cleared","","","","",""
"","","","","","|","Garelinho","D","66","$10,000,000","","Free Agent","Player","Cleared","","","","",""
"","","","","","|","golangoal","D","66","$10,000,000","","Free Agent","Player","Cleared","","","","",""
"","","","","","|","grienzemann","D","66","$10,000,000","","Free Agent","Player","Cleared","","","","",""
"","","","","","|","hashimvax","D","66","$10,000,000","","Dinamo Zagreb","Player","Cleared","","","","",""
"","","","","","|","hikezinhoo","D","66","$10,000,000","","Free Agent","Player","Cleared","","","","",""
"","","","","","|","humidos","D","66","$10,000,000","","Tottenham Hotspur","Manager","Cleared","","","","",""
"","","","","","|","huso_masterTR","D","66","$10,000,000","","Free Agent","Player","Cleared","","","","",""
"","","","","","|","Iechpremium","D","66","$10,000,000","","Free Agent","Player","Cleared","","","","",""
"","","","","","|","IGiolx","D","66","$10,000,000","","Free Agent","Player","Cleared","","","","",""
"","","","","","|","Ignite_bally","D","66","$10,000,000","","Free Agent","Player","Cleared","","","","",""
"","","","","","|","IncaGoat","D","66","$10,000,000","","Free Agent","Player","Cleared","","","","",""
"","","","","","|","juanbr198","D","66","$10,000,000","","Free Agent","Player","Cleared","","","","",""
"","","","","","|","JuanDavPAhe","D","66","$10,000,000","","Free Agent","Player","Cleared","","","","",""
"","","","","","|","Jxrious","D","66","$10,000,000","","Free Agent","Player","Cleared","","","","",""
"","","","","","|","ksacszpro","D","66","$10,000,000","","Free Agent","Player","Cleared","","","","",""
"","","","","","|","lastdisco","D","66","$10,000,000","","Free Agent","Player","Cleared","","","","",""
"","","","","","|","liverpoolBVB","D","66","$10,000,000","","Free Agent","Player","Cleared","","","","",""
"","","","","","|","Mohascred","D","66","$10,000,000","","Manchester City","Player","Cleared","","","","",""
"","","","","","|","mrucce","D","66","$10,000,000","","Free Agent","Player","Cleared","","","","",""
"","","","","","|","othniel2007","D","66","$10,000,000","","Free Agent","Player","Cleared","","","","",""
"","","","","","|","Padman1000","D","66","$10,000,000","","Free Agent","Player","Cleared","","","","",""
"","","","","","|","PasitaRodriguez","D","66","$10,000,000","","Free Agent","Player","Cleared","","","","",""
"","","","","","|","RodrigoElPro777RG","D","66","$10,000,000","","Free Agent","Player","Cleared","","","","",""
"","","","","","|","Ronbon99","D","66","$10,000,000","","Free Agent","Player","Cleared","","","","",""
"","","","","","|","Ronzii","D","66","$10,000,000","","Free Agent","Player","Cleared","","","","",""
"","","","","","|","RvbMoose","D","66","$10,000,000","","Free Agent","Player","Cleared","","","","",""
"","","","","","|","rykiraa","D","66","$10,000,000","","Free Agent","Player","Cleared","","","","",""
"","","","","","|","SalOpsz","D","66","$10,000,000","","Empoli","Player","Cleared","","","","",""
"","","","","","|","samuelsj23","D","66","$10,000,000","","Free Agent","Player","Cleared","","","","",""
"","","","","","|","sebasdeleon","D","66","$10,000,000","","Celtic F.C","Player","Cleared","","","","",""
"","","","","","|","ShadowLine120","D","66","$10,000,000","","Free Agent","Player","Cleared","","","","",""
"","","","","","|","stjepogame","D","66","$10,000,000","","Hajduk Split","Player","Reserve","","","","",""
"","","","","","|","SUPERGAMERkaua","D","66","$10,000,000","","Borussia Dortmund","Player","Cleared","","","","",""
"","","","","","|","TheAIIRounderGod","D","66","$10,000,000","","Union Saint-Gilloise","Manager","Cleared","","","","",""
"","","","","","|","tris10_m","D","66","$10,000,000","","Free Agent","Player","Cleared","","","","",""
"","","","","","|","usamoi5","D","66","$10,000,000","","Pafos FC","Assistant","Cleared","","","","",""
"","","","","","|","veeznoo","D","66","$10,000,000","","Borussia Dortmund","Player","Cleared","","","","",""
"","","","","","|","vegzinho","D","66","$10,000,000","","Free Agent","Player","Cleared","","","","",""
"","","","","","|","Victor32377mpj","D","66","$10,000,000","","Bayer Leverkusen","Assistant","Cleared","","","","",""
"","","","","","|","Villehenia","D","66","$10,000,000","","Rangers F.C","Player","Cleared","","","","",""
"","","","","","|","vRonaIdo","D","66","$10,000,000","","Free Agent","Player","Cleared","","","","",""
"","","","","","|","Vurelixs","D","66","$10,000,000","","Free Agent","Player","Cleared","","","","",""
"","","","","","|","worrde","D","66","$10,000,000","","Real Betis","Player","Cleared","","","","",""
"","","","","","|","Xorbanys","D","66","$10,000,000","","Juventus F.C","Manager","Cleared","","","","",""
"","","","","","|","Yordkxz","D","66","$10,000,000","","Free Agent","Player","Cleared","","","","",""
"","","","","","|","0_Benicio","D","65","$10,000,000","","Free Agent","Player","Cleared","","","","",""
"","","","","","|","07uzi","D","65","$10,000,000","","Free Agent","Player","Cleared","","","","",""
"","","","","","|","109davo","D","65","$10,000,000","","Free Agent","Player","Cleared","","","","",""
"","","","","","|","1of1ren","D","65","$10,000,000","","Free Agent","Player","Cleared","","","","",""
"","","","","","|","1Rooha","D","65","$10,000,000","","Free Agent","Player","Cleared","","","","",""
"","","","","","|","1uisChilavert","D","65","$10,000,000","","Free Agent","Player","Cleared","","","","",""
"","","","","","|","24sevo","D","65","$10,000,000","","Free Agent","Player","Cleared","","","","",""
"","","","","","|","2krux","D","65","$10,000,000","","Free Agent","Player","Cleared","","","","",""
"","","","","","|","2robz","D","65","$10,000,000","","Free Agent","Player","Cleared","","","","",""
"","","","","","|","46xKuni","D","65","$10,000,000","","Free Agent","Player","Cleared","","","","",""
"","","","","","|","4cl","D","65","$10,000,000","","Free Agent","Player","Cleared","","","","",""
"","","","","","|","4oqt","D","65","$10,000,000","","Free Agent","Player","Cleared","","","","",""
"","","","","","|","5hzc","D","65","$10,000,000","","Free Agent","Player","Cleared","","","","",""
"","","","","","|","5viyo","D","65","$10,000,000","","Free Agent","Player","Cleared","","","","",""
"","","","","","|","64pw","D","65","$10,000,000","","Free Agent","Player","Cleared","","","","",""
"","","","","","|","6skyr6","D","65","$10,000,000","","Free Agent","Player","Cleared","","","","",""
"","","","","","|","8bein8","D","65","$10,000,000","","Sporting CP","Player","Cleared","","","","",""
"","","","","","|","9iovanno","D","65","$10,000,000","","Free Agent","Player","Cleared","","","","",""
"","","","","","|","Aaronmartinez15","D","65","$10,000,000","","Free Agent","Player","Cleared","","","","",""
"","","","","","|","aciidify","D","65","$10,000,000","","Free Agent","Player","Cleared","","","","",""
"","","","","","|","adinko57","D","65","$10,000,000","","Free Agent","Player","Cleared","","","","",""
"","","","","","|","AFOSINHOROBLOX","D","65","$10,000,000","","Free Agent","Player","Cleared","","","","",""
"","","","","","|","AidanDevz","D","65","$10,000,000","","Hamrun Spartans","Player","Cleared","","","","",""
"","","","","","|","AidenGB111","D","65","$10,000,000","","Free Agent","Player","Cleared","","","","",""
"","","","","","|","Aikyn2008","D","65","$10,000,000","","Free Agent","Player","Cleared","","","","",""
"","","","","","|","Aimer_Mxsko","D","65","$10,000,000","","Free Agent","Player","Cleared","","","","",""
"","","","","","|","ains34","D","65","$10,000,000","","Free Agent","Player","Cleared","","","","",""
"","","","","","|","Alexander963265","D","65","$10,000,000","","Pafos FC","Player","Cleared","","","","",""
"","","","","","|","ALEXANDREPARIS80","D","65","$10,000,000","","Free Agent","Player","Cleared","","","","",""
"","","","","","|","AlmightyCato","D","65","$10,000,000","","Union Saint-Gilloise","Player","Cleared","","","","",""
"","","","","","|","amrmalekelboss","D","65","$10,000,000","","Bayer Leverkusen","Player","Cleared","","","","",""
"","","","","","|","anco","D","65","$10,000,000","","Free Agent","Player","Cleared","","","","",""
"","","","","","|","andrade20001","D","65","$10,000,000","","Empoli","Player","Cleared","","","","",""
"","","","","","|","angel153642","D","65","$10,000,000","","Free Agent","Player","Cleared","","","","",""
"","","","","","|","anissen44","D","65","$10,000,000","","Free Agent","Player","Cleared","","","","",""
"","","","","","|","AnT_Rex13","D","65","$10,000,000","","Free Agent","Player","Cleared","","","","",""
"","","","","","|","arectiful","D","65","$10,000,000","","Free Agent","Player","Cleared","","","","",""
"","","","","","|","Arjune192","D","65","$10,000,000","","Free Agent","Player","Cleared","","","","",""
"","","","","","|","armeniodbest","D","65","$10,000,000","","Hamrun Spartans","Player","Cleared","","","","",""
"","","","","","|","Artymidiy19","D","65","$10,000,000","","Free Agent","Player","Cleared","","","","",""
"","","","","","|","Arunnnnn","D","65","$10,000,000","","Free Agent","Player","Cleared","","","","",""
"","","","","","|","ash_wasborn","D","65","$10,000,000","","RB Leipzig","Player","Cleared","","","","",""
"","","","","","|","Asimooo255","D","65","$10,000,000","","Free Agent","Player","Cleared","","","","",""
"","","","","","|","ATFRoblox1","D","65","$10,000,000","","Free Agent","Player","Cleared","","","","",""
"","","","","","|","ATHUSG12","D","65","$10,000,000","","Free Agent","Player","Cleared","","","","",""
"","","","","","|","atrixify","D","65","$10,000,000","","Free Agent","Player","Cleared","","","","",""
"","","","","","|","Avono_Pierce","D","65","$10,000,000","","Free Agent","Player","Cleared","","","","",""
"","","","","","|","Axyte","D","65","$10,000,000","","Free Agent","Player","Cleared","","","","",""
"","","","","","|","aydincetinantreman","D","65","$10,000,000","","Free Agent","Player","Cleared","","","","",""
"","","","","","|","aymericIaporte","D","65","$10,000,000","","Free Agent","Player","Cleared","","","","",""
"","","","","","|","AytronnSenna","D","65","$10,000,000","","Free Agent","Player","Cleared","","","","",""
"","","","","","|","azoctem","D","65","$10,000,000","","Free Agent","Player","Cleared","","","","",""
"","","","","","|","B0LYY","D","65","$10,000,000","","Free Agent","Player","Cleared","","","","",""
"","","","","","|","Baina0ala","D","65","$10,000,000","","Free Agent","Player","Cleared","","","","",""
"","","","","","|","Bamvaam","D","65","$10,000,000","","Free Agent","Player","Cleared","","","","",""
"","","","","","|","Barisinho","D","65","$10,000,000","","Free Agent","Player","Cleared","","","","",""
"","","","","","|","BastianPrimex","D","65","$10,000,000","","Free Agent","Player","Cleared","","","","",""
"","","","","","|","bbjjjjnnnnn","D","65","$10,000,000","","Free Agent","Player","Cleared","","","","",""
"","","","","","|","BeboisClown","D","65","$10,000,000","","PSV Eindhoven","Player","Cleared","","","","",""
"","","","","","|","benjazaca14321","D","65","$10,000,000","","Free Agent","Player","Cleared","","","","",""
"","","","","","|","Bestfootballer1320","D","65","$10,000,000","","Free Agent","Player","Cleared","","","","",""
"","","","","","|","blackmaks21","D","65","$10,000,000","","Dinamo Zagreb","Assistant","Cleared","","","","",""
"","","","","","|","BlobbyRejection","D","65","$10,000,000","","Hamrun Spartans","Player","Cleared","","","","",""
"","","","","","|","BloodhoundAntx","D","65","$10,000,000","","Chelsea F.C","Manager","Cleared","","","","",""
"","","","","","|","BloodyBerin","D","65","$10,000,000","","Free Agent","Player","Cleared","","","","",""
"","","","","","|","bodyfayed1234","D","65","$10,000,000","","Free Agent","Player","Cleared","","","","",""
"","","","","","|","bonfyz","D","65","$10,000,000","","Free Agent","Player","Cleared","","","","",""
"","","","","","|","braxcrack","D","65","$10,000,000","","Celtic F.C","Player","Cleared","","","","",""
"","","","","","|","Brian0vskii","D","65","$10,000,000","","Free Agent","Player","Cleared","","","","",""
"","","","","","|","bueeeeeeeeeeeeno","D","65","$10,000,000","","Free Agent","Player","SSN Ban","","","","",""
"","","","","","|","bxdghggjj31","D","65","$10,000,000","","Rangers F.C","Player","Cleared","","","","",""
"","","","","","|","bxnetic","D","65","$10,000,000","","Hamrun Spartans","Player","Cleared","","","","",""
"","","","","","|","carlogramirez","D","65","$10,000,000","","Free Agent","Player","Cleared","","","","",""
"","","","","","|","CARLOSAAFR","D","65","$10,000,000","","Fenerbahçe","Player","RESA Ban","","","","",""
"","","","","","|","carlosOMGlike","D","65","$10,000,000","","Free Agent","Player","Cleared","","","","",""
"","","","","","|","CesareCasdei","D","65","$10,000,000","","Liverpool F.C","Player","Cleared","","","","",""
"","","","","","|","chaamarcelo","D","65","$10,000,000","","Free Agent","Player","Cleared","","","","",""
"","","","","","|","chefkamikaze","D","65","$10,000,000","","Free Agent","Player","Cleared","","","","",""
"","","","","","|","ChiefK0d","D","65","$10,000,000","","Free Agent","Player","Cleared","","","","",""
"","","","","","|","chilavert","D","65","$10,000,000","","Free Agent","Player","Cleared","","","","",""
"","","","","","|","christian_cueva8","D","65","$10,000,000","","Free Agent","Player","Cleared","","","","",""
"","","","","","|","chunkymojak","D","65","$10,000,000","","Rangers F.C","Player","RESA Ban","","","","",""
"","","","","","|","clxnicalz_x","D","65","$10,000,000","","Free Agent","Player","Cleared","","","","",""
"","","","","","|","Cokey_Cokey","D","65","$10,000,000","","Free Agent","Player","Cleared","","","","",""
"","","","","","|","cookiesvx","D","65","$10,000,000","","Free Agent","Player","Cleared","","","","",""
"","","","","","|","coolmanww1","D","65","$10,000,000","","Free Agent","Player","Cleared","","","","",""
"","","","","","|","CoxaDoidoFiuFiu","D","65","$10,000,000","","Free Agent","Player","Cleared","","","","",""
"","","","","","|","CrisitianoRonaldoCR7","D","65","$10,000,000","","Dinamo Zagreb","Player","Cleared","","","","",""
"","","","","","|","CrisVall03","D","65","$10,000,000","","Free Agent","Player","Cleared","","","","",""
"","","","","","|","crysty82","D","65","$10,000,000","","Free Agent","Player","Cleared","","","","",""
"","","","","","|","cubarsii","D","65","$10,000,000","","Free Agent","Player","Cleared","","","","",""
"","","","","","|","cuervodel1995","D","65","$10,000,000","","Free Agent","Player","Cleared","","","","",""
"","","","","","|","cwoiz","D","65","$10,000,000","","Liverpool F.C","Player","Cleared","","","","",""
"","","","","","|","CXMELEKXC","D","65","$10,000,000","","Free Agent","Player","Cleared","","","","",""
"","","","","","|","Cyan_nyauwu","D","65","$10,000,000","","Free Agent","Player","Cleared","","","","",""
"","","","","","|","Cyr0o","D","65","$10,000,000","","Free Agent","Player","Cleared","","","","",""
"","","","","","|","DaLegendRO","D","65","$10,000,000","","Free Agent","Player","Cleared","","","","",""
"","","","","","|","Dantemanol","D","65","$10,000,000","","Free Agent","Player","Cleared","","","","",""
"","","","","","|","Dantzgoat","D","65","$10,000,000","","Dinamo Zagreb","Player","Cleared","","","","",""
"","","","","","|","Daramyy","D","65","$10,000,000","","Manchester City","Player","Cleared","","","","",""
"","","","","","|","DariusLigh","D","65","$10,000,000","","Free Agent","Player","Cleared","","","","",""
"","","","","","|","Darkened_GT","D","65","$10,000,000","","Free Agent","Player","Cleared","","","","",""
"","","","","","|","datunnnnaaa","D","65","$10,000,000","","Free Agent","Player","Cleared","","","","",""
"","","","","","|","DaviTh278","D","65","$10,000,000","","Free Agent","Player","Cleared","","","","",""
"","","","","","|","DegaulleGames2","D","65","$10,000,000","","Free Agent","Player","Cleared","","","","",""
"","","","","","|","DemianEze123","D","65","$10,000,000","","Celtic F.C","Player","Cleared","","","","",""
"","","","","","|","destinhho","D","65","$10,000,000","","Free Agent","Player","Cleared","","","","",""
"","","","","","|","Diwgo","D","65","$10,000,000","","Free Agent","Player","Cleared","","","","",""
"","","","","","|","djelame_76","D","65","$10,000,000","","Free Agent","Player","Cleared","","","","",""
"","","","","","|","dogniseeBAN","D","65","$10,000,000","","Free Agent","Player","Cleared","","","","",""
"","","","","","|","Dogzzii","D","65","$10,000,000","","Free Agent","Player","Cleared","","","","",""
"","","","","","|","Dominicalplayer","D","65","$10,000,000","","Free Agent","Player","Cleared","","","","",""
"","","","","","|","Domosaur_Tim","D","65","$10,000,000","","Hamrun Spartans","Player","Cleared","","","","",""
"","","","","","|","Drakzorv","D","65","$10,000,000","","Pafos FC","Player","Cleared","","","","",""
"","","","","","|","Drip_Monki","D","65","$10,000,000","","Free Agent","Player","RESA Ban","","","","",""
"","","","","","|","DrissaoZoo","D","65","$10,000,000","","Free Agent","Player","Cleared","","","","",""
"","","","","","|","duburnn","D","65","$10,000,000","","Free Agent","Player","Cleared","","","","",""
"","","","","","|","Dxniltz","D","65","$10,000,000","","Free Agent","Player","Cleared","","","","",""
"","","","","","|","Dylan92ifr","D","65","$10,000,000","","Free Agent","Player","Cleared","","","","",""
"","","","","","|","DylanGamer_22","D","65","$10,000,000","","AS Monaco","Player","Cleared","","","","",""
"","","","","","|","dznhio","D","65","$10,000,000","","Free Agent","Player","Cleared","","","","",""
"","","","","","|","earwax9000","D","65","$10,000,000","","Pafos FC","Player","Cleared","","","","",""
"","","","","","|","Edxwards","D","65","$10,000,000","","Free Agent","Player","Cleared","","","","",""
"","","","","","|","ElchuchoPerez","D","65","$10,000,000","","Dinamo Zagreb","Player","Cleared","","","","",""
"","","","","","|","eliavl","D","65","$10,000,000","","Free Agent","Player","Cleared","","","","",""
"","","","","","|","elkevongamer91","D","65","$10,000,000","","Free Agent","Player","Cleared","","","","",""
"","","","","","|","Elsk5","D","65","$10,000,000","","Free Agent","Player","Cleared","","","","",""
"","","","","","|","emanuel290906","D","65","$10,000,000","","Free Agent","Player","Cleared","","","","",""
"","","","","","|","emeraId9x","D","65","$10,000,000","","Free Agent","Player","Cleared","","","","",""
"","","","","","|","EMKO123","D","65","$10,000,000","","Free Agent","Player","Cleared","","","","",""
"","","","","","|","entracting","D","65","$10,000,000","","Hajduk Split","Player","Cleared","","","","",""
"","","","","","|","ENYELREVENTADOOOR","D","65","$10,000,000","","Empoli","Player","Cleared","","","","",""
"","","","","","|","Erazold","D","65","$10,000,000","","Free Agent","Player","Cleared","","","","",""
"","","","","","|","erwanobeltzzz","D","65","$10,000,000","","Free Agent","Player","Cleared","","","","",""
"","","","","","|","esdeekidliverpool","D","65","$10,000,000","","RB Leipzig","Player","Cleared","","","","",""
"","","","","","|","esteban300132","D","65","$10,000,000","","Free Agent","Player","Cleared","","","","",""
"","","","","","|","fabretzko","D","65","$10,000,000","","Free Agent","Player","Cleared","","","","",""
"","","","","","|","fachriganteg123","D","65","$10,000,000","","Free Agent","Player","Cleared","","","","",""
"","","","","","|","Fernandinho90","D","65","$10,000,000","","Empoli","Player","Cleared","","","","",""
"","","","","","|","FinnLam","D","65","$10,000,000","","Free Agent","Player","Cleared","","","","",""
"","","","","","|","fIorineI","D","65","$10,000,000","","Union Saint-Gilloise","Player","Cleared","","","","",""
"","","","","","|","FireBBombx","D","65","$10,000,000","","AFC Ajax","Player","Cleared","","","","",""
"","","","","","|","floodescaper_2345","D","65","$10,000,000","","Free Agent","Player","Cleared","","","","",""
"","","","","","|","ForisHD","D","65","$10,000,000","","Free Agent","Player","Cleared","","","","",""
"","","","","","|","fottiproc906","D","65","$10,000,000","","Free Agent","Player","Cleared","","","","",""
"","","","","","|","Francinhoo","D","65","$10,000,000","","Real Madrid C.F","Player","Cleared","","","","",""
"","","","","","|","Fraudrian","D","65","$10,000,000","","Jagiellonia","Player","Cleared","","","","",""
"","","","","","|","freakwizard62","D","65","$10,000,000","","Free Agent","Player","Cleared","","","","",""
"","","","","","|","freshermarrow77","D","65","$10,000,000","","Club Brugge","Player","Cleared","","","","",""
"","","","","","|","frogborninhell","D","65","$10,000,000","","Free Agent","Player","Cleared","","","","",""
"","","","","","|","fvzaro","D","65","$10,000,000","","RB Salzburg","Player","Cleared","","","","",""
"","","","","","|","GalaxyLays","D","65","$10,000,000","","Free Agent","Player","Cleared","","","","",""
"","","","","","|","genjinescent","D","65","$10,000,000","","Free Agent","Player","Cleared","","","","",""
"","","","","","|","germanlets","D","65","$10,000,000","","Free Agent","Player","Cleared","","","","",""
"","","","","","|","gjercog","D","65","$10,000,000","","Free Agent","Player","Cleared","","","","",""
"","","","","","|","glfowanie","D","65","$10,000,000","","Free Agent","Player","Cleared","","","","",""
"","","","","","|","gojouszn","D","65","$10,000,000","","Free Agent","Player","Cleared","","","","",""
"","","","","","|","gokuzeiro12","D","65","$10,000,000","","Pafos FC","Player","Cleared","","","","",""
"","","","","","|","GoldinatorBat123","D","65","$10,000,000","","Free Agent","Player","Cleared","","","","",""
"","","","","","|","GroundLowGirl4321","D","65","$10,000,000","","Free Agent","Player","Cleared","","","","",""
"","","","","","|","Gui1908","D","65","$10,000,000","","Free Agent","Player","Cleared","","","","",""
"","","","","","|","GUTZ_09","D","65","$10,000,000","","Free Agent","Player","Cleared","","","","",""
"","","","","","|","H_Kxkay","D","65","$10,000,000","","Free Agent","Player","Cleared","","","","",""
"","","","","","|","h2htem","D","65","$10,000,000","","Chelsea F.C","Player","Cleared","","","","",""
"","","","","","|","h6bg","D","65","$10,000,000","","Free Agent","Player","Cleared","","","","",""
"","","","","","|","hadizexgaming_X","D","65","$10,000,000","","Free Agent","Player","Cleared","","","","",""
"","","","","","|","Hakermar03","D","65","$10,000,000","","RB Leipzig","Player","Cleared","","","","",""
"","","","","","|","Hansej","D","65","$10,000,000","","Hamrun Spartans","Player","Cleared","","","","",""
"","","","","","|","harmoush","D","65","$10,000,000","","BSC Young Boys","Player","Cleared","","","","",""
"","","","","","|","hayo_yt123","D","65","$10,000,000","","Free Agent","Player","Cleared","","","","",""
"","","","","","|","Healthyhat1","D","65","$10,000,000","","Free Agent","Player","Cleared","","","","",""
"","","","","","|","heydersaez2004","D","65","$10,000,000","","Free Agent","Player","Cleared","","","","",""
"","","","","","|","hnvh61","D","65","$10,000,000","","Bayer Leverkusen","Player","Cleared","","","","",""
"","","","","","|","Hondaofc","D","65","$10,000,000","","Free Agent","Player","Cleared","","","","",""
"","","","","","|","Hopedeparanaue","D","65","$10,000,000","","Free Agent","Player","Cleared","","","","",""
"","","","","","|","HorusKingfire","D","65","$10,000,000","","Free Agent","Player","Cleared","","","","",""
"","","","","","|","httpsyoutubecZ","D","65","$10,000,000","","Free Agent","Player","Cleared","","","","",""
"","","","","","|","HumaniCalculator","D","65","$10,000,000","","Free Agent","Player","Cleared","","","","",""
"","","","","","|","HundredGalaxies","D","65","$10,000,000","","Free Agent","Player","Cleared","","","","",""
"","","","","","|","hurriedwassabi1","D","65","$10,000,000","","Free Agent","Player","Cleared","","","","",""
"","","","","","|","ianisdarwin","D","65","$10,000,000","","Free Agent","Player","Cleared","","","","",""
"","","","","","|","IDoNotUseThis_Acc","D","65","$10,000,000","","AFC Ajax","Player","Cleared","","","","",""
"","","","","","|","iDroowPlayer12","D","65","$10,000,000","","Free Agent","Player","Cleared","","","","",""
"","","","","","|","Iep_ro","D","65","$10,000,000","","Paris FC","Player","RESA Ban","","","","",""
"","","","","","|","Iewito","D","65","$10,000,000","","Free Agent","Player","Cleared","","","","",""
"","","","","","|","ii_XNoCapX","D","65","$10,000,000","","Free Agent","Player","Cleared","","","","",""
"","","","","","|","IiBrian_AmAll","D","65","$10,000,000","","Free Agent","Player","Cleared","","","","",""
"","","","","","|","ILuisnaldo","D","65","$10,000,000","","Free Agent","Player","Cleared","","","","",""
"","","","","","|","innverted","D","65","$10,000,000","","Free Agent","Player","SSN Ban","","","","",""
"","","","","","|","iownmcx","D","65","$10,000,000","","Free Agent","Player","Cleared","","","","",""
"","","","","","|","isac13579br","D","65","$10,000,000","","Free Agent","Player","Cleared","","","","",""
"","","","","","|","ItchyLfc2005","D","65","$10,000,000","","Hamrun Spartans","Assistant","Cleared","","","","",""
"","","","","","|","ItsTheGamePlayer","D","65","$10,000,000","","Free Agent","Player","Cleared","","","","",""
"","","","","","|","ItzLil_Petran","D","65","$10,000,000","","Free Agent","Player","Cleared","","","","",""
"","","","","","|","Itzxnt","D","65","$10,000,000","","Free Agent","Player","Cleared","","","","",""
"","","","","","|","IValendinhoI","D","65","$10,000,000","","Celtic F.C","Assistant","Cleared","","","","",""
"","","","","","|","ixhaq","D","65","$10,000,000","","Free Agent","Player","Cleared","","","","",""
"","","","","","|","IxMxanny","D","65","$10,000,000","","Free Agent","Player","Cleared","","","","",""
"","","","","","|","J0RXD","D","65","$10,000,000","","Free Agent","Player","Cleared","","","","",""
"","","","","","|","j4nchez","D","65","$10,000,000","","Free Agent","Player","Cleared","","","","",""
"","","","","","|","jaasui","D","65","$10,000,000","","Free Agent","Player","Cleared","","","","",""
"","","","","","|","Jacob_Defender","D","65","$10,000,000","","Free Agent","Player","Cleared","","","","",""
"","","","","","|","jagerconnoisseur","D","65","$10,000,000","","Free Agent","Player","Cleared","","","","",""
"","","","","","|","jenaissante400","D","65","$10,000,000","","Free Agent","Player","Cleared","","","","",""
"","","","","","|","Jenlon54","D","65","$10,000,000","","Free Agent","Player","Cleared","","","","",""
"","","","","","|","Jeolahhh","D","65","$10,000,000","","Free Agent","Player","Cleared","","","","",""
"","","","","","|","jerrlets","D","65","$10,000,000","","Dinamo Zagreb","Player","Cleared","","","","",""
"","","","","","|","jessnaldo","D","65","$10,000,000","","Real Madrid C.F","Player","Cleared","","","","",""
"","","","","","|","jesus2980ye","D","65","$10,000,000","","Free Agent","Player","Cleared","","","","",""
"","","","","","|","Jexonium","D","65","$10,000,000","","Free Agent","Player","Cleared","","","","",""
"","","","","","|","JezuGreen","D","65","$10,000,000","","AFC Ajax","Player","Cleared","","","","",""
"","","","","","|","Jirazei","D","65","$10,000,000","","Free Agent","Player","Cleared","","","","",""
"","","","","","|","JordanTheVerbalist","D","65","$10,000,000","","Paris FC","Player","Cleared","","","","",""
"","","","","","|","JoseSnayder","D","65","$10,000,000","","Free Agent","Player","Cleared","","","","",""
"","","","","","|","Joshlect","D","65","$10,000,000","","Hamrun Spartans","Player","Cleared","","","","",""
"","","","","","|","JosipTheKing2020","D","65","$10,000,000","","Free Agent","Player","Cleared","","","","",""
"","","","","","|","JosmellGamers","D","65","$10,000,000","","Hajduk Split","Player","Cleared","","","","",""
"","","","","","|","jouni2911","D","65","$10,000,000","","Free Agent","Player","Cleared","","","","",""
"","","","","","|","JRoman_8","D","65","$10,000,000","","Free Agent","Player","Cleared","","","","",""
"","","","","","|","juan810j","D","65","$10,000,000","","Paris FC","Player","Cleared","","","","",""
"","","","","","|","Juuikk","D","65","$10,000,000","","Free Agent","Player","Cleared","","","","",""
"","","","","","|","JzzSenn","D","65","$10,000,000","","Celtic F.C","Player","Cleared","","","","",""
"","","","","","|","Kaan012548","D","65","$10,000,000","","Free Agent","Player","Cleared","","","","",""
"","","","","","|","kabudarye","D","65","$10,000,000","","Free Agent","Player","Cleared","","","","",""
"","","","","","|","kahlezi","D","65","$10,000,000","","Free Agent","Player","Cleared","","","","",""
"","","","","","|","Kaimook_TH123","D","65","$10,000,000","","Jagiellonia","Player","Cleared","","","","",""
"","","","","","|","Kaladze","D","65","$10,000,000","","Free Agent","Player","Cleared","","","","",""
"","","","","","|","kaptisso","D","65","$10,000,000","","Free Agent","Player","Cleared","","","","",""
"","","","","","|","KarolGamer912","D","65","$10,000,000","","Free Agent","Player","Cleared","","","","",""
"","","","","","|","kayjat4឵","D","65","$10,000,000","","Free Agent","Player","Cleared","","","","",""
"","","","","","|","KenanYiIdizz","D","65","$10,000,000","","Marseille","Player","Cleared","","","","",""
"","","","","","|","kenzugwaps","D","65","$10,000,000","","PSV Eindhoven","Loan Out","Cleared","","","","",""
"","","","","","|","kevindebruyen11","D","65","$10,000,000","","Free Agent","Player","Cleared","","","","",""
"","","","","","|","kevinwithstars","D","65","$10,000,000","","Free Agent","Player","Cleared","","","","",""
"","","","","","|","Khojent","D","65","$10,000,000","","Free Agent","Player","Cleared","","","","",""
"","","","","","|","kidokuchazo","D","65","$10,000,000","","Free Agent","Player","Cleared","","","","",""
"","","","","","|","killerbeeisbestoday","D","65","$10,000,000","","Free Agent","Player","Cleared","","","","",""
"","","","","","|","KillerPro1927","D","65","$10,000,000","","Free Agent","Player","Cleared","","","","",""
"","","","","","|","KingJohnn0","D","65","$10,000,000","","Free Agent","Player","Cleared","","","","",""
"","","","","","|","kkounde","D","65","$10,000,000","","Free Agent","Player","Cleared","","","","",""
"","","","","","|","krallll23e","D","65","$10,000,000","","Free Agent","Player","Cleared","","","","",""
"","","","","","|","krl_00122","D","65","$10,000,000","","Free Agent","Player","Cleared","","","","",""
"","","","","","|","KRO_Quin","D","65","$10,000,000","","Free Agent","Player","Cleared","","","","",""
"","","","","","|","kuvorinis","D","65","$10,000,000","","Free Agent","Player","Cleared","","","","",""
"","","","","","|","Kylian_McFrappa","D","65","$10,000,000","","NAC Breda","Player","Cleared","","","","",""
"","","","","","|","kyo","D","65","$10,000,000","","Free Agent","Player","Cleared","","","","",""
"","","","","","|","Lakierkes","D","65","$10,000,000","","Free Agent","Player","Cleared","","","","",""
"","","","","","|","larry_maguire","D","65","$10,000,000","","Free Agent","Player","Cleared","","","","",""
"","","","","","|","Le_ThugDuBled","D","65","$10,000,000","","Free Agent","Player","Cleared","","","","",""
"","","","","","|","LeGenDaRyne10","D","65","$10,000,000","","RB Leipzig","Assistant","Cleared","","","","",""
"","","","","","|","LeProFrancais89","D","65","$10,000,000","","Free Agent","Player","Cleared","","","","",""
"","","","","","|","lewafx","D","65","$10,000,000","","Free Agent","Player","Cleared","","","","",""
"","","","","","|","LimitedDeception","D","65","$10,000,000","","Free Agent","Player","Cleared","","","","",""
"","","","","","|","linozkr","D","65","$10,000,000","","Paris FC","Player","Cleared","","","","",""
"","","","","","|","Linqarddd","D","65","$10,000,000","","Free Agent","Player","Cleared","","","","",""
"","","","","","|","liojmmn","D","65","$10,000,000","","Free Agent","Player","Cleared","","","","",""
"","","","","","|","liokujin","D","65","$10,000,000","","Tottenham Hotspur","Player","Cleared","","","","",""
"","","","","","|","lionel46pro","D","65","$10,000,000","","Free Agent","Player","Cleared","","","","",""
"","","","","","|","liorzei","D","65","$10,000,000","","Free Agent","Player","Cleared","","","","",""
"","","","","","|","LitOmonic","D","65","$10,000,000","","Free Agent","Player","Cleared","","","","",""
"","","","","","|","LlllllolXD","D","65","$10,000,000","","Union Saint-Gilloise","Player","Cleared","","","","",""
"","","","","","|","llTony_Kroos","D","65","$10,000,000","","Free Agent","Player","Cleared","","","","",""
"","","","","","|","lofusei","D","65","$10,000,000","","Free Agent","Player","Cleared","","","","",""
"","","","","","|","LordOfTheTon7","D","65","$10,000,000","","Free Agent","Player","Cleared","","","","",""
"","","","","","|","lsonicalx","D","65","$10,000,000","","Free Agent","Player","Cleared","","","","",""
"","","","","","|","lubauti04","D","65","$10,000,000","","Sporting CP","Player","Cleared","","","","",""
"","","","","","|","lucastonyx","D","65","$10,000,000","","Free Agent","Player","Cleared","","","","",""
"","","","","","|","lukeboyganig","D","65","$10,000,000","","Free Agent","Player","SSN Ban","","","","",""
"","","","","","|","lukizyx","D","65","$10,000,000","","Free Agent","Player","Cleared","","","","",""
"","","","","","|","LuNatsuLu","D","65","$10,000,000","","Free Agent","Player","Cleared","","","","",""
"","","","","","|","M0ryach0k11","D","65","$10,000,000","","Free Agent","Player","Cleared","","","","",""
"","","","","","|","magicalzindix","D","65","$10,000,000","","Free Agent","Player","Cleared","","","","",""
"","","","","","|","MAHMOGAMER","D","65","$10,000,000","","Free Agent","Player","Cleared","","","","",""
"","","","","","|","ManLikeStam","D","65","$10,000,000","","Tottenham Hotspur","Player","Cleared","","","","",""
"","","","","","|","Mannerheim940","D","65","$10,000,000","","Free Agent","Player","Cleared","","","","",""
"","","","","","|","MarcoDEMONIOOO21312","D","65","$10,000,000","","Free Agent","Player","Cleared","","","","",""
"","","","","","|","marianoycamila08","D","65","$10,000,000","","Juventus F.C","Player","Cleared","","","","",""
"","","","","","|","mariodz102","D","65","$10,000,000","","Free Agent","Player","Cleared","","","","",""
"","","","","","|","master454512","D","65","$10,000,000","","RB Leipzig","Player","Cleared","","","","",""
"","","","","","|","mateqx1","D","65","$10,000,000","","Free Agent","Player","Cleared","","","","",""
"","","","","","|","matgame972","D","65","$10,000,000","","Free Agent","Player","Cleared","","","","",""
"","","","","","|","MatiasKaporoom","D","65","$10,000,000","","NAC Breda","Player","Cleared","","","","",""
"","","","","","|","matiasperuanoxd","D","65","$10,000,000","","Free Agent","Player","Cleared","","","","",""
"","","","","","|","Matsiq123","D","65","$10,000,000","","RB Leipzig","Assistant","Cleared","","","","",""
"","","","","","|","Maximo_2016","D","65","$10,000,000","","Celtic F.C","Player","Cleared","","","","",""
"","","","","","|","MaxMakoShark","D","65","$10,000,000","","Free Agent","Player","Cleared","","","","",""
"","","","","","|","Mehzzi","D","65","$10,000,000","","Free Agent","Player","Cleared","","","","",""
"","","","","","|","melozaria","D","65","$10,000,000","","Free Agent","Player","Cleared","","","","",""
"","","","","","|","MemoEgy","D","65","$10,000,000","","Free Agent","Player","Cleared","","","","",""
"","","","","","|","Merwan_78","D","65","$10,000,000","","Free Agent","Player","Cleared","","","","",""
"","","","","","|","MESKA_YT","D","65","$10,000,000","","Free Agent","Player","Cleared","","","","",""
"","","","","","|","metalguy566","D","65","$10,000,000","","Free Agent","Player","Cleared","","","","",""
"","","","","","|","MF7UP","D","65","$10,000,000","","Free Agent","Player","Cleared","","","","",""
"","","","","","|","michell_2011","D","65","$10,000,000","","Free Agent","Player","Cleared","","","","",""
"","","","","","|","mikbank","D","65","$10,000,000","","AFC Ajax","Assistant","Cleared","","","","",""
"","","","","","|","Mike20188","D","65","$10,000,000","","Free Agent","Player","Cleared","","","","",""
"","","","","","|","minwager","D","65","$10,000,000","","Free Agent","Player","Cleared","","","","",""
"","","","","","|","mirac7104","D","65","$10,000,000","","Bayern Munich","Player","Cleared","","","","",""
"","","","","","|","MK1zl","D","65","$10,000,000","","Free Agent","Player","Cleared","","","","",""
"","","","","","|","modenphrog","D","65","$10,000,000","","Free Agent","Player","Cleared","","","","",""
"","","","","","|","MohamedSaidBenrahma","D","65","$10,000,000","","Free Agent","Player","Cleared","","","","",""
"","","","","","|","monahinho","D","65","$10,000,000","","Manchester United","Player","Cleared","","","","",""
"","","","","","|","MonkiSeb","D","65","$10,000,000","","Free Agent","Player","Cleared","","","","",""
"","","","","","|","Mrender0110","D","65","$10,000,000","","Pafos FC","Manager","Cleared","","","","",""
"","","","","","|","MrHiko_Yt","D","65","$10,000,000","","Jagiellonia","Player","Cleared","","","","",""
"","","","","","|","MRXabdoX","D","65","$10,000,000","","Free Agent","Player","Cleared","","","","",""
"","","","","","|","mutawkel1","D","65","$10,000,000","","Free Agent","Player","Cleared","","","","",""
"","","","","","|","MxIongo","D","65","$10,000,000","","Free Agent","Player","Cleared","","","","",""
"","","","","","|","Mxsterrest","D","65","$10,000,000","","Free Agent","Player","Cleared","","","","",""
"","","","","","|","Mynamekap112","D","65","$10,000,000","","Free Agent","Player","Cleared","","","","",""
"","","","","","|","nanoghost788","D","65","$10,000,000","","Free Agent","Player","Cleared","","","","",""
"","","","","","|","NarutoNamikaze5890","D","65","$10,000,000","","Free Agent","Player","Cleared","","","","",""
"","","","","","|","nesquiikv","D","65","$10,000,000","","Free Agent","Player","Cleared","","","","",""
"","","","","","|","Nessuares","D","65","$10,000,000","","Free Agent","Player","Cleared","","","","",""
"","","","","","|","NicolasMT23","D","65","$10,000,000","","Free Agent","Player","Cleared","","","","",""
"","","","","","|","nien0w","D","65","$10,000,000","","RB Salzburg","Player","Cleared","","","","",""
"","","","","","|","Nikokall","D","65","$10,000,000","","Free Agent","Player","Cleared","","","","",""
"","","","","","|","nipherus","D","65","$10,000,000","","Free Agent","Player","Cleared","","","","",""
"","","","","","|","nokzq_xv","D","65","$10,000,000","","Union Saint-Gilloise","Player","Cleared","","","","",""
"","","","","","|","NoobandProoooo","D","65","$10,000,000","","Free Agent","Player","Cleared","","","","",""
"","","","","","|","nxrosa","D","65","$10,000,000","","Free Agent","Player","Cleared","","","","",""
"","","","","","|","o4600sa","D","65","$10,000,000","","Free Agent","Player","Cleared","","","","",""
"","","","","","|","oldmandomi","D","65","$10,000,000","","Free Agent","Player","Cleared","","","","",""
"","","","","","|","ollman22","D","65","$10,000,000","","Hamrun Spartans","Player","Cleared","","","","",""
"","","","","","|","on25s","D","65","$10,000,000","","Free Agent","Player","Cleared","","","","",""
"","","","","","|","OnceMelon","D","65","$10,000,000","","Free Agent","Player","Cleared","","","","",""
"","","","","","|","OnepunchZv","D","65","$10,000,000","","Free Agent","Player","Cleared","","","","",""
"","","","","","|","oscarpiastri","D","65","$10,000,000","","Free Agent","Player","Cleared","","","","",""
"","","","","","|","osswaIdcobblepot","D","65","$10,000,000","","Free Agent","Player","Cleared","","","","",""
"","","","","","|","otxxkk","D","65","$10,000,000","","RB Salzburg","Player","Cleared","","","","",""
"","","","","","|","Ousmane_Dembele2","D","65","$10,000,000","","Bayer Leverkusen","Player","Cleared","","","","",""
"","","","","","|","overattract","D","65","$10,000,000","","Free Agent","Player","Cleared","","","","",""
"","","","","","|","Ozchalk","D","65","$10,000,000","","Free Agent","Player","Cleared","","","","",""
"","","","","","|","panda140820","D","65","$10,000,000","","Free Agent","Player","Cleared","","","","",""
"","","","","","|","papucraft_43","D","65","$10,000,000","","Pafos FC","Player","Cleared","","","","",""
"","","","","","|","parsa88boyka","D","65","$10,000,000","","Union Saint-Gilloise","Player","Cleared","","","","",""
"","","","","","|","PatrickWheels","D","65","$10,000,000","","Hamrun Spartans","Manager","Cleared","","","","",""
"","","","","","|","PeacefulSiva","D","65","$10,000,000","","Free Agent","Player","Cleared","","","","",""
"","","","","","|","Pecnaldinho","D","65","$10,000,000","","Free Agent","Player","Cleared","","","","",""
"","","","","","|","PEDROLERIGOLO","D","65","$10,000,000","","Free Agent","Player","Cleared","","","","",""
"","","","","","|","Pedroshot_Gaming","D","65","$10,000,000","","BSC Young Boys","Player","Cleared","","","","",""
"","","","","","|","PeitXVIII","D","65","$10,000,000","","Free Agent","Player","Cleared","","","","",""
"","","","","","|","pengzinho","D","65","$10,000,000","","Free Agent","Player","Cleared","","","","",""
"","","","","","|","pIaatini","D","65","$10,000,000","","Free Agent","Player","Cleared","","","","",""
"","","","","","|","piemochi","D","65","$10,000,000","","Free Agent","Player","Cleared","","","","",""
"","","","","","|","pinguinitotroll","D","65","$10,000,000","","Free Agent","Player","Cleared","","","","",""
"","","","","","|","plaetini","D","65","$10,000,000","","Jagiellonia","Player","Cleared","","","","",""
"","","","","","|","Planovac","D","65","$10,000,000","","Free Agent","Retired Uncle","Cleared","","","","",""
"","","","","","|","platinum20007","D","65","$10,000,000","","Free Agent","Player","Cleared","","","","",""
"","","","","","|","playgamepvp2","D","65","$10,000,000","","Free Agent","Player","Cleared","","","","",""
"","","","","","|","psitulasek2211","D","65","$10,000,000","","Free Agent","Player","Cleared","","","","",""
"","","","","","|","Pula23333","D","65","$10,000,000","","Free Agent","Player","Cleared","","","","",""
"","","","","","|","qatariaen","D","65","$10,000,000","","Free Agent","Player","Cleared","","","","",""
"","","","","","|","Raaahim7","D","65","$10,000,000","","Free Agent","Player","Cleared","","","","",""
"","","","","","|","RaceBuu","D","65","$10,000,000","","Free Agent","Player","Cleared","","","","",""
"","","","","","|","Rafo_ux","D","65","$10,000,000","","Fenerbahçe","Player","Cleared","","","","",""
"","","","","","|","Raminhosgames","D","65","$10,000,000","","PSV Eindhoven","Player","Cleared","","","","",""
"","","","","","|","realDrako","D","65","$10,000,000","","Free Agent","Player","Cleared","","","","",""
"","","","","","|","Realuct","D","65","$10,000,000","","Free Agent","Player","Cleared","","","","",""
"","","","","","|","recrystaIlize","D","65","$10,000,000","","Real Madrid C.F","Player","Cleared","","","","",""
"","","","","","|","RedHoomanYT","D","65","$10,000,000","","Free Agent","Player","Cleared","","","","",""
"","","","","","|","renaattoo10","D","65","$10,000,000","","Hajduk Split","Player","Cleared","","","","",""
"","","","","","|","Renoh0207","D","65","$10,000,000","","Free Agent","Player","Cleared","","","","",""
"","","","","","|","ResilientScout","D","65","$10,000,000","","Free Agent","Player","Cleared","","","","",""
"","","","","","|","retinzunololenxenyes","D","65","$10,000,000","","Free Agent","Player","Cleared","","","","",""
"","","","","","|","RickyChima","D","65","$10,000,000","","Free Agent","Player","Cleared","","","","",""
"","","","","","|","RiyadKMahrez","D","65","$10,000,000","","Free Agent","Player","Cleared","","","","",""
"","","","","","|","Rk13891","D","65","$10,000,000","","Free Agent","Player","Cleared","","","","",""
"","","","","","|","Rm8w","D","65","$10,000,000","","Free Agent","Player","Cleared","","","","",""
"","","","","","|","roarchaki2402","D","65","$10,000,000","","Free Agent","Player","Cleared","","","","",""
"","","","","","|","Robin_Alpca","D","65","$10,000,000","","Free Agent","Player","Cleared","","","","",""
"","","","","","|","RobloSalade","D","65","$10,000,000","","Free Agent","Player","Cleared","","","","",""
"","","","","","|","RobloxScripterDevLua","D","65","$10,000,000","","Free Agent","Player","Cleared","","","","",""
"","","","","","|","ROBLOXSENSIBLENOOB","D","65","$10,000,000","","Free Agent","Player","Cleared","","","","",""
"","","","","","|","RobloxUser130609","D","65","$10,000,000","","Free Agent","Player","Cleared","","","","",""
"","","","","","|","rondalejj","D","65","$10,000,000","","Free Agent","Player","Cleared","","","","",""
"","","","","","|","roxodoshadownoob21","D","65","$10,000,000","","Free Agent","Player","RESA Ban","","","","",""
"","","","","","|","RUFAT36_14","D","65","$10,000,000","","Real Betis","Player","Cleared","","","","",""
"","","","","","|","RxckFrost","D","65","$10,000,000","","Free Agent","Player","Cleared","","","","",""
"","","","","","|","S_haddai","D","65","$10,000,000","","Free Agent","Player","Cleared","","","","",""
"","","","","","|","SaeEgoistx","D","65","$10,000,000","","Free Agent","Player","Cleared","","","","",""
"","","","","","|","safinh0","D","65","$10,000,000","","Free Agent","Player","Cleared","","","","",""
"","","","","","|","Santiago_1101","D","65","$10,000,000","","Free Agent","Player","Cleared","","","","",""
"","","","","","|","santinoo","D","65","$10,000,000","","Free Agent","Player","Cleared","","","","",""
"","","","","","|","satriaperwira","D","65","$10,000,000","","Free Agent","Player","Cleared","","","","",""
"","","","","","|","screwdam","D","65","$10,000,000","","Free Agent","Player","Cleared","","","","",""
"","","","","","|","scvseth","D","65","$10,000,000","","Free Agent","Player","Cleared","","","","",""
"","","","","","|","sebbvetteI","D","65","$10,000,000","","Free Agent","Player","Cleared","","","","",""
"","","","","","|","SECONDACCOUNT_SOUP","D","65","$10,000,000","","Free Agent","Player","Cleared","","","","",""
"","","","","","|","Semkokozluca3","D","65","$10,000,000","","Free Agent","Player","Cleared","","","","",""
"","","","","","|","SerpzCustos","D","65","$10,000,000","","Empoli","Player","Cleared","","","","",""
"","","","","","|","ShadowDefenderXII","D","65","$10,000,000","","Free Agent","Player","Cleared","","","","",""
"","","","","","|","shany4ng","D","65","$10,000,000","","Tottenham Hotspur","Player","Cleared","","","","",""
"","","","","","|","ShawnxMonaco","D","65","$10,000,000","","Sporting CP","Player","SSN Ban","","","","",""
"","","","","","|","Shvrch","D","65","$10,000,000","","Free Agent","Player","Cleared","","","","",""
"","","","","","|","sincerelyjays","D","65","$10,000,000","","Free Agent","Player","Cleared","","","","",""
"","","","","","","SixityTime","D","65","$10,000,000","","Union Saint-Gilloise","Player","Cleared","","","","",""
"","","","","","","sjaak11","D","65","$10,000,000","","Free Agent","Player","Cleared","","","","",""
"","","","","","","SkitIsRogue","D","65","$10,000,000","","Free Agent","Player","Cleared","","","","",""
"","","","","","","slimboyfat5","D","65","$10,000,000","","Fenerbahçe","Player","Cleared","","","","",""
"","","","","","","Smeagolmann","D","65","$10,000,000","","Free Agent","Player","Cleared","","","","",""
"","","","","","","smike3334","D","65","$10,000,000","","Rangers F.C","Player","Cleared","","","","",""
"","","","","","","SomaliSaviour","D","65","$10,000,000","","Free Agent","Player","Cleared","","","","",""
"","","","","","","SomySampo","D","65","$10,000,000","","Free Agent","Player","Cleared","","","","",""
"","","","","","","soyelhombremorado300","D","65","$10,000,000","","Free Agent","Player","Cleared","","","","",""
"","","","","","","sp9rta","D","65","$10,000,000","","Free Agent","Player","Cleared","","","","",""
"","","","","","","Spac0wski","D","65","$10,000,000","","Free Agent","Player","Cleared","","","","",""
"","","","","","","Speedyzv","D","65","$10,000,000","","PSV Eindhoven","Player","Cleared","","","","",""
"","","","","","","Stefdino","D","65","$10,000,000","","Free Agent","Player","Cleared","","","","",""
"","","","","","","stevizzo","D","65","$10,000,000","","Free Agent","Player","Cleared","","","","",""
"","","","","","","streetannie","D","65","$10,000,000","","Free Agent","Player","Cleared","","","","",""
"","","","","","","superroblox321","D","65","$10,000,000","","Hamrun Spartans","Player","Cleared","","","","",""
"","","","","","","SwaySwayboii_II","D","65","$10,000,000","","Bayer Leverkusen","Player","Cleared","","","","",""
"","","","","","","swzrox","D","65","$10,000,000","","AC Milan","Player","Cleared","","","","",""
"","","","","","","Synicalz_x","D","65","$10,000,000","","NAC Breda","Player","Cleared","","","","",""
"","","","","","","Synksx","D","65","$10,000,000","","Club Brugge","Assistant","Cleared","","","","",""
"","","","","","","szemuveg_gaming","D","65","$10,000,000","","AFC Ajax","Player","Cleared","","","","",""
"","","","","","","t5masz","D","65","$10,000,000","","Free Agent","Player","Cleared","","","","",""
"","","","","","","TerminatorBat123","D","65","$10,000,000","","Free Agent","Player","Cleared","","","","",""
"","","","","","","TheSmurfTheGood","D","65","$10,000,000","","Free Agent","Player","Cleared","","","","",""
"","","","","","","Toxtricity45","D","65","$10,000,000","","Free Agent","Player","Cleared","","","","",""
"","","","","","","trovao16","D","65","$10,000,000","","Free Agent","Player","Cleared","","","","",""
"","","","","","","trtremir0077","D","65","$10,000,000","","Free Agent","Player","Cleared","","","","",""
"","","","","","","tumanze","D","65","$10,000,000","","Manchester United","Player","Cleared","","","","",""
"","","","","","","Tushonslayer","D","65","$10,000,000","","Free Agent","Player","Cleared","","","","",""
"","","","","","","uazeed","D","65","$10,000,000","","Free Agent","Player","Cleared","","","","",""
"","","","","","","Uged","D","65","$10,000,000","","Free Agent","Player","Cleared","","","","",""
"","","","","","","uthex","D","65","$10,000,000","","Free Agent","Player","Cleared","","","","",""
"","","","","","","vauthum","D","65","$10,000,000","","Free Agent","Player","Cleared","","","","",""
"","","","","","","veitharoo","D","65","$10,000,000","","Free Agent","Player","Cleared","","","","",""
"","","","","","","VeloxEdge","D","65","$10,000,000","","Free Agent","Player","Cleared","","","","",""
"","","","","","","virazei","D","65","$10,000,000","","Free Agent","Player","Cleared","","","","",""
"","","","","","","vladimirboss","D","65","$10,000,000","","Hamrun Spartans","Player","Cleared","","","","",""
"","","","","","","vtknery","D","65","$10,000,000","","Chelsea F.C","Player","Cleared","","","","",""
"","","","","","","vtknmelo","D","65","$10,000,000","","Free Agent","Player","Cleared","","","","",""
"","","","","","","vybala","D","65","$10,000,000","","Union Saint-Gilloise","Player","Cleared","","","","",""
"","","","","","","wakahammer","D","65","$10,000,000","","Free Agent","Player","Cleared","","","","",""
"","","","","","","Wertbiceps","D","65","$10,000,000","","Borussia Dortmund","Player","Cleared","","","","",""
"","","","","","","Wiinchxster","D","65","$10,000,000","","Free Agent","Player","Cleared","","","","",""
"","","","","","","wlNams","D","65","$10,000,000","","Paris FC","Player","RESA Ban","","","","",""
"","","","","","","wubrekkie","D","65","$10,000,000","","Celtic F.C","Player","Cleared","","","","",""
"","","","","","","wzrried","D","65","$10,000,000","","Free Agent","Player","Cleared","","","","",""
"","","","","","","x86Havoc","D","65","$10,000,000","","Hamrun Spartans","Player","Cleared","","","","",""
"","","","","","","xantasies","D","65","$10,000,000","","Free Agent","Player","Cleared","","","","",""
"","","","","","","xaxors22","D","65","$10,000,000","","Rangers F.C","Player","Cleared","","","","",""
"","","","","","","xenophoenix11","D","65","$10,000,000","","Fenerbahçe","Player","Cleared","","","","",""
"","","","","","","XenoSuperEscalibur","D","65","$10,000,000","","BSC Young Boys","Player","Cleared","","","","",""
"","","","","","","XIIDeiveIIX","D","65","$10,000,000","","Free Agent","Player","Cleared","","","","",""
"","","","","","","xu1zo","D","65","$10,000,000","","Fenerbahçe","Player","Cleared","","","","",""
"","","","","","","XxFelipexX7w7","D","65","$10,000,000","","AFC Ajax","Player","Cleared","","","","",""
"","","","","","","Y2oung","D","65","$10,000,000","","Free Agent","Player","Cleared","","","","",""
"","","","","","","yehiamo","D","65","$10,000,000","","Free Agent","Player","Cleared","","","","",""
"","","","","","","Ymazing1","D","65","$10,000,000","","Free Agent","Player","Cleared","","","","",""
"","","","","","","yossefessa","D","65","$10,000,000","","Free Agent","Player","Cleared","","","","",""
"","","","","","","Younes_MPS","D","65","$10,000,000","","Free Agent","Player","Cleared","","","","",""
"","","","","","","Yunami27X","D","65","$10,000,000","","Union Saint-Gilloise","Player","Cleared","","","","",""
"","","","","","","YUUUUUUUUUURRl","D","65","$10,000,000","","Free Agent","Player","Cleared","","","","",""
"","","","","","","zackerzi","D","65","$10,000,000","","Free Agent","Player","Cleared","","","","",""
"","","","","","","zaketti","D","65","$10,000,000","","Manchester City","Player","Cleared","","","","",""
"","","","","","","Zarkzos","D","65","$10,000,000","","RB Leipzig","Player","Cleared","","","","",""
"","","","","","","zeizucoo","D","65","$10,000,000","","Free Agent","Player","Cleared","","","","",""
"","","","","","","zerix_360","D","65","$10,000,000","","Bayern Munich","Player","Cleared","","","","",""
"","","","","","","Zl_Moren","D","65","$10,000,000","","Free Agent","Player","Cleared","","","","",""
"","","","","","","zlatanbad","D","65","$10,000,000","","Free Agent","Player","Cleared","","","","",""