"","Rank","SEASON 21 Goals Name","Team","FINAL Goals","","Rank","SEASON 21 Assists Name","Team","FINAL Assists","","Rank","SEASON 21 Cleansheets Name","Team","FINAL CS","","Rank","SEASON 21 MOTM Count Name","Team","FINAL MOTMs","","Rank","SEASON 21 Mentions Count Name","Team","Mentions","1ST","2ND","FINAL 3RD","","Rank","SEASON 20 Card Count Name","Team","FINAL YC","RC",""
"","1","Jack924833","Tottenham Hotspur","78","","1","Maluzur","Tottenham Hotspur","67","","1","recrystaIlize","Real Madrid C.F","10","","1","Jack924833","Tottenham Hotspur","14","","1","Maluzur","Tottenham Hotspur","15","9","6","0","","1","renaattoo10","Hajduk Split","2","3",""
"","2","luisssssssssssssss_s","Liverpool F.C","58","","2","serrajordi22","Chelsea F.C","31","","2","BIoxinhooo","Real Betis","5","","2","serrajordi22","Chelsea F.C","13","","2","4rkkz","Wolves","15","7","4","4","","2","filipcc12","AC Milan","3","2",""
"","3","dami0710","Jagiellonia","51","","3","Nazotiy","Manchester City","25","","3","bxskyy","Tottenham Hotspur","5","","3","17shka","Manchester City","11","","3","fazaldo","AC Milan","15","6","2","7","","3","usamoi5","Pafos FC","3","2",""
"","4","vaqakawa","Chelsea F.C","46","","4","IrnJoseph","Jagiellonia","23","","4","imnotarealBR","Chelsea F.C","5","","4","luisssssssssssssss_s","Liverpool F.C","10","","4","Smokey3121","Real Madrid C.F","14","8","4","2","","4","sir_aimbot012","F.C Barcelona","2","2",""
"","5","R1AL2TY","Manchester United","45","","5","moonatuidi","Chelsea F.C","23","","5","thrynl","AC Milan","5","","5","dami0710","Jagiellonia","9","","5","Nazotiy","Manchester City","14","4","6","4","","5","amrmalekelboss","Bayer Leverkusen","1","2",""
"","6","ramonterrier","Real Madrid C.F","40","","6","17shka","Manchester City","22","","6","ActuaIlyPsi","Fenerbahçe","4","","6","vaqakawa","Chelsea F.C","9","","6","Iisandroo","AC Milan","14","4","4","6","","6","mopatika","Real Betis","1","2",""
"","7","RobertLewandowski38","Juventus F.C","36","","7","Iawestt22","AC Milan","20","","7","aknicc","Celtic F.C","4","","7","R1AL2TY","Manchester United","8","","7","Zinrall","AC Milan","14","4","4","6","","7","juan810j","Paris FC","5","1",""
"","8","9DybaIa","AS Monaco","35","","8","ramonterrier","Real Madrid C.F","19","","8","CaioDoRoblox","RB Salzburg","4","","8","9DybaIa","AS Monaco","7","","8","Lazare67","Manchester United","14","4","3","7","","8","SamueItx","BSC Young Boys","5","1",""
"","9","serrajordi22","Chelsea F.C","33","","9","gabipagabo3000","AS Monaco","18","","9","Carlorzei","Dinamo Zagreb","4","","9","baconltoo","Sporting CP","7","","9","ninjisso","Inter Milan","13","5","4","4","","9","Zinrall","AC Milan","5","1",""
"","10","raahzaa","Real Betis","32","","10","paletext","Wolves","18","","10","JONHCENA38","Sporting CP","4","","10","h2hvenom","Marseille","7","","10","moonatuidi","Chelsea F.C","13","3","6","4","","10","elcrack1245","AFC Ajax","4","1",""
"","11","IvanLescanito","Sporting CP","31","","11","IvanLescanito","Sporting CP","17","","11","reiulent","Pafos FC","4","","11","ramonterrier","Real Madrid C.F","7","","11","SuIeex","Tottenham Hotspur","13","2","8","3","","11","Iam_Owen","NAC Breda","4","1",""
"","12","fazaldo","AC Milan","30","","12","LimiDantoneIIi","Celtic F.C","17","","12","spook3d","Wolves","4","","12","Rippxh","Paris FC","7","","12","serrajordi22","Chelsea F.C","12","9","2","1","","12","XenoSuperEscalibur","BSC Young Boys","4","1",""
"","13","Iawestt22","AC Milan","30","","13","LucasBergvaII","AFC Ajax","17","","13","3yl9d","Club Brugge","3","","13","rocha90","Club Brugge","7","","13","LimiDantoneIIi","Celtic F.C","12","5","4","3","","13","marianoycamila08","Juventus F.C","3","1",""
"","14","Rippxh","Paris FC","29","","14","fazaldo","AC Milan","16","","14","DAMULEKPL","Jagiellonia","3","","14","Iawestt22","AC Milan","6","","14","Synksx","Club Brugge","11","8","2","1","","14","MISHIPRAXDYT2","Dinamo Zagreb","3","1",""
"","15","Synksx","Club Brugge","29","","15","Iisandroo","AC Milan","16","","15","egereiz3256","Club Brugge","3","","15","Maluzur","Tottenham Hotspur","6","","15","vaqakawa","Chelsea F.C","11","6","4","1","","15","CanceIooo","Borussia Dortmund","2","1",""
"","16","17shka","Manchester City","28","","16","vaqakawa","Chelsea F.C","16","","16","Franksank2222","Manchester United","3","","16","RobertLewandowski38","Juventus F.C","6","","16","IvanLescanito","Sporting CP","11","6","3","2","","16","linozkr","Paris FC","2","1",""
"","17","LucasBergvaII","AFC Ajax","26","","17","BieI_1O","RB Salzburg","15","","17","GigoIsLigo","Juventus F.C","3","","17","xaampleboi","Empoli","6","","17","17shka","Manchester City","11","5","4","2","","17","marleeandflemington","Pafos FC","2","1",""
"","18","rocha90","Club Brugge","26","","18","Ohinkzs","Tottenham Hotspur","15","","18","migueatp","Liverpool F.C","3","","18","emceblantakrece","BSC Young Boys","5","","18","finjoshi","Celtic F.C","11","5","3","3","","18","Matsiq123","RB Leipzig","2","1",""
"","19","h2hvenom","Marseille","25","","19","xfibion","Marseille","15","","19","miljan637","Real Madrid C.F","3","","19","IvanLescanito","Sporting CP","5","","19","KosoovoIsSerbia","Marseille","11","4","4","3","","19","rebelvax","Hajduk Split","2","1",""
"","20","Smokey3121","Real Madrid C.F","25","","20","ninjisso","Inter Milan","14","","20","ML_Raul","AS Monaco","3","","20","JoaKoR15","Wolves","5","","20","ocelowski","Chelsea F.C","11","3","4","4","","20","saudezo","Fenerbahçe","2","1",""
"","21","sebasdeleon","Celtic F.C","24","","21","pooooooooooooer","F.C Barcelona","14","","21","Mohascred","Manchester City","3","","21","Nazotiy","Manchester City","5","","21","CriticalClip","NAC Breda","10","7","1","2","","21","Speedyzv","PSV Eindhoven","2","1",""
"","22","95mobbledd","Empoli","23","","22","vankue","Jagiellonia","14","","22","niovc","Borussia Dortmund","3","","22","Painshinratensei","Tottenham Hotspur","5","","22","Painshinratensei","Tottenham Hotspur","10","5","3","2","","22","srhguirassy","Paris FC","2","1",""
"","23","eIargentinoo","Manchester City","23","","23","47Weirdo","Empoli","13","","23","Painshinratensei","Tottenham Hotspur","3","","23","raahzaa","Real Betis","5","","23","dami0710","Jagiellonia","10","4","4","2","","23","verlaon","NAC Breda","2","1",""
"","24","finjoshi","Celtic F.C","22","","24","hjl","Real Betis","13","","24","alyvz7","Inter Milan","2","","24","ronaIddoo","Paris FC","5","","24","ramonterrier","Real Madrid C.F","10","4","3","3","","24","xFixLeox","Jagiellonia","2","1",""
"","25","MISHIPRAXDYT2","Dinamo Zagreb","22","","25","SuIeex","Tottenham Hotspur","13","","25","bauti38err","Empoli","2","","25","scachiatto","Borussia Dortmund","5","","25","saudezo","Fenerbahçe","10","2","5","3","","25","44bobz","Uzbekistan","1","1",""
"","26","aresefgod","Liverpool F.C","20","","26","blackmaks21","Dinamo Zagreb","12","","26","casillasproinres","Celtic F.C","2","","26","sebasdeleon","Celtic F.C","5","","26","MRDamDan","Chelsea F.C","10","1","2","7","","26","bxdghggjj31","Rangers F.C","1","1",""
"","27","ilIshootyou","Bayer Leverkusen","20","","27","COOKEDBYDANNY","Sporting CP","12","","27","Cycle_Youtub","F.C Barcelona","2","","27","95mobbledd","Empoli","4","","27","Iawestt22","AC Milan","9","6","2","1","","27","CrisitianoRonaldoCR7","Dinamo Zagreb","1","1",""
"","28","lubauti04","Sporting CP","20","","28","dami0710","Jagiellonia","12","","28","feukmizi","Manchester City","2","","28","ActuaIlyPsi","Fenerbahçe","4","","28","pipojoelcrack","AS Monaco","9","6","2","1","","28","DragonTwisterSword","Dinamo Zagreb","1","1",""
"","29","Maluzur","Tottenham Hotspur","20","","29","dsacszpro","Bayern Munich","12","","29","jetixpro","Bayern Munich","2","","29","BIoxinhooo","Real Betis","4","","29","LucasBergvaII","AFC Ajax","9","6","1","2","","29","esdeekidliverpool","RB Leipzig","1","1",""
"","30","verlaon","NAC Breda","20","","30","h2hlawaliet","F.C Barcelona","12","","30","lolololol1264","F.C Barcelona","2","","30","BroughtNightfall","Wolves","4","","30","lubauti04","Sporting CP","9","3","4","2","","30","eviluded","Real Betis","1","1",""
"","31","baconltoo","Sporting CP","19","","31","lubauti04","Sporting CP","12","","30","PercyTheFizzyPiggy","Inter Milan","2","","30","COOKEDBYDANNY","Sporting CP","4","","31","ezemateo04","Sporting CP","9","2","4","3","","31","ilIshootyou","Bayer Leverkusen","1","1",""
"","32","Memorientes","Fenerbahçe","19","","32","luisssssssssssssss_s","Liverpool F.C","12","","32","vladimirboss","Hamrun Spartans","2","","32","Justii_n","Inter Milan","4","","32","yuriocean","Wolves","9","2","4","3","9","32","IrnJoseph","Jagiellonia","1","1",""
"","33","pipojoelcrack","AS Monaco","18","","33","SirStellarie","Manchester United","12","","33","3xilno","PSV Eindhoven","1","","33","paletext","Wolves","4","","33","BieI_1O","RB Salzburg","9","1","3","5","","33","LimiDantoneIIi","Celtic F.C","1","1",""
"","34","4rkkz","Wolves","17","","34","Tonhowo","F.C Barcelona","12","","34","44bobz","Uzbekistan","1","","34","thrynl","AC Milan","4","","34","paletext","Wolves","8","7","1","0","","34","MigueLoXinX","Empoli","1","1",""
"","35","emceblantakrece","BSC Young Boys","17","","35","asd52hoho","Rangers F.C","11","","35","56ninja9","Free Agent","1","","35","verlaon","NAC Breda","4","","35","IrnJoseph","Jagiellonia","8","4","3","1","","35","ML_Raul","AS Monaco","1","1",""
"","36","kazooadam","AFC Ajax","17","","36","kazooadam","AFC Ajax","11","","36","8bein8","Sporting CP","1","","36","z1noszn","PSV Eindhoven","4","","36","h2handa","Real Betis","8","4","2","2","","36","MrHiko_Yt","Jagiellonia","1","1",""
"","37","vankue","Jagiellonia","17","","37","mikbank","AFC Ajax","11","","37","BloodhoundAntx","Chelsea F.C","1","","37","4rkkz","Wolves","3","","37","Thunde7r","Manchester United","8","3","1","4","","37","personaje23236","Dinamo Zagreb","1","1",""
"","38","xaampleboi","Empoli","17","","38","sebasdeleon","Celtic F.C","11","","38","DylanGamer_22","AS Monaco","1","","38","BieI_1O","RB Salzburg","3","","38","Igor_Akinfeev35","Jagiellonia","8","2","1","5","","38","ryanchiatto","Borussia Dortmund","1","1",""
"","39","Justii_n","Inter Milan","15","","39","Thunde7r","Manchester United","11","","39","ElMorfadorDeChoripan","Liverpool F.C","1","","39","BoldProdigy","Celtic F.C","3","","39","ItchyLfc2005","Hamrun Spartans","8","2","1","5","","39","TheUnknownDog1","Jagiellonia","1","1",""
"","40","BieI_1O","RB Salzburg","14","","40","9DybaIa","AS Monaco","10","","40","entracting","Hajduk Split","1","","40","DAMULEKPL","Jagiellonia","3","","40","luisblox040909","AS Monaco","8","1","4","3","","40","zyArthxr","Rangers F.C","1","1",""
"","41","CriticalClip","NAC Breda","14","","41","eIargentinoo","Manchester City","10","","41","EricRB321","RB Salzburg","1","","41","eIargentinoo","Manchester City","3","","41","skaraIho","Juventus F.C","7","5","1","1","","41","adruzo","Thailand","0","1",""
"","42","moonatuidi","Chelsea F.C","14","","42","h2handa","Real Betis","10","","42","ezequiemanu","Free Agent","1","","42","fazaldo","AC Milan","3","","42","pooooooooooooer","F.C Barcelona","7","4","3","0","","42","Cerueno","AS Monaco","0","1",""
"","43","Tonhowo","F.C Barcelona","14","","43","KosoovoIsSerbia","Marseille","10","","43","filipcc12","AC Milan","1","","43","GigoIsLigo","Juventus F.C","3","","43","95mobbledd","Empoli","7","3","3","1","","43","ElMorfadorDeChoripan","Liverpool F.C","0","1",""
"","44","z1noszn","PSV Eindhoven","14","","44","krisfaveIa","Rangers F.C","10","","44","FireBBombx","AFC Ajax","1","","44","Iisandroo","AC Milan","3","","44","flaandre_scarlet","PSV Eindhoven","7","3","3","1","","44","gabipagabo3000","AS Monaco","0","1",""
"","45","blackmaks21","Dinamo Zagreb","13","","45","NikeBRvip10","Club Brugge","10","","45","havaIiyim","Bayern Munich","1","","45","irineudosparanaue","Bayern Munich","3","","45","nepzos","Inter Milan","7","3","3","1","","45","Gaxovic","Hajduk Split","0","1",""
"","46","BroughtNightfall","Wolves","13","","46","ocelowski","Chelsea F.C","10","","46","HjaItee","Marseille","1","","46","JONHCENA38","Sporting CP","3","","46","retenzu","Real Madrid C.F","7","3","3","1","","46","Helziy","Manchester United","0","1",""
"","47","EIJoacoo","AS Monaco","13","","47","pipojoelcrack","AS Monaco","10","","47","Hrisowskii","Hajduk Split","1","","47","LimiDantoneIIi","Celtic F.C","3","","47","47Weirdo","Empoli","7","3","1","3","","47","HjaItee","Marseille","0","1",""
"","48","h2handa","Real Betis","13","","48","retenzu","Real Madrid C.F","10","","48","INTERCRAK36234","RB Salzburg","1","","48","lubauti04","Sporting CP","3","","48","pomidorek20007","Fenerbahçe","7","3","1","3","","48","IDoNotUseThis_Acc","AFC Ajax","0","1",""
"","49","Iisandroo","AC Milan","13","","49","Smokey3121","Real Madrid C.F","10","","49","jessnaldo","Real Madrid C.F","1","","49","LucasBergvaII","AFC Ajax","3","","49","fuujisako","Borussia Dortmund","7","2","3","2","","49","karaagelover","Paris FC","0","1",""
"","50","ocelowski","Chelsea F.C","13","","50","xaampleboi","Empoli","10","","50","KosovoolsAlbania","Wolves","1","","50","Memorientes","Fenerbahçe","3","","50","MISHIPRAXDYT2","Dinamo Zagreb","7","2","3","2","","50","kentroya","Real Madrid C.F","0","1",""
"","51","ryanchiatto","Borussia Dortmund","13","","51","yuriocean","Wolves","10","","51","Lasseboss","NAC Breda","1","","51","MISHIPRAXDYT2","Dinamo Zagreb","3","","51","svenzio","Paris FC","7","2","3","2","","51","kenzugwaps","PSV Eindhoven","0","1",""
"","52","Thunde7r","Manchester United","13","","52","zynevii","AC Milan","10","","52","MartinaIkishima","PSV Eindhoven","1","","52","moonatuidi","Chelsea F.C","3","","52","toddzzj","F.C Barcelona","7","2","3","2","","52","lsmiAli","Paris FC","0","1",""
"","53","zynevii","AC Milan","13","","53","AitNourii","Paris FC","9","","53","MARTlNELLI","Wolves","1","","53","retenzu","Real Madrid C.F","3","","53","GigoIsLigo","Juventus F.C","7","2","2","3","","53","nxrutti","Thailand","0","1",""
"","54","fuujisako","Borussia Dortmund","12","","54","finjoshi","Celtic F.C","9","","54","Merknazer","Liverpool F.C","1","","54","Synksx","Club Brugge","3","","54","vankue","Jagiellonia","7","2","2","2","","54","smike3334","Rangers F.C","0","1",""
"","55","h2hlawaliet","F.C Barcelona","12","","55","itsslothplayz","AFC Ajax","9","","55","OBEY0URMASTER","F.C Barcelona","1","","55","Thunde7r","Manchester United","3","","55","Memorientes","Fenerbahçe","7","1","6","0","","55","sp9rta","Free Agent","0","1",""
"","56","machivelliant","Bayer Leverkusen","12","","56","jossuethebest12","NAC Breda","9","","56","PumpedCrisXI","AC Milan","1","","56","toddzzj","F.C Barcelona","3","","56","R1AL2TY","Manchester United","7","1","4","2","","56","STORMgiannis900","Hajduk Split","0","1",""
"","57","mikbank","AFC Ajax","12","","57","Memorientes","Fenerbahçe","9","","57","RebeIinq","Real Madrid C.F","1","","57","vladimirboss","Hamrun Spartans","3","","57","Tonhowo","F.C Barcelona","7","1","4","2","","57","Xetakken","South Korea","0","1",""
"","58","nepzos","Inter Milan","12","","58","MISHIPRAXDYT2","Dinamo Zagreb","9","","58","SerpzCustos","Empoli","1","","58","xfibion","Marseille","3","","58","zynevii","AC Milan","7","1","3","3","","58","YUUUUUUUUUURRl","Free Agent","0","1",""
"","59","ronaIddoo","Paris FC","12","","59","n5ves","Free Agent","9","","59","Shyzukesa","BSC Young Boys","1","","59","adruzo","Thailand","2","","59","gabipagabo3000","AS Monaco","7","0","5","2","","59","ezemateo04","Sporting CP","6","0",""
"","60","scachiatto","Borussia Dortmund","12","","60","nepzos","Inter Milan","9","","60","svenzio","Paris FC","1","","60","cunaamiflow","RB Salzburg","2","","60","h2hvenom","Marseille","6","5","1","0","","60","47Weirdo","Empoli","5","0",""
"","61","spider_jr23","Liverpool F.C","12","","61","scachiatto","Borussia Dortmund","9","","61","SxIbaa","F.C Barcelona","1","","61","dsacszpro","Bayern Munich","2","","61","eIargentinoo","Manchester City","6","5","0","1","","61","Hansej","Hamrun Spartans","5","0",""
"","62","47Weirdo","Empoli","11","","62","Synksx","Club Brugge","9","","62","TheUnknownDog1","Jagiellonia","1","","62","eIpersaa","Manchester City","2","","62","h2hlawaliet","F.C Barcelona","6","4","1","1","","62","KosoovoIsSerbia","Marseille","5","0",""
"","63","ElchuchoPerez","Dinamo Zagreb","11","","63","verlaon","NAC Breda","9","","63","tizongass","AS Monaco","1","","63","feukmizi","Manchester City","2","","63","RobertLewandowski38","Juventus F.C","6","3","3","0","","63","WD_KMx","Real Betis","5","0",""
"","64","GokuSSGSS323","Empoli","11","","64","Wintre7a","PSV Eindhoven","9","","64","vtknery","Chelsea F.C","1","","64","finjoshi","Celtic F.C","2","","64","frieztaa","Bayern Munich","6","3","2","1","","64","Domosaur_Tim","Hamrun Spartans","4","0",""
"","65","IrnJoseph","Jagiellonia","11","","65","CriticalClip","NAC Breda","8","","65","weitano","Inter Milan","1","","65","iconion","PSV Eindhoven","2","","65","xaampleboi","Empoli","6","3","2","1","","65","Igor_Akinfeev35","Jagiellonia","4","0",""
"","66","jakenaIdo","PSV Eindhoven","11","","66","emceblantakrece","BSC Young Boys","8","","66","zerix_360","Bayern Munich","1","","66","ilIshootyou","Philippines","2","","66","xfibion","Marseille","6","3","2","1","","66","innverted","Free Agent","4","0",""
"","67","Jeremy_Zoku","BSC Young Boys","11","","67","GokuSSGSS323","Empoli","8","","67","0_7Crazy","","0","","67","IrnJoseph","Jagiellonia","2","","67","Jeremy_Zoku","BSC Young Boys","6","3","1","2","","67","Izuukinata","Real Madrid C.F","4","0",""
"","68","KosoovoIsSerbia","Marseille","11","","68","Igor_Akinfeev35","Jagiellonia","8","","68","0_Benicio","","0","","68","jakenaIdo","PSV Eindhoven","2","","68","Izuukinata","Real Madrid C.F","6","3","0","3","","68","nepzos","Inter Milan","4","0",""
"","69","LimiDantoneIIi","Celtic F.C","11","","69","Jack924833","Tottenham Hotspur","8","","69","02Addo","","0","","69","jetixpro","Bayern Munich","2","","69","GokuSSGSS323","Empoli","6","2","4","0","","69","Ohinkzs","Tottenham Hotspur","4","0",""
"","70","Nazotiy","Manchester City","11","","70","kentroya","Real Madrid C.F","8","","70","02dxnn","","0","","70","jkiller67867282882","PSV Eindhoven","2","","70","kentroya","Real Madrid C.F","6","2","2","2","","70","qeintessential","BSC Young Boys","4","0",""
"","71","COOKEDBYDANNY","Sporting CP","10","","71","p9eng","Bayern Munich","8","","71","07uzi","","0","","71","jossuethebest12","NAC Breda","2","","71","marleeandflemington","Pafos FC","6","2","2","2","","71","themightyjesse","Pafos FC","4","0",""
"","72","cunaamiflow","RB Salzburg","10","","72","pomidorek20007","Fenerbahçe","8","","72","0kochaa","","0","","72","kazooadam","AFC Ajax","2","","72","NikeBRvip10","Club Brugge","6","2","2","2","","72","4rkkz","Wolves","3","0",""
"","73","eIpersaa","Manchester City","10","","73","Rippxh","Paris FC","8","","73","109davo","","0","","73","krisfaveIa","Rangers F.C","2","","73","niovc","Borussia Dortmund","6","2","2","2","","73","berbatoov","Fenerbahçe","3","0",""
"","74","marleeandflemington","Pafos FC","10","","74","t_osen","Paris FC","8","","74","13kpoopyhead","","0","","74","mikbank","AFC Ajax","2","","74","t_osen","Paris FC","6","2","1","3","","74","BroughtNightfall","Wolves","3","0",""
"","75","pomidorek20007","Fenerbahçe","10","","75","Uziuqq","Borussia Dortmund","8","","75","15Tesla1","","0","","75","n5ves","Free Agent","2","","75","jakenaIdo","PSV Eindhoven","6","2","0","4","","75","CriticalClip","NAC Breda","3","0",""
"","76","adruzo","Thailand","9","","76","vtknbale","Bayern Munich","8","","76","17shka","","0","","76","NikeBRvip10","Club Brugge","2","","76","Jack924833","Tottenham Hotspur","6","1","4","1","","76","Fathikong1","Sporting CP","3","0",""
"","77","jossuethebest12","NAC Breda","9","","77","z1noszn","PSV Eindhoven","8","","77","19mws","","0","","77","ninjisso","Inter Milan","2","","77","jetixpro","Bayern Munich","6","1","4","1","","77","finjoshi","Celtic F.C","3","0",""
"","78","parlayhunter","Bayern Munich","9","","78","zeitano","Bayern Munich","8","","78","1echeryy","","0","","78","OBEY0URMASTER","F.C Barcelona","2","","78","sir_aimbot012","F.C Barcelona","6","1","4","1","","78","isaque123456677","RB Salzburg","3","0",""
"","79","pooooooooooooer","F.C Barcelona","9","","79","berbatoov","Fenerbahçe","7","","79","1of1ren","","0","","79","Pionieers","Marseille","2","","79","blackmaks21","Dinamo Zagreb","6","1","2","3","","79","ItchyLfc2005","Hamrun Spartans","3","0",""
"","80","retenzu","Real Madrid C.F","9","","80","BoldProdigy","Celtic F.C","7","","80","1PLlKE140","","0","","80","ProCiba099_009","Hajduk Split","2","","80","Ohinkzs","Tottenham Hotspur","6","1","2","3","","80","J4kovic","Juventus F.C","3","0",""
"","81","zeqhyrin","Free Agent","9","","81","BroughtNightfall","Wolves","7","","81","1Rooha","","0","","81","sir_aimbot012","F.C Barcelona","2","","81","recrystaIlize","Real Madrid C.F","6","1","2","3","","81","JONHCENA38","Sporting CP","3","0",""
"","82","IIRushXI","AC Milan","8","","82","coolestwilliam","Juventus F.C","7","","82","1uisChilavert","","0","","82","spider_jr23","Liverpool F.C","2","","82","JONHCENA38","Sporting CP","6","0","3","3","","82","JzzSenn","Celtic F.C","3","0",""
"","83","KittyLover29294","Club Brugge","8","","83","eIpersaa","Manchester City","7","","83","21_Weverton","","0","","83","SuIeex","Tottenham Hotspur","2","","83","tafeljas","Liverpool F.C","5","3","2","0","","83","kazooadam","AFC Ajax","3","0",""
"","84","ninjisso","Inter Milan","8","","84","Helziy","Manchester United","7","","84","22smok","","0","","84","thewoo5back","Kuwait","2","","84","verlaon","Pakistan","5","3","2","0","","84","luisssssssssssssss_s","Liverpool F.C","3","0",""
"","85","plaetini","Jagiellonia","8","","85","jakenaIdo","PSV Eindhoven","7","","85","24sevo","","0","","85","vankue","Jagiellonia","2","","85","whitetiger1912","Celtic F.C","5","3","2","0","","85","Merknazer","Liverpool F.C","3","0",""
"","86","qeintessential","BSC Young Boys","8","","86","Raminhosgames","PSV Eindhoven","7","","86","2AliveGeekPackk","","0","","86","Xinersw","Bayer Leverkusen","2","","86","9DybaIa","AS Monaco","5","3","1","1","","86","mikbank","AFC Ajax","3","0",""
"","87","SuIeex","Tottenham Hotspur","8","","87","rocha90","Club Brugge","7","","87","2krux","","0","","87","zeqhyrin","Free Agent","2","","87","ElchuchoPerez","Dinamo Zagreb","5","3","1","1","","87","ocelowski","Chelsea F.C","3","0",""
"","88","tafeljas","Liverpool F.C","8","","88","0_7Crazy","Sporting CP","6","","88","2robz","","0","","88","47Weirdo","Empoli","1","","88","Franksank2222","Manchester United","5","3","1","1","","88","RayenITAMaster","NAC Breda","3","0",""
"","89","AitNourii","Paris FC","7","","89","4rkkz","Wolves","6","","89","44dylz","","0","","89","AitNourii","Paris FC","1","","89","itsslothplayz","AFC Ajax","5","3","1","1","","89","TheAIIRounderGod","Union Saint-Gilloise","3","0",""
"","90","itsslothplayz","AFC Ajax","7","","90","7rrakk","Dinamo Zagreb","6","","90","46xKuni","","0","","90","aknicc","Celtic F.C","1","","90","hellbIaza","Bayer Leverkusen","5","2","3","0","","90","zynevii","AC Milan","3","0",""
"","91","MartinaIkishima","PSV Eindhoven","7","","91","baconltoo","Sporting CP","6","","91","47Weirdo","","0","","91","alyvz7","Inter Milan","1","","91","kazooadam","AFC Ajax","5","2","0","3","","91","8gakpo","Cambodia","2","0",""
"","92","nxchomaki","Chelsea F.C","7","","92","eIizku","Palestine","6","","92","4cl","","0","","92","aresefgod","Liverpool F.C","1","","92","mikbank","AFC Ajax","5","1","3","2","","92","9DybaIa","AS Monaco","2","0",""
"","93","p9eng","Bayern Munich","7","","93","ElchuchoPerez","Dinamo Zagreb","6","","93","4donnxs","","0","","93","bbjjjjnnnnn","Free Agent","1","","93","rauIasencioo","Liverpool F.C","5","1","2","2","","93","andrade20001","Empoli","2","0",""
"","94","ProCiba099_009","Hajduk Split","7","","94","irineudosparanaue","Bayern Munich","6","","94","4oqt","","0","","94","berbatoov","Fenerbahçe","1","","94","sebasdeleon","Celtic F.C","5","1","2","2","","94","asd52hoho","Rangers F.C","2","0",""
"","95","thewoo5back","RB Leipzig","7","","95","isaque123456677","RB Salzburg","6","","95","4reseet","","0","","95","blackmaks21","Dinamo Zagreb","1","","95","emceblantakrece","BSC Young Boys","5","1","1","3","","95","bbjjjjnnnnn","Free Agent","2","0",""
"","96","vtknbale","Bayern Munich","7","","96","Justii_n","Inter Milan","6","","96","4rkkz","","0","","96","C3sual","Manchester United","1","","96","JoaKoR15","Wolves","5","1","1","3","","96","BlobbyRejection","Hamrun Spartans","2","0",""
"","97","asd52hoho","Rangers F.C","6","","97","LucianElCorte","Real Madrid C.F","6","","97","5hzc","","0","","97","CaioDoRoblox","RB Salzburg","1","","97","KosovoolsAlbania","Wolves","5","1","1","3","","97","bueeeeeeeeeeeeno","Free Agent","2","0",""
"","98","berbatoov","Fenerbahçe","6","","98","R1AL2TY","Manchester United","6","","98","5nzofernandezz","","0","","98","CanceIooo","Borussia Dortmund","1","","98","Crimson_Reyes","Dinamo Zagreb","5","0","2","3","","98","DAMULEKPL","Jagiellonia","2","0",""
"","99","BoldProdigy","Celtic F.C","6","","99","SanTser780_5","Philippines","6","","99","5viyo","","0","","99","Crimson_Reyes","Dinamo Zagreb","1","","99","scachiatto","Borussia Dortmund","5","0","2","3","","99","EIJoacoo","AS Monaco","2","0",""
"","100","flaandre_scarlet","PSV Eindhoven","6","","100","sir_aimbot012","F.C Barcelona","6","","100","64pw","","0","","100","CrisitianoRonaldoCR7","Dinamo Zagreb","1","","100","asd52hoho","Rangers F.C","4","4","0","0","","100","eIpersaa","Manchester City","2","0",""
"","101","irineudosparanaue","Bayern Munich","6","","101","skaraIho","Juventus F.C","6","","101","66xix","","0","","101","dakibo","Hajduk Split","1","","101","ilIshootyou","Bayer Leverkusen","4","3","1","0","","101","emceblantakrece","BSC Young Boys","2","0",""
"","102","n5ves","Free Agent","6","","102","tafeljas","Liverpool F.C","6","","102","6skyr6","","0","","102","Dhpreme","Free Agent","1","","102","p9eng","Bayern Munich","4","3","1","0","","102","felzzr","F.C Barcelona","2","0",""
"","103","paletext","Wolves","6","","103","v9nea","Fenerbahçe","6","","103","7rrakk","","0","","103","egereiz3256","Club Brugge","1","","103","XenoSuperEscalibur","BSC Young Boys","4","3","0","1","","103","gokuzeiro12","Pafos FC","2","0",""
"","104","skaraIho","Juventus F.C","6","","104","whitetiger1912","Celtic F.C","6","","104","8gakpo","","0","","104","EIJoacoo","AS Monaco","1","","104","AitNourii","Paris FC","4","2","2","0","","104","h2htem","Chelsea F.C","2","0",""
"","105","srhguirassy","Paris FC","6","","105","asiturkic","BSC Young Boys","5","","105","95mobbledd","","0","","105","ElchuchoPerez","Dinamo Zagreb","1","","105","lsmiAli","Paris FC","4","2","2","0","","105","hellbIaza","Bayer Leverkusen","2","0",""
"","106","toddzzj","F.C Barcelona","6","","106","EIJoacoo","AS Monaco","5","","106","9DybaIa","","0","","106","ezemateo04","Sporting CP","1","","106","luisssssssssssssss_s","Liverpool F.C","4","2","2","0","","106","Iep_ro","Paris FC","2","0",""
"","107","Xinersw","Bayer Leverkusen","6","","107","eviluded","Real Betis","5","","107","9iovanno","","0","","107","filipcc12","AC Milan","1","","107","CaioDoRoblox","RB Salzburg","4","2","1","1","","107","IIRushXI","AC Milan","2","0",""
"","108","Yunami27X","Union Saint-Gilloise","6","","108","frieztaa","Bayern Munich","5","","108","a9lire","","0","","108","fIorineI","Union Saint-Gilloise","1","","108","juan810j","Paris FC","4","2","1","1","","108","imthemeatballzzz","Paris FC","2","0",""
"","109","7rrakk","Dinamo Zagreb","5","","109","IIRushXI","AC Milan","5","","109","Aaronmartinez15","","0","","109","FireBBombx","AFC Ajax","1","","109","luukzzy","Juventus F.C","4","2","1","1","","109","IOnlySuat","Fenerbahçe","2","0",""
"","110","chunkymojak","Rangers F.C","5","","110","ilIshootyou","Bayer Leverkusen","5","","110","aayankhan123","","0","","110","flaandre_scarlet","PSV Eindhoven","1","","110","TheUnknownDog1","Jagiellonia","4","2","1","1","","110","IvanLescanito","Sporting CP","2","0",""
"","111","dakibo","Hajduk Split","5","","111","Izuukinata","Real Madrid C.F","5","","111","abdodarwish","","0","","111","Franksank2222","Manchester United","1","","111","v9nea","Fenerbahçe","4","2","1","1","","111","Jakethepig87","Union Saint-Gilloise","2","0",""
"","112","eb3rechii","Jagiellonia","5","","112","jxzy52hoho","Rangers F.C","5","","112","AbsalomAbstract","","0","","112","fuujisako","Borussia Dortmund","1","","112","vtknbale","Bayern Munich","4","2","0","2","","112","Jeremy_Zoku","BSC Young Boys","2","0",""
"","113","gabipagabo3000","AS Monaco","5","","113","KittyLover29294","Club Brugge","5","","113","aciidify","","0","","113","h2handa","Real Betis","1","","113","yuria1bertoo","AFC Ajax","4","1","3","0","","113","JoaKoR15","Wolves","2","0",""
"","114","hellbIaza","Bayer Leverkusen","5","","114","luviesta","Marseille","5","","114","aconi5basket","","0","","114","h2hlawaliet","F.C Barcelona","1","","114","BroughtNightfall","Wolves","4","1","2","1","","114","JordanTheVerbalist","Paris FC","2","0",""
"","115","hjl","Real Betis","5","","115","margoI_l","Jagiellonia","5","","115","AdamXseven7","","0","","115","hjl","Real Betis","1","","115","Justii_n","Inter Milan","4","1","2","1","","115","Justii_n","Inter Milan","2","0",""
"","116","iconion","PSV Eindhoven","5","","116","marleeandflemington","Pafos FC","5","","116","adaptisrogue","","0","","116","Iam_Owen","NAC Breda","1","","116","toni52hoho","Borussia Dortmund","4","1","2","1","","116","KittyLover29294","Club Brugge","2","0",""
"","117","Izuukinata","Real Madrid C.F","5","","117","moshu_q","Manchester City","5","","117","adinko57","","0","","117","imnotarealBR","Chelsea F.C","1","","117","z1noszn","PSV Eindhoven","4","1","2","1","","117","MartinaIkishima","PSV Eindhoven","2","0",""
"","118","jxzy52hoho","Rangers F.C","5","","118","raahzaa","Real Betis","5","","118","adruzo","","0","","118","isaque123456677","Cambodia","1","","118","EIJoacoo","AS Monaco","4","1","1","2","","118","MARTlNELLI","Wolves","2","0",""
"","119","kentroya","Real Madrid C.F","5","","119","RobertLewandowski38","Juventus F.C","5","","119","AFOSINHOROBLOX","","0","","119","Jeremy_Zoku","BSC Young Boys","1","","119","hjl","Real Betis","4","1","1","2","","119","Memorientes","Fenerbahçe","2","0",""
"","120","lsmiAli","Palestine","5","","120","ronaIddoo","Paris FC","5","","120","aguzzj","","0","","120","jesuscrack50","Liverpool F.C","1","","120","Merknazer","Liverpool F.C","4","1","1","2","","120","moIochukx","Juventus F.C","2","0",""
"","121","Ohinkzs","Tottenham Hotspur","5","","121","SamueItx","BSC Young Boys","5","","121","ahmedmomoa","","0","","121","jxzy52hoho","Rangers F.C","1","","121","Fathikong1","Sporting CP","4","1","0","3","","121","Nazotiy","Manchester City","2","0",""
"","122","Raminhosgames","PSV Eindhoven","5","","122","zeqhyrin","Free Agent","5","","122","AidanDevz","","0","","122","kentroya","Real Madrid C.F","1","","122","origamiempresss","India","4","1","0","3","","122","NikeBRvip10","Club Brugge","2","0",""
"","123","retinzu","Liverpool F.C","5","","123","Zinrall","AC Milan","5","","123","AidenGB111","","0","","123","KosoovoIsSerbia","Marseille","1","","123","eIpersaa","Manchester City","4","0","4","0","","123","ninjisso","Inter Milan","2","0",""
"","124","sir_aimbot012","F.C Barcelona","5","","124","Cineris","Chelsea F.C","4","","124","aIisxi","","0","","124","kyubbz","AC Milan","1","","124","1PLlKE140","Club Brugge","4","0","2","2","","124","paletext","Wolves","2","0",""
"","125","Uzilus","AS Monaco","5","","125","dakibo","Hajduk Split","4","","125","Aikyn2008","","0","","125","lolololol1264","F.C Barcelona","1","","125","berbatoov","Fenerbahçe","4","0","2","2","","125","R0JAUN","Free Agent","2","0",""
"","126","whitetiger1912","Celtic F.C","5","","126","DragonTwisterSword","Dinamo Zagreb","4","","126","Aimer_Mxsko","","0","","126","lsmiAli","Palestine","1","","126","DragonTwisterSword","Dinamo Zagreb","4","0","2","2","","126","R1AL2TY","Manchester United","2","0",""
"","127","xFixLeox","Jagiellonia","5","","127","egereiz3256","Club Brugge","4","","127","ains34","","0","","127","luukzzy","Juventus F.C","1","","127","JzzSenn","Celtic F.C","4","0","2","2","","127","reiulent","Pafos FC","2","0",""
"","128","BeboisClown","PSV Eindhoven","4","","128","fabrituber720","RB Leipzig","4","","128","AitNourii","","0","","128","luviesta","Iraq","1","","128","raahzaa","Real Betis","4","0","2","2","","128","Rippxh","Paris FC","2","0",""
"","129","frieztaa","Bayern Munich","4","","129","flaandre_scarlet","PSV Eindhoven","4","","129","akavaIen","","0","","129","machivelliant","Bayer Leverkusen","1","","129","Uzilus","AS Monaco","4","0","2","2","","129","RobertLewandowski38","Juventus F.C","2","0",""
"","130","havaIiyim","Bayern Munich","4","","130","h2hbuu","Manchester City","4","","130","alanchetauu","","0","","130","marleeandflemington","Pafos FC","1","","130","WD_KMx","Real Betis","4","0","2","2","","130","ruxel_gamerpro","Manchester City","2","0",""
"","131","isaque123456677","RB Salzburg","4","","131","h2hvenom","Marseille","4","","131","alexandderr","","0","","131","MartinaIkishima","PSV Eindhoven","1","","131","LucianElCorte","Real Madrid C.F","4","0","1","3","","131","SuIeex","Tottenham Hotspur","2","0",""
"","132","jkiller67867282882","PSV Eindhoven","4","","132","immexican33333","Empoli","4","","132","Alexander963265","","0","","132","MatiasKaporoom","NAC Breda","1","","132","Mavivonoeu","Club Brugge","4","0","1","3","","132","Syqxnzl","Real Madrid C.F","2","0",""
"","133","KosovoolsAlbania","Wolves","4","","133","JoaKoR15","Wolves","4","","133","ALEXANDREPARIS80","","0","","133","Merknazer","Malaysia","1","","133","Yunami27X","Union Saint-Gilloise","4","0","1","3","","133","thrynl","AC Milan","2","0",""
"","134","LucianElCorte","Real Madrid C.F","4","","134","juan810j","Paris FC","4","","134","AlinRK","","0","","134","miljan637","Real Madrid C.F","1","","134","isaque123456677","RB Salzburg","3","2","1","0","","134","tizongass","AS Monaco","2","0",""
"","135","luisblox040909","AS Monaco","4","","135","karaagelover","Paris FC","4","","135","AlmightyCato","","0","","135","MPS_Pod","India","1","","135","machivelliant","Bayer Leverkusen","3","2","1","0","","135","untitled05","Inter Milan","2","0",""
"","136","MARTlNELLI","Wolves","4","","136","KosovoolsAlbania","Wolves","4","","136","Alqueqe","","0","","136","Neodraven","Free Agent","1","","136","n5ves","Free Agent","3","2","1","0","","136","Uziuqq","Borussia Dortmund","2","0",""
"","137","MRDamDan","Chelsea F.C","4","","137","kyubbz","AC Milan","4","","137","amrmalekelboss","","0","","137","nepzos","Inter Milan","1","","137","COOKEDBYDANNY","Sporting CP","3","2","0","1","","137","vladimirboss","Hamrun Spartans","2","0",""
"","138","ollman22","Hamrun Spartans","4","","138","Lazare67","Manchester United","4","","138","anco","","0","","138","nxrutti","Thailand","1","","138","Helziy","Manchester United","3","2","0","1","","138","weitano","Inter Milan","2","0",""
"","139","smottii","Inter Milan","4","","139","luisblox040909","AS Monaco","4","","139","andrade20001","","0","","139","ocelowski","South Korea","1","","139","NavidParsHakhamneshi","Hamrun Spartans","3","2","0","1","","139","z1noszn","PSV Eindhoven","2","0",""
"","140","Uziuqq","Borussia Dortmund","4","","140","machivelliant","Bayer Leverkusen","4","","140","angel153642","","0","","140","ollman22","Hamrun Spartans","1","","140","Wintre7a","PSV Eindhoven","3","2","0","1","","140","zeqhyrin","Free Agent","2","0",""
"","141","WindyBye","RB Leipzig","4","","141","maraztyy","BSC Young Boys","4","","141","anissen44","","0","","141","origamiempresss","India","1","","141","7rrakk","Dinamo Zagreb","3","1","2","0","","141","zhegr0va","Dinamo Zagreb","2","0",""
"","142","Wintre7a","PSV Eindhoven","4","","142","NavidParsHakhamneshi","Hamrun Spartans","4","","142","AnT_Rex13","","0","","142","p9eng","Bayern Munich","1","","142","nxrutti","Club Brugge","3","1","2","0","","142","17shka","Singapore","1","0",""
"","143","XenoSuperEscalibur","BSC Young Boys","4","","143","nxrutti","Thailand","4","","143","apathica","","0","","143","pipojoelcrack","AS Monaco","1","","143","stormseyecontractor","Union Saint-Gilloise","3","1","2","0","","143","1PLlKE140","Cambodia","1","0",""
"","144","yuria1bertoo","AFC Ajax","4","","144","origamiempresss","Empoli","4","","144","arbeIoa","","0","","144","plaetini","Jagiellonia","1","","144","brickedthisdefense","Liverpool F.C","3","1","1","1","","144","2AliveGeekPackk","Free Agent","1","0",""
"","145","yuriocean","Wolves","4","","145","plaetini","Jagiellonia","4","","145","arectiful","","0","","145","pooooooooooooer","F.C Barcelona","1","","145","cookiedark41","Club Brugge","3","1","1","1","","145","5nzofernandezz","NAC Breda","1","0",""
"","146","0_7Crazy","Sporting CP","3","","146","rauIasencioo","Liverpool F.C","4","","146","aresefgod","","0","","146","qeintessential","BSC Young Boys","1","","146","dsacszpro","Bayern Munich","3","1","1","1","","146","8bein8","Sporting CP","1","0",""
"","147","Alexander963265","Pafos FC","3","","147","retinzu","Liverpool F.C","4","","147","areunx","","0","","147","Raminhosgames","PSV Eindhoven","1","","147","jossuethebest12","NAC Breda","3","1","1","1","","147","a9lire","PSV Eindhoven","1","0",""
"","148","Dhpreme","Free Agent","3","","148","stormseyecontractor","Union Saint-Gilloise","4","","148","Arjune192","","0","","148","recrystaIlize","Real Madrid C.F","1","","148","luviesta","Marseille","3","1","1","1","","148","aayankhan123","Chelsea F.C","1","0",""
"","149","ENYELREVENTADOOOR","Empoli","3","","149","TheAIIRounderGod","Union Saint-Gilloise","4","","149","armeniodbest","","0","","149","retinzu","Liverpool F.C","1","","149","parlayhunter","Bayern Munich","3","1","1","1","","149","aguzzj","Free Agent","1","0",""
"","150","eviluded","Real Betis","3","","150","Uzilus","AS Monaco","4","","150","Artishpro31","","0","","150","ryanchiatto","Borussia Dortmund","1","","150","reiulent","Pafos FC","3","1","1","1","","150","aIisxi","Pafos FC","1","0",""
"","151","Gameomg_RBLX","Inter Milan","3","","151","Victor32377mpj","Bayer Leverkusen","4","","151","Artymidiy19","","0","","151","saudezo","Fenerbahçe","1","","151","ryanchiatto","Borussia Dortmund","3","1","1","1","","151","Alexander963265","Pafos FC","1","0",""
"","152","IDavidLIII","F.C Barcelona","3","","152","armeniodbest","Hamrun Spartans","3","","152","Arubaze","","0","","152","shany4ng","Tottenham Hotspur","1","","152","SanTser780_5","Philippines","3","1","1","1","","152","arbeIoa","Free Agent","1","0",""
"","153","imnotarealBR","Chelsea F.C","3","","153","brickedthisdefense","Liverpool F.C","3","","153","Arunnnnn","","0","","153","Smokey3121","Real Madrid C.F","1","","153","vladimirboss","Hamrun Spartans","3","1","1","1","","153","armeniodbest","Hamrun Spartans","1","0",""
"","154","juan810j","Paris FC","3","","154","Crimson_Reyes","Dinamo Zagreb","3","","154","asamuiaractioncoco","","0","","154","spook3d","Wolves","1","","154","backyardmillie","Hajduk Split","3","1","0","2","","154","asiturkic","BSC Young Boys","1","0",""
"","155","luviesta","Marseille","3","","155","CrisitianoRonaldoCR7","Dinamo Zagreb","3","","155","asd52hoho","","0","","155","stefiscoco","Borussia Dortmund","1","","155","jesuscrack50","Liverpool F.C","3","1","0","2","","155","Atagyh","Free Agent","1","0",""
"","156","maImerrr","Free Agent","3","","156","DanielDeEgg","AFC Ajax","3","","156","ash_wasborn","","0","","156","t_osen","Paris FC","1","","156","rocha90","Club Brugge","3","0","3","0","","156","baconltoo","Sporting CP","1","0",""
"","157","mathztical","Borussia Dortmund","3","","157","Fathikong1","Sporting CP","3","","157","Asimooo255","","0","","157","themightyjesse","India","1","","157","danielsyxz","Wolves","3","0","2","1","","157","Bamvaam","Jordan","1","0",""
"","158","NikeBRvip10","Club Brugge","3","","158","Franksank2222","Manchester United","3","","158","asiturkic","","0","","158","thenotoriouscolo","UAE","1","","158","felzzr","F.C Barcelona","3","0","2","1","","158","BanMeLmao","Club Brugge","1","0",""
"","159","phen5m","Japan","3","","159","fuujisako","Borussia Dortmund","3","","159","Atagyh","","0","","159","TheUnknownDog1","Jagiellonia","1","","159","feukmizi","Manchester City","3","0","2","1","","159","Barellinho","Hajduk Split","1","0",""
"","160","renaattoo10","Hajduk Split","3","","160","gingikel","Real Betis","3","","160","ATFRoblox1","","0","","160","Tonhowo","F.C Barcelona","1","","160","humidos","Tottenham Hotspur","3","0","2","1","","160","Betoaranha_8","Jordan","1","0",""
"","161","SanTser780_5","Philippines","3","","161","havaIiyim","Bayern Munich","3","","161","ATHUSG12","","0","","161","toni52hoho","Borussia Dortmund","1","","161","IKalxdouI","PSV Eindhoven","3","0","2","1","","161","BieI_1O","RB Salzburg","1","0",""
"","162","t_osen","Paris FC","3","","162","HjaItee","Marseille","3","","162","atrixify","","0","","162","tottxii","Club Brugge","1","","162","Jakethepig87","Union Saint-Gilloise","3","0","2","1","","162","blackmaks21","Dinamo Zagreb","1","0",""
"","163","v9nea","Fenerbahçe","3","","163","humidos","Tottenham Hotspur","3","","163","Avono_Pierce","","0","","163","UchihaGen4ik","Liverpool F.C","1","","163","kovanicic","Hajduk Split","3","0","2","1","","163","BloodhoundAntx","Chelsea F.C","1","0",""
"","164","Zinrall","AC Milan","3","","164","Iam_Owen","NAC Breda","3","","164","awakenaldo","","0","","164","Uzilus","Indonesia","1","","164","thenotoriouscolo","Inter Milan","3","0","2","1","","164","BoldProdigy","Celtic F.C","1","0",""
"","165","8bein8","Sporting CP","2","","165","iconion","PSV Eindhoven","3","","165","axguerd","","0","","165","Uziuqq","Lebanon","1","","165","eviluded","Real Betis","3","0","1","2","","165","brickedthisdefense","Liverpool F.C","1","0",""
"","166","armeniodbest","Hamrun Spartans","2","","166","IDavidLIII","F.C Barcelona","3","","166","Axyte","","0","","166","vemeins","Inter Milan","1","","166","Fernandinho90","Empoli","3","0","1","2","","166","CaioDoRoblox","Indonesia","1","0",""
"","167","asiturkic","BSC Young Boys","2","","167","Jekowski","UAE","3","","167","Ayanagi_S","","0","","167","vtknbale","Bayern Munich","1","","167","IDavidLIII","F.C Barcelona","3","0","1","2","","167","Carlorzei","China","1","0",""
"","168","bbjjjjnnnnn","Free Agent","2","","168","jesuscrack50","Liverpool F.C","3","","168","aydincetinantreman","","0","","168","weitano","Inter Milan","1","","168","spook3d","Wolves","3","0","1","2","","168","chaamarcelo","Indonesia","1","0",""
"","169","bernardogalard0","Rangers F.C","2","","169","JzzSenn","Celtic F.C","3","","169","aymericIaporte","","0","","169","WillingXWING","BSC Young Boys","1","","169","SxIbaa","F.C Barcelona","3","0","1","2","","169","chunkymojak","Rangers F.C","1","0",""
"","170","bolinho123456677","RB Salzburg","2","","170","kovanicic","Hajduk Split","3","","170","AytronnSenna","","0","","170","xFixLeox","Jagiellonia","1","","170","thrynl","AC Milan","3","0","1","2","","170","coolestwilliam","Juventus F.C","1","0",""
"","171","Cineris","Chelsea F.C","2","","171","krupxviesa","Empoli","3","","171","azoctem","","0","","171","zerix_360","Bayern Munich","1","","171","zeitano","Bayern Munich","3","0","1","2","","171","cunaamiflow","RB Salzburg","1","0",""
"","172","Crimson_Reyes","Dinamo Zagreb","2","","172","marianoycamila08","Juventus F.C","3","","172","B0LYY","","0","","172","zynevii","Kuwait","1","","172","axguerd","Marseille","3","0","0","3","","172","dami0710","Jagiellonia","1","0",""
"","173","cxzrrs","RB Salzburg","2","","173","Mavivonoeu","Club Brugge","3","","173","backyardmillie","","0","","173","0_7Crazy","","0","","173","gingikel","Real Betis","3","0","0","3","","173","DanielDeEgg","AFC Ajax","1","0",""
"","174","DragonTwisterSword","Dinamo Zagreb","2","","174","nxchomaki","Chelsea F.C","3","","174","baconltoo","","0","","174","0_Benicio","","0","","174","h2hbuu","Manchester City","3","0","0","3","","174","danish52hoho","Rangers F.C","1","0",""
"","175","fabrituber720","RB Leipzig","2","","175","Painshinratensei","Tottenham Hotspur","3","","175","badiyaa","","0","","175","02Addo","","0","","175","Mohascred","Manchester City","3","0","0","3","","175","DJMaxwell132","Thailand","1","0",""
"","176","fIorineI","Union Saint-Gilloise","2","","176","Pionieers","North Korea","3","","176","Badsiq","","0","","176","02dxnn","","0","","176","retinzu","Liverpool F.C","3","0","0","3","","176","DylanGamer_22","AS Monaco","1","0",""
"","177","GigoIsLigo","Juventus F.C","2","","177","qeintessential","BSC Young Boys","3","","177","Baina0ala","","0","","177","07uzi","","0","","177","chunkymojak","Rangers F.C","2","2","0","0","","177","earwax9000","Pafos FC","1","0",""
"","178","h2hbuu","Manchester City","2","","178","rebelvax","Hajduk Split","3","","178","Bamvaam","","0","","178","0kochaa","","0","","178","dakibo","Hajduk Split","2","2","0","0","","178","eIargentinoo","Manchester City","1","0",""
"","179","Hakermar03","RB Leipzig","2","","179","ryanchiatto","Borussia Dortmund","3","","179","BanMeLmao","","0","","179","109davo","","0","","179","IIRushXI","AC Milan","2","2","0","0","","179","fazaldo","AC Milan","1","0",""
"","180","Helziy","Manchester United","2","","180","SixityTime","Philippines","3","","180","barbkoumpo","","0","","180","13kpoopyhead","","0","","180","MO129195","PSV Eindhoven","2","2","0","0","","180","Fernandinho90","Empoli","1","0",""
"","181","ItchyLfc2005","Hamrun Spartans","2","","181","spider_jr23","Liverpool F.C","3","","181","Barellinho","","0","","181","15Tesla1","","0","","181","spider_jr23","Liverpool F.C","2","2","0","0","","181","fIorineI","Union Saint-Gilloise","1","0",""
"","182","IValendinhoI","Celtic F.C","2","","182","SxIbaa","F.C Barcelona","3","","182","Barisinho","","0","","182","19mws","","0","","182","alyvz7","Inter Milan","2","1","1","0","","182","FireBBombx","AFC Ajax","1","0",""
"","183","jessnaldo","Real Madrid C.F","2","","183","Syqxnzl","Real Madrid C.F","3","","183","Bars20087","","0","","183","1echeryy","","0","","183","baconltoo","Sporting CP","2","1","1","0","","183","fuujisako","Borussia Dortmund","1","0",""
"","184","jesuscrack50","Liverpool F.C","2","","184","theworfer","Rangers F.C","3","","184","BastianPrimex","","0","","184","1of1ren","","0","","184","BeboisClown","PSV Eindhoven","2","1","1","0","","184","GigoIsLigo","Bahrain","1","0",""
"","185","JoaKoR15","Wolves","2","","185","toddzzj","F.C Barcelona","3","","185","bbjjjjnnnnn","","0","","185","1PLlKE140","","0","","185","cxzrrs","RB Salzburg","2","1","1","0","","185","gingikel","Iran","1","0",""
"","186","kovanicic","Hajduk Split","2","","186","vemeins","Inter Milan","3","","186","BeboisClown","","0","","186","1Rooha","","0","","186","dabillingham","Dinamo Zagreb","2","1","1","0","","186","GokuSSGSS323","Empoli","1","0",""
"","187","krupxviesa","Empoli","2","","187","WD_KMx","Real Betis","3","","187","believant","","0","","187","1uisChilavert","","0","","187","INTERCRAK36234","RB Salzburg","2","1","1","0","","187","h2handa","Real Betis","1","0",""
"","188","kyubbz","AC Milan","2","","188","WillingXWING","BSC Young Boys","3","","188","Belinghaaam","","0","","188","21_Weverton","","0","","188","KittyLover29294","Club Brugge","2","1","1","0","","188","h2hbuu","Manchester City","1","0",""
"","189","Kzidowski","Jagiellonia","2","","189","XenoSuperEscalibur","BSC Young Boys","3","","189","benjazaca14321","","0","","189","22smok","","0","","189","krupxviesa","Empoli","2","1","1","0","","189","harmoush","BSC Young Boys","1","0",""
"","190","linozkr","Paris FC","2","","190","xFixLeox","Jagiellonia","3","","190","Benji_Price3","","0","","190","24sevo","","0","","190","SirStellarie","Manchester United","2","1","1","0","","190","hnvh61","Bayer Leverkusen","1","0",""
"","191","luukzzy","Juventus F.C","2","","191","yuria1bertoo","AFC Ajax","3","","191","Bennyblanco4","","0","","191","2AliveGeekPackk","","0","","191","stjepogame","Hajduk Split","2","1","1","0","","191","humidos","Tottenham Hotspur","1","0",""
"","192","maraztyy","BSC Young Boys","2","","192","zyArthxr","Rangers F.C","3","","192","berbatoov","","0","","192","2krux","","0","","192","Xetakken","Empoli","2","1","1","0","","192","iconion","Vietnam","1","0",""
"","193","moIochukx","Juventus F.C","2","","193","3yl9d","Club Brugge","2","","193","bernardogalard0","","0","","193","2robz","","0","","193","3yl9d","Club Brugge","2","1","0","1","","193","IDavidLIII","F.C Barcelona","1","0",""
"","194","moshu_q","Manchester City","2","","194","8bein8","Sporting CP","2","","194","Bestfootballer1320","","0","","194","3xilno","","0","","194","ActuaIlyPsi","Fenerbahçe","2","1","0","1","","194","Idk_Scout","Liverpool F.C","1","0",""
"","195","MPS_Pod","India","2","","195","a9lire","PSV Eindhoven","2","","195","Betoaranha_8","","0","","195","3yl9d","","0","","195","DanielDeEgg","AFC Ajax","2","1","0","1","","195","IKalxdouI","Thailand","1","0",""
"","196","NavidParsHakhamneshi","India","2","","196","aIisxi","Pafos FC","2","","196","bI_ck","","0","","196","44bobz","","0","","196","egereiz3256","Club Brugge","2","1","0","1","","196","imnotarealBR","Chelsea F.C","1","0",""
"","197","nxrutti","Thailand","2","","197","aresefgod","Liverpool F.C","2","","197","BieI_1O","","0","","197","44dylz","","0","","197","Hrisowskii","Hajduk Split","2","1","0","1","","197","irineudosparanaue","Bayern Munich","1","0",""
"","198","papucraft_43","Pafos FC","2","","198","BanMeLmao","Club Brugge","2","","198","bielsjbss","","0","","198","46xKuni","","0","","198","irineudosparanaue","Bayern Munich","2","1","0","1","","198","itsslothplayz","AFC Ajax","1","0",""
"","199","Pionieers","North Korea","2","","199","bolinho123456677","RB Salzburg","2","","199","blackmaks21","","0","","199","4cl","","0","","199","J4kovic","Juventus F.C","2","1","0","1","","199","IValendinhoI","Celtic F.C","1","0",""
"","200","ruxel_gamerpro","Manchester City","2","","200","CanceIooo","Philippines","2","","200","BlobbyRejection","","0","","200","4donnxs","","0","","200","Jekowski","UAE","2","1","0","1","","200","Jack924833","Tottenham Hotspur","1","0",""
"","201","saudezo","Fenerbahçe","2","","201","cookiedark41","Club Brugge","2","","201","BloodyBerin","","0","","201","4oqt","","0","","201","moIochukx","Juventus F.C","2","1","0","1","","201","jakenaIdo","Indonesia","1","0",""
"","202","shany4ng","Tottenham Hotspur","2","","202","CriticalLio","Tottenham Hotspur","2","","202","bludtorreto","","0","","202","4reseet","","0","","202","nsuo456","AS Monaco","2","1","0","1","","202","Jekowski","UAE","1","0",""
"","203","SirStellarie","Manchester United","2","","203","danie1879","F.C Barcelona","2","","203","bodyfayed1234","","0","","203","56ninja9","","0","","203","nxchomaki","Chelsea F.C","2","1","0","1","","203","jerrlets","Dinamo Zagreb","1","0",""
"","204","soyelhombremorado300","Free Agent","2","","204","danieImunozz","Celtic F.C","2","","204","BoldProdigy","","0","","204","5hzc","","0","","204","Raminhosgames","PSV Eindhoven","2","1","0","1","","204","JoaoFelixCFC","Chelsea F.C","1","0",""
"","205","stormseyecontractor","Union Saint-Gilloise","2","","205","danielsyxz","Wolves","2","","205","bolinho123456677","","0","","205","5nzofernandezz","","0","","205","Victor32377mpj","Bayer Leverkusen","2","1","0","1","","205","JoeIinton","Australia","1","0",""
"","206","TheAIIRounderGod","Union Saint-Gilloise","2","","206","ENYELREVENTADOOOR","Empoli","2","","206","bonfyz","","0","","206","5viyo","","0","","206","aresefgod","Liverpool F.C","2","0","2","0","","206","kasyomi","RB Leipzig","1","0",""
"","207","themightyjesse","India","2","","207","felzzr","F.C Barcelona","2","","207","Boo4935","","0","","207","64pw","","0","","207","coolestwilliam","Juventus F.C","2","0","2","0","","207","KosovoolsAlbania","Wolves","1","0",""
"","208","vtknmelo","Free Agent","2","","208","fIorineI","Union Saint-Gilloise","2","","208","braxcrack","","0","","208","66xix","","0","","208","filipcc12","AC Milan","2","0","2","0","","208","krisfaveIa","Rangers F.C","1","0",""
"","209","wakahammer","Free Agent","2","","209","gabriel4560uwu","Inter Milan","2","","209","Brian0vskii","","0","","209","6skyr6","","0","","209","moshu_q","Manchester City","2","0","2","0","","209","kyubbz","AC Milan","1","0",""
"","210","WD_KMx","Real Betis","2","","210","hellbIaza","Bayer Leverkusen","2","","210","brickedthisdefense","","0","","210","7rrakk","","0","","210","Pionieers","Marseille","2","0","2","0","","210","lau5da","Marseille","1","0",""
"","211","WillingXWING","BSC Young Boys","2","","211","imnotarealBR","Chelsea F.C","2","","211","BroughtNightfall","","0","","211","8bein8","","0","","211","plaetini","Jagiellonia","2","0","2","0","","211","LeGenDaRyne10","RB Leipzig","1","0",""
"","212","wlNams","Paris FC","2","","212","ItchyLfc2005","Hamrun Spartans","2","","212","bubbli","","0","","212","8gakpo","","0","","212","SamueItx","BSC Young Boys","2","0","2","0","","212","lewafx","Free Agent","1","0",""
"","213","Xetakken","Empoli","2","","213","J4kovic","Juventus F.C","2","","213","BudderBomb45","","0","","213","9iovanno","","0","","213","usamoi5","Pafos FC","2","0","2","0","","213","LucianElCorte","Real Madrid C.F","1","0",""
"","214","zyArthxr","Rangers F.C","2","","214","Jeremy_Zoku","BSC Young Boys","2","","214","bueeeeeeeeeeeeno","","0","","214","a9lire","","0","","214","Uziuqq","Borussia Dortmund","2","0","2","0","","214","luisblox040909","AS Monaco","1","0",""
"","215","1PLlKE140","Club Brugge","1","","215","lsmiAli","Palestine","2","","215","BulutKrh52","","0","","215","Aaronmartinez15","","0","","215","xFixLeox","Jagiellonia","2","0","2","0","","215","luukzzy","Juventus F.C","1","0",""
"","216","5nzofernandezz","NAC Breda","1","","216","MartinaIkishima","PSV Eindhoven","2","","216","bxdghggjj31","","0","","216","aayankhan123","","0","","216","a9lire","PSV Eindhoven","2","0","1","1","","216","luviesta","Marseille","1","0",""
"","217","5viyo","Free Agent","1","","217","mathztical","Borussia Dortmund","2","","217","bxnetic","","0","","217","abdodarwish","","0","","217","aIisxi","Pafos FC","2","0","1","1","","217","Maluzur","Tottenham Hotspur","1","0",""
"","218","8gakpo","Cambodia","1","","218","MRDamDan","Chelsea F.C","2","","218","byokeres","","0","","218","AbsalomAbstract","","0","","218","Carlorzei","Dinamo Zagreb","2","0","1","1","","218","margoI_l","Jagiellonia","1","0",""
"","219","a9lire","PSV Eindhoven","1","","219","papucraft_43","Pafos FC","2","","219","C3sual","","0","","219","aciidify","","0","","219","entracting","Hajduk Split","2","0","1","1","","219","mathztical","Borussia Dortmund","1","0",""
"","220","aayankhan123","Chelsea F.C","1","","220","parlayhunter","Bayern Munich","2","","220","caantona","","0","","220","aconi5basket","","0","","220","ENYELREVENTADOOOR","Empoli","2","0","1","1","","220","Maximo_2016","Celtic F.C","1","0",""
"","221","Barellinho","Hajduk Split","1","","221","reiulent","Pafos FC","2","","221","cakelover58","","0","","221","AdamXseven7","","0","","221","fIorineI","Union Saint-Gilloise","2","0","1","1","","221","MO129195","PSV Eindhoven","1","0",""
"","222","Betoaranha_8","Fenerbahçe","1","","222","shany4ng","Tottenham Hotspur","2","","222","camovinga","","0","","222","adaptisrogue","","0","","222","havaIiyim","Bayern Munich","2","0","1","1","","222","Mohascred","Manchester City","1","0",""
"","223","BIoxinhooo","Real Betis","1","","223","spook3d","Wolves","2","","223","CanceIooo","","0","","223","adinko57","","0","","223","Idk_Scout","Liverpool F.C","2","0","1","1","","223","moshu_q","Manchester City","1","0",""
"","224","BloodhoundAntx","Chelsea F.C","1","","224","srhguirassy","Paris FC","2","","224","cara_futbol","","0","","224","AFOSINHOROBLOX","","0","","224","imnotarealBR","Qatar","2","0","1","1","","224","MPS_Pod","India","1","0",""
"","225","brickedthisdefense","Liverpool F.C","1","","225","STORMgiannis900","Hajduk Split","2","","225","carlogramirez","","0","","225","aguzzj","","0","","225","karaagelover","Paris FC","2","0","1","1","","225","NavidParsHakhamneshi","India","1","0",""
"","226","bxdghggjj31","Rangers F.C","1","","226","thrynl","AC Milan","2","","226","CARLOSAAFR","","0","","226","ahmedmomoa","","0","","226","maraztyy","BSC Young Boys","2","0","1","1","","226","ollman22","Hamrun Spartans","1","0",""
"","227","C3sual","Jordan","1","","227","toni52hoho","Borussia Dortmund","2","","227","Carlosgarvar","","0","","227","AidanDevz","","0","","227","migueatp","Liverpool F.C","2","0","1","1","","227","on25s","Free Agent","1","0",""
"","228","CaioDoRoblox","RB Salzburg","1","","228","trincao1907","BSC Young Boys","2","","228","carlosOMGlike","","0","","228","AidenGB111","","0","","228","miljan637","Kuwait","2","0","1","1","","228","otxxkk","RB Salzburg","1","0",""
"","229","CanceIooo","Borussia Dortmund","1","","229","vtknmelo","Free Agent","2","","229","Cerueno","","0","","229","aIisxi","","0","","229","Mood_Ramos","Bahrain","2","0","1","1","","229","p9eng","Bayern Munich","1","0",""
"","230","chaamarcelo","Indonesia","1","","230","Xinersw","Bayer Leverkusen","2","","230","CesareCasdei","","0","","230","Aikyn2008","","0","","230","RayenITAMaster","NAC Breda","2","0","1","1","","230","Painshinratensei","UAE","1","0",""
"","231","CriticalLio","Tottenham Hotspur","1","","231","ZodiacMat","Philippines","2","","231","chaamarcelo","","0","","231","Aimer_Mxsko","","0","","231","Syqxnzl","Real Madrid C.F","2","0","1","1","","231","PatrickWheels","Hamrun Spartans","1","0",""
"","232","dabillingham","Dinamo Zagreb","1","","232","8gakpo","Cambodia","1","","232","CharlesLe_simple","","0","","232","ains34","","0","","232","TheAIIRounderGod","Union Saint-Gilloise","2","0","1","1","","232","Pecnaldinho","Free Agent","1","0",""
"","233","danielsyxz","Wolves","1","","233","95mobbledd","Empoli","1","","233","chefkamikaze","","0","","233","akavaIen","","0","","233","theworfer","Rangers F.C","2","0","1","1","","233","pomidorek20007","Fenerbahçe","1","0",""
"","234","dsacszpro","Bayern Munich","1","","234","arbeIoa","Vietnam","1","","234","ChiefK0d","","0","","234","alanchetauu","","0","","234","tommy33gun","Juventus F.C","2","0","1","1","","234","ramonterrier","Real Madrid C.F","1","0",""
"","235","eIizku","Palestine","1","","235","backyardmillie","Hajduk Split","1","","235","chilavert","","0","","235","alexandderr","","0","","235","tottxii","Club Brugge","2","0","1","1","","235","Raphlna","Real Betis","1","0",""
"","236","ElChinoShob","Borussia Dortmund","1","","236","Barellinho","Hajduk Split","1","","236","chotungo","","0","","236","Alexander963265","","0","","236","adruzo","Thailand","2","0","0","2","","236","rauIasencioo","Liverpool F.C","1","0",""
"","237","elcrack1245","AFC Ajax","1","","237","bbjjjjnnnnn","Free Agent","1","","237","christian_cueva8","","0","","237","ALEXANDREPARIS80","","0","","237","Alexander963265","Pafos FC","2","0","0","2","","237","ronaIddoo","Paris FC","1","0",""
"","238","Fathikong1","Sporting CP","1","","238","Betoaranha_8","Fenerbahçe","1","","238","chunkymojak","","0","","238","AlinRK","","0","","238","asiturkic","BSC Young Boys","2","0","0","2","","238","Russ_Brook0MVP","Bayer Leverkusen","1","0",""
"","239","felzzr","F.C Barcelona","1","","239","BlobbyRejection","Hamrun Spartans","1","","239","Cineris","","0","","239","AlmightyCato","","0","","239","bernardogalard0","Rangers F.C","2","0","0","2","","239","SalOpsz","Empoli","1","0",""
"","240","Fernandinho90","Empoli","1","","240","bubbli","NAC Breda","1","","240","Clinicality","","0","","240","Alqueqe","","0","","240","Carlosgarvar","Jordan","2","0","0","2","","240","Santiago_1101","Free Agent","1","0",""
"","241","gabriel4560uwu","Inter Milan","1","","241","C3sual","Jordan","1","","241","clumsythings","","0","","241","amrmalekelboss","","0","","241","CrisitianoRonaldoCR7","Dinamo Zagreb","2","0","0","2","","241","sebasdeleon","Celtic F.C","1","0",""
"","242","Gaxovic","Hajduk Split","1","","242","CaioDoRoblox","Indonesia","1","","242","clxnicalz_x","","0","","242","anco","","0","","242","innverted","Free Agent","2","0","0","2","","242","serrajordi22","Qatar","1","0",""
"","243","gingikel","Iran","1","","243","cara_futbol","Bayern Munich","1","","243","Cokey_Cokey","","0","","243","andrade20001","","0","","243","smottii","Inter Milan","2","0","0","2","","243","SirStellarie","Manchester United","1","0",""
"","244","grienzemann","Free Agent","1","","244","Cerueno","AS Monaco","1","","244","COOKEDBYDANNY","","0","","244","angel153642","","0","","244","casillasproinres","Celtic F.C","1","1","0","0","","244","skaraIho","Juventus F.C","1","0",""
"","245","hashimvax","Dinamo Zagreb","1","","245","chunkymojak","Rangers F.C","1","","245","cookiedark41","","0","","245","anissen44","","0","","245","cunaamiflow","RB Salzburg","1","1","0","0","","245","SkitIsRogue","Free Agent","1","0",""
"","246","Hrisowskii","Hajduk Split","1","","246","cunaamiflow","RB Salzburg","1","","246","cookiesvx","","0","","246","AnT_Rex13","","0","","246","Dhpreme","Free Agent","1","1","0","0","","246","Smokey3121","Real Madrid C.F","1","0",""
"","247","humidos","Tottenham Hotspur","1","","247","cxzrrs","RB Salzburg","1","","247","coolestwilliam","","0","","247","apathica","","0","","247","immexican33333","Empoli","1","1","0","0","","247","smottii","Inter Milan","1","0",""
"","248","Iam_Owen","NAC Breda","1","","248","dabillingham","Dinamo Zagreb","1","","248","coolmanww1","","0","","248","arbeIoa","","0","","248","krisfaveIa","Jordan","1","1","0","0","","248","spider_jr23","Liverpool F.C","1","0",""
"","249","IDoNotUseThis_Acc","AFC Ajax","1","","249","eb3rechii","Jagiellonia","1","","249","CoxaDoidoFiuFiu","","0","","249","arectiful","","0","","249","Kzidowski","Jagiellonia","1","1","0","0","","249","stjepogame","Hajduk Split","1","0",""
"","250","Igor_Akinfeev35","Jagiellonia","1","","250","entracting","Hajduk Split","1","","250","CreitimDo_Grau123","","0","","250","areunx","","0","","250","MartinaIkishima","PSV Eindhoven","1","1","0","0","","250","superroblox321","Hamrun Spartans","1","0",""
"","251","IKalxdouI","PSV Eindhoven","1","","251","ezemateo04","Sporting CP","1","","251","Crimson_Reyes","","0","","251","Arjune192","","0","","251","mathztical","Borussia Dortmund","1","1","0","0","","251","SxIbaa","F.C Barcelona","1","0",""
"","252","innverted","Lebanon","1","","252","Fernandinho90","Empoli","1","","252","CrisitianoRonaldoCR7","","0","","252","armeniodbest","","0","","252","Neodraven","Free Agent","1","1","0","0","","252","t_osen","Paris FC","1","0",""
"","253","iTz_SinoO","Vietnam","1","","253","feukmizi","Manchester City","1","","253","CrisstobaI","","0","","253","Artishpro31","","0","","253","otxxkk","Iraq","1","1","0","0","","253","thenotoriouscolo","Inter Milan","1","0",""
"","254","J4kovic","Juventus F.C","1","","254","FireBBombx","AFC Ajax","1","","254","CrisVall03","","0","","254","Artymidiy19","","0","","254","renaattoo10","Hajduk Split","1","1","0","0","","254","thewoo5back","Kuwait","1","0",""
"","255","Jekowski","UAE","1","","255","Gameomg_RBLX","Inter Milan","1","","255","CriticalClip","","0","","255","Arubaze","","0","","255","Rippxh","Paris FC","1","1","0","0","","255","theworfer","Rangers F.C","1","0",""
"","256","JoaoFelixCFC","Chelsea F.C","1","","256","Gaxovic","Hajduk Split","1","","256","CriticalLio","","0","","256","Arunnnnn","","0","","256","s2Iah","Real Madrid C.F","1","1","0","0","","256","Thunde7r","Manchester United","1","0",""
"","257","JoeIinton","Hamrun Spartans","1","","257","Hakermar03","RB Leipzig","1","","257","crysty82","","0","","257","asamuiaractioncoco","","0","","257","Shyzukesa","BSC Young Boys","1","1","0","0","","257","toddzzj","F.C Barcelona","1","0",""
"","258","JzzSenn","Celtic F.C","1","","258","harmoush","BSC Young Boys","1","","258","cubarsii","","0","","258","asd52hoho","","0","","258","STORMgiannis900","Hajduk Split","1","1","0","0","","258","tottxii","Club Brugge","1","0",""
"","259","karaagelover","Paris FC","1","","259","Hrisowskii","Hajduk Split","1","","259","cuervodel1995","","0","","259","ash_wasborn","","0","","259","toneIli","AFC Ajax","1","1","0","0","","259","Tupapachiro","Real Madrid C.F","1","0",""
"","260","kenzugwaps","PSV Eindhoven","1","","260","Idk_Scout","Liverpool F.C","1","","260","cunaamiflow","","0","","260","Asimooo255","","0","","260","wakahammer","Free Agent","1","1","0","0","","260","UchihaGen4ik","Liverpool F.C","1","0",""
"","261","krisfaveIa","Jordan","1","","261","IDoNotUseThis_Acc","AFC Ajax","1","","261","cwoiz","","0","","261","asiturkic","","0","","261","aconi5basket","Free Agent","1","0","1","0","","261","uncbenny","Club Brugge","1","0",""
"","262","LeGenDaRyne10","RB Leipzig","1","","262","IKalxdouI","Thailand","1","","262","CXMELEKXC","","0","","262","Atagyh","","0","","262","bauti38err","Empoli","1","0","1","0","","262","vaqakawa","Chelsea F.C","1","0",""
"","263","LogicaHD","Marseille","1","","263","ilMesxy","Palestine","1","","263","cxzrrs","","0","","263","ATFRoblox1","","0","","263","BloodhoundAntx","Chelsea F.C","1","0","1","0","","263","vemeins","Inter Milan","1","0",""
"","264","lukeboyganig","Free Agent","1","","264","jessnaldo","Real Madrid C.F","1","","264","Cyan_nyauwu","","0","","264","ATHUSG12","","0","","264","C3sual","Jordan","1","0","1","0","","264","Wertbiceps","Borussia Dortmund","1","0",""
"","265","margoI_l","Jagiellonia","1","","265","jetixpro","Bayern Munich","1","","265","cyanarzo","","0","","265","atrixify","","0","","265","Cineris","Chelsea F.C","1","0","1","0","","265","whitetiger1912","Celtic F.C","1","0",""
"","266","Maximo_2016","Celtic F.C","1","","266","jkiller67867282882","PSV Eindhoven","1","","266","cynosn","","0","","266","Avono_Pierce","","0","","266","Cycle_Youtub","F.C Barcelona","1","0","1","0","","266","WillingXWING","BSC Young Boys","1","0",""
"","267","MigueLoXinX","Empoli","1","","267","JoaoFelixCFC","Chelsea F.C","1","","267","Cyr0o","","0","","267","awakenaldo","","0","","267","danie1879","F.C Barcelona","1","0","1","0","","267","Wintre7a","PSV Eindhoven","1","0",""
"","268","ML_Raul","AS Monaco","1","","268","JONHCENA38","Sporting CP","1","","268","dabillingham","","0","","268","axguerd","","0","","268","DJMaxwell132","NAC Breda","1","0","1","0","","268","xfibion","Bahrain","1","0",""
"","269","Neodraven","Free Agent","1","","269","Lasseboss","NAC Breda","1","","269","dakibo","","0","","269","Axyte","","0","","269","eIizku","Palestine","1","0","1","0","","269","Xinersw","Bayer Leverkusen","1","0",""
"","270","niovc","Borussia Dortmund","1","","270","LeGenDaRyne10","RB Leipzig","1","","270","DaLegendRO","","0","","270","Ayanagi_S","","0","","270","elcrack1245","AFC Ajax","1","0","1","0","","270","yuriocean","Wolves","1","0",""
"","271","nvneszn","Real Betis","1","","271","LogicaHD","Marseille","1","","271","dami0710","","0","","271","aydincetinantreman","","0","","271","enisify","Bayern Munich","1","0","1","0","","271","0_7Crazy","","0","0",""
"","272","Painshinratensei","Tottenham Hotspur","1","","272","lzxthal","Chelsea F.C","1","","272","danie1879","","0","","272","aymericIaporte","","0","","272","gabriel4560uwu","Inter Milan","1","0","1","0","","272","0_Benicio","","0","0",""
"","273","Pedroshot_Gaming","BSC Young Boys","1","","273","maImerrr","Free Agent","1","","273","danieIfly","","0","","273","AytronnSenna","","0","","273","Gaxovic","Hajduk Split","1","0","1","0","","273","02Addo","","0","0",""
"","274","PercyTheFizzyPiggy","Inter Milan","1","","274","ML_Raul","AS Monaco","1","","274","danieImunozz","","0","","274","azoctem","","0","","274","IDoNotUseThis_Acc","AFC Ajax","1","0","1","0","","274","02dxnn","","0","0",""
"","275","personaje23236","Dinamo Zagreb","1","","275","MO129195","PSV Eindhoven","1","","275","DanielDeEgg","","0","","275","B0LYY","","0","","275","marianoycamila08","Juventus F.C","1","0","1","0","","275","07uzi","","0","0",""
"","276","POLSKAFUTBOL","Bayern Munich","1","","276","Mohascred","Manchester City","1","","276","Danielpro06","","0","","276","backyardmillie","","0","","276","Maximo_2016","Celtic F.C","1","0","1","0","","276","0kochaa","","0","0",""
"","277","rauIasencioo","Liverpool F.C","1","","277","MrHiko_Yt","Jagiellonia","1","","277","danielsyxz","","0","","277","badiyaa","","0","","277","nikdinii","Borussia Dortmund","1","0","1","0","","277","109davo","","0","0",""
"","278","reiulent","Pafos FC","1","","278","naim_76","AC Milan","1","","278","daniil_212","","0","","278","Badsiq","","0","","278","personaje23236","Dinamo Zagreb","1","0","1","0","","278","13kpoopyhead","","0","0",""
"","279","s2Iah","Real Madrid C.F","1","","279","nsuo456","AS Monaco","1","","279","Danilawolk0867","","0","","279","Baina0ala","","0","","279","phen5m","Japan","1","0","1","0","","279","15Tesla1","","0","0",""
"","280","salshorty507","Hajduk Split","1","","280","personaje23236","Dinamo Zagreb","1","","280","danish52hoho","","0","","280","Bamvaam","","0","","280","SixityTime","Philippines","1","0","1","0","","280","19mws","","0","0",""
"","281","SamueItx","Lebanon","1","","281","phen5m","Japan","1","","281","dannyvoetballer","","0","","281","BanMeLmao","","0","","281","SkitIsRogue","Free Agent","1","0","1","0","","281","1echeryy","","0","0",""
"","282","SerpzCustos","Empoli","1","","282","POLSKAFUTBOL","Bayern Munich","1","","282","Dantemanol","","0","","282","barbkoumpo","","0","","282","stefiscoco","Borussia Dortmund","1","0","1","0","","282","1of1ren","","0","0",""
"","283","ShawnxMonaco","Sporting CP","1","","283","ProCiba099_009","Hajduk Split","1","","283","Dantzgoat","","0","","283","Barellinho","","0","","283","themightyjesse","Pafos FC","1","0","1","0","","283","1Rooha","","0","0",""
"","284","SixityTime","Philippines","1","","284","Raphlna","Real Betis","1","","284","Danyadubh","","0","","284","Barisinho","","0","","284","veeznoo","Borussia Dortmund","1","0","1","0","","284","1uisChilavert","","0","0",""
"","285","stefiscoco","Hong Kong","1","","285","recrystaIlize","Real Madrid C.F","1","","285","Daramyy","","0","","285","Bars20087","","0","","285","wlNams","Paris FC","1","0","1","0","","285","21_Weverton","","0","0",""
"","286","SxIbaa","F.C Barcelona","1","","286","ruxel_gamerpro","Manchester City","1","","286","DariusLigh","","0","","286","BastianPrimex","","0","","286","zeqhyrin","Free Agent","1","0","1","0","","286","22smok","","0","0",""
"","287","Synicalz_x","NAC Breda","1","","287","saudezo","Fenerbahçe","1","","287","darixthebestmaster","","0","","287","bauti38err","","0","","287","5nzofernandezz","NAC Breda","1","0","0","1","","287","24sevo","","0","0",""
"","288","TheUnknownDog1","Jagiellonia","1","","288","SerpzCustos","Empoli","1","","288","Darkened_GT","","0","","288","BeboisClown","","0","","288","8bein8","Sporting CP","1","0","0","1","","288","2krux","","0","0",""
"","289","tizongass","AS Monaco","1","","289","ShawnxMonaco","Sporting CP","1","","289","datunnnnaaa","","0","","289","believant","","0","","289","aknicc","Celtic F.C","1","0","0","1","","289","2robz","","0","0",""
"","290","tottxii","Club Brugge","1","","290","SkitIsRogue","Free Agent","1","","290","DaviTh278","","0","","290","Belinghaaam","","0","","290","BIoxinhooo","Saudi Arabia","1","0","0","1","","290","3xilno","","0","0",""
"","291","untitled05","Inter Milan","1","","291","stjepogame","Hajduk Split","1","","291","dawvii","","0","","291","benjazaca14321","","0","","291","bolinho123456677","RB Salzburg","1","0","0","1","","291","3yl9d","","0","0",""
"","292","usamoi5","Pafos FC","1","","292","SUPERGAMERkaua","Borussia Dortmund","1","","292","DegaulleGames2","","0","","292","Benji_Price3","","0","","292","bueeeeeeeeeeeeno","Free Agent","1","0","0","1","","292","44dylz","","0","0",""
"","293","vemeins","Inter Milan","1","","293","superroblox321","Hamrun Spartans","1","","293","DemianEze123","","0","","293","Bennyblanco4","","0","","293","bxskyy","Tottenham Hotspur","1","0","0","1","","293","46xKuni","","0","0",""
"","294","vladimirboss","Hamrun Spartans","1","","294","Synicalz_x","NAC Breda","1","","294","DemiraII","","0","","294","bernardogalard0","","0","","294","CanceIooo","Borussia Dortmund","1","0","0","1","","294","4cl","","0","0",""
"","295","WebHac","Pafos FC","1","","295","szemuveg_gaming","AFC Ajax","1","","295","Destadze","","0","","295","Bestfootballer1320","","0","","295","danieImunozz","Celtic F.C","1","0","0","1","","295","4donnxs","","0","0",""
"","296","weitano","Inter Milan","1","","296","talk2themoney","Saudi Arabia","1","","296","destinhho","","0","","296","Betoaranha_8","","0","","296","EricRB321","RB Salzburg","1","0","0","1","","296","4oqt","","0","0",""
"","297","xenophoenix11","Fenerbahçe","1","","297","themightyjesse","India","1","","297","Destroyer1612","","0","","297","bI_ck","","0","","297","fabrituber720","RB Leipzig","1","0","0","1","","297","4reseet","","0","0",""
"","298","xfibion","Marseille","1","","298","thenotoriouscolo","Inter Milan","1","","298","Dhpreme","","0","","298","bielsjbss","","0","","298","FeltzGodXI","Iran","1","0","0","1","","298","56ninja9","","0","0",""
"","299","Xorbanys","Juventus F.C","1","","299","TheUnknownDog1","Cambodia","1","","299","dineifu123BR","","0","","299","BlobbyRejection","","0","","299","ilMesxy","Palestine","1","0","0","1","","299","5hzc","","0","0",""
"","300","zeitano","Bayern Munich","1","","300","tottxii","Club Brugge","1","","300","disparru","","0","","300","BloodhoundAntx","","0","","300","IValendinhoI","Celtic F.C","1","0","0","1","","300","5viyo","","0","0",""
"","301","zhegr0va","Dinamo Zagreb","1","","301","Tr_ssard","Paris FC","1","","301","Diwgo","","0","","301","BloodyBerin","","0","","301","joacocivile","Rangers F.C","1","0","0","1","","301","64pw","","0","0",""
"","302","0_Benicio","","0","","302","tumanze","Manchester United","1","","302","djelame_76","","0","","302","bludtorreto","","0","","302","JoaoFelixCFC","Chelsea F.C","1","0","0","1","","302","66xix","","0","0",""
"","303","02Addo","","0","","303","uncbenny","Club Brugge","1","","303","DJMaxwell132","","0","","303","bodyfayed1234","","0","","303","JordanTheVerbalist","Paris FC","1","0","0","1","","303","6skyr6","","0","0",""
"","304","02dxnn","","0","","304","usamoi5","Pafos FC","1","","304","Dogesinhoo","","0","","304","bolinho123456677","","0","","304","jxzy52hoho","Rangers F.C","1","0","0","1","","304","7rrakk","","0","0",""
"","305","07uzi","","0","","305","vladimirboss","Hamrun Spartans","1","","305","dogniseeBAN","","0","","305","bonfyz","","0","","305","Lasseboss","NAC Breda","1","0","0","1","","305","95mobbledd","","0","0",""
"","306","0kochaa","","0","","306","vtknery","Chelsea F.C","1","","306","Dogzzii","","0","","306","Boo4935","","0","","306","linozkr","Paris FC","1","0","0","1","","306","9iovanno","","0","0",""
"","307","109davo","","0","","307","WebHac","Pafos FC","1","","307","Dominicalplayer","","0","","307","braxcrack","","0","","307","maImerrr","Free Agent","1","0","0","1","","307","Aaronmartinez15","","0","0",""
"","308","13kpoopyhead","","0","","308","William1pa0","Club Brugge","1","","308","Domosaur_Tim","","0","","308","Brian0vskii","","0","","308","margoI_l","Jagiellonia","1","0","0","1","","308","abdodarwish","","0","0",""
"","309","15Tesla1","","0","","309","WindyBye","RB Leipzig","1","","309","Doyle_Lim","","0","","309","brickedthisdefense","","0","","309","naim_76","AC Milan","1","0","0","1","","309","AbsalomAbstract","","0","0",""
"","310","19mws","","0","","310","wlNams","Paris FC","1","","310","DragonTwisterSword","","0","","310","bubbli","","0","","310","papucraft_43","Pafos FC","1","0","0","1","","310","aciidify","","0","0",""
"","311","1echeryy","","0","","311","worrde","Real Betis","1","","311","Drakzorv","","0","","311","BudderBomb45","","0","","311","Pedroshot_Gaming","BSC Young Boys","1","0","0","1","","311","aconi5basket","","0","0",""
"","312","1of1ren","","0","","312","xenophoenix11","Fenerbahçe","1","","312","Drip_Monki","","0","","312","bueeeeeeeeeeeeno","","0","","312","POLSKAFUTBOL","Bayern Munich","1","0","0","1","","312","ActuaIlyPsi","","0","0",""
"","313","1Rooha","","0","","313","Xetakken","Empoli","1","","313","DrissaoZoo","","0","","313","BulutKrh52","","0","","313","ProCiba099_009","Hajduk Split","1","0","0","1","","313","AdamXseven7","","0","0",""
"","314","1uisChilavert","","0","","314","Yunami27X","Union Saint-Gilloise","1","","314","dsacszpro","","0","","314","bxdghggjj31","","0","","314","qeintessential","BSC Young Boys","1","0","0","1","","314","adaptisrogue","","0","0",""
"","315","21_Weverton","","0","","315","zeizucoo","Free Agent","1","","315","duburnn","","0","","315","bxnetic","","0","","315","Raphlna","Real Betis","1","0","0","1","","315","adinko57","","0","0",""
"","316","22smok","","0","","316","0_Benicio","","0","","316","dxniellls","","0","","316","bxskyy","","0","","316","rebelvax","Hajduk Split","1","0","0","1","","316","AFOSINHOROBLOX","","0","0",""
"","317","24sevo","","0","","317","02Addo","","0","","317","Dxniltz","","0","","317","byokeres","","0","","317","ronaIddoo","Paris FC","1","0","0","1","","317","ahmedmomoa","","0","0",""
"","318","2AliveGeekPackk","","0","","318","02dxnn","","0","","318","Dylan92ifr","","0","","318","caantona","","0","","318","ruxel_gamerpro","Manchester City","1","0","0","1","","318","AidanDevz","","0","0",""
"","319","2krux","","0","","319","07uzi","","0","","319","dznhio","","0","","319","cakelover58","","0","","319","salshorty507","Hajduk Split","1","0","0","1","","319","AidenGB111","","0","0",""
"","320","2robz","","0","","320","0kochaa","","0","","320","earwax9000","","0","","320","camovinga","","0","","320","superroblox321","Hamrun Spartans","1","0","0","1","","320","Aikyn2008","","0","0",""
"","321","3xilno","","0","","321","109davo","","0","","321","eb3rechii","","0","","321","cara_futbol","","0","","321","thewoo5back","RB Leipzig","1","0","0","1","","321","Aimer_Mxsko","","0","0",""
"","322","3yl9d","","0","","322","13kpoopyhead","","0","","322","Eduardcraftim1","","0","","322","carlogramirez","","0","","322","vtknmelo","Free Agent","1","0","0","1","","322","ains34","","0","0",""
"","323","44bobz","","0","","323","15Tesla1","","0","","323","Edxwards","","0","","323","Carlorzei","","0","","323","vybala","Union Saint-Gilloise","1","0","0","1","","323","AitNourii","","0","0",""
"","324","44dylz","","0","","324","19mws","","0","","324","EgyptianKing1232","","0","","324","CARLOSAAFR","","0","","324","WillingXWING","BSC Young Boys","1","0","0","1","","324","akavaIen","","0","0",""
"","325","46xKuni","","0","","325","1echeryy","","0","","325","eIargentinoo","","0","","325","Carlosgarvar","","0","","325","WindyBye","RB Leipzig","1","0","0","1","","325","aknicc","","0","0",""
"","326","4cl","","0","","326","1of1ren","","0","","326","eIizku","","0","","326","carlosOMGlike","","0","","326","Xorbanys","Juventus F.C","1","0","0","1","","326","alanchetauu","","0","0",""
"","327","4donnxs","","0","","327","1PLlKE140","","0","","327","EIJoacoo","","0","","327","casillasproinres","","0","","327","zeizucoo","Free Agent","1","0","0","1","","327","alexandderr","","0","0",""
"","328","4oqt","","0","","328","1Rooha","","0","","328","EIMachin","","0","","328","Cerueno","","0","","328","zhegr0va","Dinamo Zagreb","1","0","0","1","","328","ALEXANDREPARIS80","","0","0",""
"","329","4reseet","","0","","329","1uisChilavert","","0","","329","eIpersaa","","0","","329","CesareCasdei","","0","","329","ZodiacMat","Philippines","1","0","0","1","","329","AlinRK","","0","0",""
"","330","56ninja9","","0","","330","21_Weverton","","0","","330","ElChinoShob","","0","","330","chaamarcelo","","0","","330","Zoomical","India","1","0","0","1","","330","AlmightyCato","","0","0",""
"","331","5hzc","","0","","331","22smok","","0","","331","ElchuchoPerez","","0","","331","CharlesLe_simple","","0","","331","zyArthxr","Rangers F.C","1","0","0","1","","331","Alqueqe","","0","0",""
"","332","64pw","","0","","332","24sevo","","0","","332","elcrack1245","","0","","332","chefkamikaze","","0","","332","0_7Crazy","","0","0","0","0","","332","alyvz7","","0","0",""
"","333","66xix","","0","","333","2AliveGeekPackk","","0","","333","eliavl","","0","","333","ChiefK0d","","0","","333","0_Benicio","","0","0","0","0","","333","anco","","0","0",""
"","334","6skyr6","","0","","334","2krux","","0","","334","elkevongamer91","","0","","334","chilavert","","0","","334","02Addo","","0","0","0","0","","334","angel153642","","0","0",""
"","335","9iovanno","","0","","335","2robz","","0","","335","Elsk5","","0","","335","chotungo","","0","","335","02dxnn","","0","0","0","0","","335","anissen44","","0","0",""
"","336","Aaronmartinez15","","0","","336","3xilno","","0","","336","emanuel290906","","0","","336","christian_cueva8","","0","","336","07uzi","","0","0","0","0","","336","AnT_Rex13","","0","0",""
"","337","abdodarwish","","0","","337","44bobz","","0","","337","emceblantakrece","","0","","337","chunkymojak","","0","","337","0kochaa","","0","0","0","0","","337","apathica","","0","0",""
"","338","AbsalomAbstract","","0","","338","44dylz","","0","","338","emeraId9x","","0","","338","Cineris","","0","","338","109davo","","0","0","0","0","","338","arectiful","","0","0",""
"","339","aciidify","","0","","339","46xKuni","","0","","339","Emirtroyaa","","0","","339","Clinicality","","0","","339","13kpoopyhead","","0","0","0","0","","339","aresefgod","","0","0",""
"","340","aconi5basket","","0","","340","4cl","","0","","340","EMKO123","","0","","340","clumsythings","","0","","340","15Tesla1","","0","0","0","0","","340","areunx","","0","0",""
"","341","ActuaIlyPsi","","0","","341","4donnxs","","0","","341","emrdoku","","0","","341","clxnicalz_x","","0","","341","19mws","","0","0","0","0","","341","Arjune192","","0","0",""
"","342","AdamXseven7","","0","","342","4oqt","","0","","342","enisify","","0","","342","Cokey_Cokey","","0","","342","1echeryy","","0","0","0","0","","342","Artishpro31","","0","0",""
"","343","adaptisrogue","","0","","343","4reseet","","0","","343","ENYELREVENTADOOOR","","0","","343","cookiedark41","","0","","343","1of1ren","","0","0","0","0","","343","Artymidiy19","","0","0",""
"","344","adinko57","","0","","344","56ninja9","","0","","344","epicrionboy","","0","","344","cookiesvx","","0","","344","1Rooha","","0","0","0","0","","344","Arubaze","","0","0",""
"","345","AFOSINHOROBLOX","","0","","345","5hzc","","0","","345","Erazold","","0","","345","coolestwilliam","","0","","345","1uisChilavert","","0","0","0","0","","345","Arunnnnn","","0","0",""
"","346","aguzzj","","0","","346","5nzofernandezz","","0","","346","ErdoZor61","","0","","346","coolmanww1","","0","","346","21_Weverton","","0","0","0","0","","346","asamuiaractioncoco","","0","0",""
"","347","ahmedmomoa","","0","","347","5viyo","","0","","347","erwanobeltzzz","","0","","347","CoxaDoidoFiuFiu","","0","","347","22smok","","0","0","0","0","","347","ash_wasborn","","0","0",""
"","348","AidanDevz","","0","","348","64pw","","0","","348","esdeekidliverpool","","0","","348","CreitimDo_Grau123","","0","","348","24sevo","","0","0","0","0","","348","Asimooo255","","0","0",""
"","349","AidenGB111","","0","","349","66xix","","0","","349","essskettiitt","","0","","349","CrisstobaI","","0","","349","2AliveGeekPackk","","0","0","0","0","","349","ATFRoblox1","","0","0",""
"","350","aIisxi","","0","","350","6skyr6","","0","","350","esteban300132","","0","","350","CrisVall03","","0","","350","2krux","","0","0","0","0","","350","ATHUSG12","","0","0",""
"","351","Aikyn2008","","0","","351","9iovanno","","0","","351","EthicasNicomachea","","0","","351","CriticalClip","","0","","351","2robz","","0","0","0","0","","351","atrixify","","0","0",""
"","352","Aimer_Mxsko","","0","","352","Aaronmartinez15","","0","","352","evil33pro","","0","","352","CriticalLio","","0","","352","3xilno","","0","0","0","0","","352","Avono_Pierce","","0","0",""
"","353","ains34","","0","","353","aayankhan123","","0","","353","eviluded","","0","","353","crysty82","","0","","353","44bobz","","0","0","0","0","","353","awakenaldo","","0","0",""
"","354","akavaIen","","0","","354","abdodarwish","","0","","354","ezemateo04","","0","","354","cubarsii","","0","","354","44dylz","","0","0","0","0","","354","axguerd","","0","0",""
"","355","aknicc","","0","","355","AbsalomAbstract","","0","","355","fabretzko","","0","","355","cuervodel1995","","0","","355","46xKuni","","0","0","0","0","","355","Axyte","","0","0",""
"","356","alanchetauu","","0","","356","aciidify","","0","","356","fabrituber720","","0","","356","cwoiz","","0","","356","4cl","","0","0","0","0","","356","Ayanagi_S","","0","0",""
"","357","alexandderr","","0","","357","aconi5basket","","0","","357","fachriganteg123","","0","","357","CXMELEKXC","","0","","357","4donnxs","","0","0","0","0","","357","aydincetinantreman","","0","0",""
"","358","ALEXANDREPARIS80","","0","","358","ActuaIlyPsi","","0","","358","FalIenciaga","","0","","358","cxzrrs","","0","","358","4oqt","","0","0","0","0","","358","aymericIaporte","","0","0",""
"","359","AlinRK","","0","","359","AdamXseven7","","0","","359","Fathikong1","","0","","359","Cyan_nyauwu","","0","","359","4reseet","","0","0","0","0","","359","AytronnSenna","","0","0",""
"","360","AlmightyCato","","0","","360","adaptisrogue","","0","","360","fazaldo","","0","","360","cyanarzo","","0","","360","56ninja9","","0","0","0","0","","360","azoctem","","0","0",""
"","361","Alqueqe","","0","","361","adinko57","","0","","361","feltharoo","","0","","361","Cycle_Youtub","","0","","361","5hzc","","0","0","0","0","","361","B0LYY","","0","0",""
"","362","alyvz7","","0","","362","adruzo","","0","","362","FeltzGodXI","","0","","362","cynosn","","0","","362","5viyo","","0","0","0","0","","362","backyardmillie","","0","0",""
"","363","amrmalekelboss","","0","","363","AFOSINHOROBLOX","","0","","363","felzzr","","0","","363","Cyr0o","","0","","363","64pw","","0","0","0","0","","363","badiyaa","","0","0",""
"","364","anco","","0","","364","aguzzj","","0","","364","Fernandinho90","","0","","364","dabillingham","","0","","364","66xix","","0","0","0","0","","364","Badsiq","","0","0",""
"","365","andrade20001","","0","","365","ahmedmomoa","","0","","365","ferrari599gt","","0","","365","DaLegendRO","","0","","365","6skyr6","","0","0","0","0","","365","Baina0ala","","0","0",""
"","366","angel153642","","0","","366","AidanDevz","","0","","366","FIazingArrow","","0","","366","danie1879","","0","","366","8gakpo","","0","0","0","0","","366","barbkoumpo","","0","0",""
"","367","anissen44","","0","","367","AidenGB111","","0","","367","finjoshi","","0","","367","danieIfly","","0","","367","9iovanno","","0","0","0","0","","367","Barisinho","","0","0",""
"","368","AnT_Rex13","","0","","368","Aikyn2008","","0","","368","FinnLam","","0","","368","danieImunozz","","0","","368","Aaronmartinez15","","0","0","0","0","","368","Bars20087","","0","0",""
"","369","apathica","","0","","369","Aimer_Mxsko","","0","","369","fIorineI","","0","","369","DanielDeEgg","","0","","369","aayankhan123","","0","0","0","0","","369","BastianPrimex","","0","0",""
"","370","arbeIoa","","0","","370","ains34","","0","","370","firesinan","","0","","370","Danielpro06","","0","","370","abdodarwish","","0","0","0","0","","370","bauti38err","","0","0",""
"","371","arectiful","","0","","371","akavaIen","","0","","371","firipee","","0","","371","danielsyxz","","0","","371","AbsalomAbstract","","0","0","0","0","","371","BeboisClown","","0","0",""
"","372","areunx","","0","","372","aknicc","","0","","372","flaandre_scarlet","","0","","372","daniil_212","","0","","372","aciidify","","0","0","0","0","","372","believant","","0","0",""
"","373","Arjune192","","0","","373","alanchetauu","","0","","373","floodescaper_2345","","0","","373","Danilawolk0867","","0","","373","AdamXseven7","","0","0","0","0","","373","Belinghaaam","","0","0",""
"","374","Artishpro31","","0","","374","alexandderr","","0","","374","ForisHD","","0","","374","danish52hoho","","0","","374","adaptisrogue","","0","0","0","0","","374","benjazaca14321","","0","0",""
"","375","Artymidiy19","","0","","375","Alexander963265","","0","","375","fottiproc906","","0","","375","dannyvoetballer","","0","","375","adinko57","","0","0","0","0","","375","Benji_Price3","","0","0",""
"","376","Arubaze","","0","","376","ALEXANDREPARIS80","","0","","376","Francinhoo","","0","","376","Dantemanol","","0","","376","AFOSINHOROBLOX","","0","0","0","0","","376","Bennyblanco4","","0","0",""
"","377","Arunnnnn","","0","","377","AlinRK","","0","","377","Fraudrian","","0","","377","Dantzgoat","","0","","377","aguzzj","","0","0","0","0","","377","bernardogalard0","","0","0",""
"","378","asamuiaractioncoco","","0","","378","AlmightyCato","","0","","378","freakwizard62","","0","","378","Danyadubh","","0","","378","ahmedmomoa","","0","0","0","0","","378","Bestfootballer1320","","0","0",""
"","379","ash_wasborn","","0","","379","Alqueqe","","0","","379","fredocega","","0","","379","Daramyy","","0","","379","AidanDevz","","0","0","0","0","","379","bI_ck","","0","0",""
"","380","Asimooo255","","0","","380","alyvz7","","0","","380","freshermarrow77","","0","","380","DariusLigh","","0","","380","AidenGB111","","0","0","0","0","","380","bielsjbss","","0","0",""
"","381","Atagyh","","0","","381","amrmalekelboss","","0","","381","frieztaa","","0","","381","darixthebestmaster","","0","","381","Aikyn2008","","0","0","0","0","","381","BIoxinhooo","","0","0",""
"","382","ATFRoblox1","","0","","382","anco","","0","","382","frogborninhell","","0","","382","Darkened_GT","","0","","382","Aimer_Mxsko","","0","0","0","0","","382","BloodyBerin","","0","0",""
"","383","ATHUSG12","","0","","383","andrade20001","","0","","383","Furiousawsome","","0","","383","datunnnnaaa","","0","","383","ains34","","0","0","0","0","","383","bludtorreto","","0","0",""
"","384","atrixify","","0","","384","angel153642","","0","","384","fuujisako","","0","","384","DaviTh278","","0","","384","akavaIen","","0","0","0","0","","384","bodyfayed1234","","0","0",""
"","385","Avono_Pierce","","0","","385","anissen44","","0","","385","fvzaro","","0","","385","dawvii","","0","","385","alanchetauu","","0","0","0","0","","385","bolinho123456677","","0","0",""
"","386","awakenaldo","","0","","386","AnT_Rex13","","0","","386","gabiiizzy","","0","","386","DegaulleGames2","","0","","386","alexandderr","","0","0","0","0","","386","bonfyz","","0","0",""
"","387","axguerd","","0","","387","apathica","","0","","387","gabipagabo3000","","0","","387","DemianEze123","","0","","387","ALEXANDREPARIS80","","0","0","0","0","","387","Boo4935","","0","0",""
"","388","Axyte","","0","","388","arectiful","","0","","388","gabriel4560uwu","","0","","388","DemiraII","","0","","388","AlinRK","","0","0","0","0","","388","braxcrack","","0","0",""
"","389","Ayanagi_S","","0","","389","areunx","","0","","389","GalaxyLays","","0","","389","Destadze","","0","","389","AlmightyCato","","0","0","0","0","","389","Brian0vskii","","0","0",""
"","390","aydincetinantreman","","0","","390","Arjune192","","0","","390","Gameomg_RBLX","","0","","390","destinhho","","0","","390","Alqueqe","","0","0","0","0","","390","bubbli","","0","0",""
"","391","aymericIaporte","","0","","391","Artishpro31","","0","","391","gamerproinres","","0","","391","Destroyer1612","","0","","391","amrmalekelboss","","0","0","0","0","","391","BudderBomb45","","0","0",""
"","392","AytronnSenna","","0","","392","Artymidiy19","","0","","392","Garelinho","","0","","392","dineifu123BR","","0","","392","anco","","0","0","0","0","","392","BulutKrh52","","0","0",""
"","393","azoctem","","0","","393","Arubaze","","0","","393","Gaxovic","","0","","393","disparru","","0","","393","andrade20001","","0","0","0","0","","393","bxnetic","","0","0",""
"","394","B0LYY","","0","","394","Arunnnnn","","0","","394","genjinescent","","0","","394","Diwgo","","0","","394","angel153642","","0","0","0","0","","394","bxskyy","","0","0",""
"","395","backyardmillie","","0","","395","asamuiaractioncoco","","0","","395","Gentusso","","0","","395","djelame_76","","0","","395","anissen44","","0","0","0","0","","395","byokeres","","0","0",""
"","396","badiyaa","","0","","396","ash_wasborn","","0","","396","germanlets","","0","","396","DJMaxwell132","","0","","396","AnT_Rex13","","0","0","0","0","","396","C3sual","","0","0",""
"","397","Badsiq","","0","","397","Asimooo255","","0","","397","gingikel","","0","","397","Dogesinhoo","","0","","397","apathica","","0","0","0","0","","397","caantona","","0","0",""
"","398","Baina0ala","","0","","398","Atagyh","","0","","398","gjercog","","0","","398","dogniseeBAN","","0","","398","arbeIoa","","0","0","0","0","","398","cakelover58","","0","0",""
"","399","Bamvaam","","0","","399","ATFRoblox1","","0","","399","glfowanie","","0","","399","Dogzzii","","0","","399","arectiful","","0","0","0","0","","399","camovinga","","0","0",""
"","400","BanMeLmao","","0","","400","ATHUSG12","","0","","400","gojouszn","","0","","400","Dominicalplayer","","0","","400","areunx","","0","0","0","0","","400","cara_futbol","","0","0",""
"","401","barbkoumpo","","0","","401","atrixify","","0","","401","GokuSSGSS323","","0","","401","Domosaur_Tim","","0","","401","Arjune192","","0","0","0","0","","401","carlogramirez","","0","0",""
"","402","Barisinho","","0","","402","Avono_Pierce","","0","","402","gokuzeiro12","","0","","402","Doyle_Lim","","0","","402","armeniodbest","","0","0","0","0","","402","CARLOSAAFR","","0","0",""
"","403","Bars20087","","0","","403","awakenaldo","","0","","403","golangoal","","0","","403","DragonTwisterSword","","0","","403","Artishpro31","","0","0","0","0","","403","Carlosgarvar","","0","0",""
"","404","BastianPrimex","","0","","404","axguerd","","0","","404","GoldinatorBat123","","0","","404","Drakzorv","","0","","404","Artymidiy19","","0","0","0","0","","404","carlosOMGlike","","0","0",""
"","405","bauti38err","","0","","405","Axyte","","0","","405","gothlucent","","0","","405","Drip_Monki","","0","","405","Arubaze","","0","0","0","0","","405","casillasproinres","","0","0",""
"","406","believant","","0","","406","Ayanagi_S","","0","","406","grienzemann","","0","","406","DrissaoZoo","","0","","406","Arunnnnn","","0","0","0","0","","406","CesareCasdei","","0","0",""
"","407","Belinghaaam","","0","","407","aydincetinantreman","","0","","407","GroundLowGirl4321","","0","","407","duburnn","","0","","407","asamuiaractioncoco","","0","0","0","0","","407","CharlesLe_simple","","0","0",""
"","408","benjazaca14321","","0","","408","aymericIaporte","","0","","408","Gui1908","","0","","408","dxniellls","","0","","408","ash_wasborn","","0","0","0","0","","408","chefkamikaze","","0","0",""
"","409","Benji_Price3","","0","","409","AytronnSenna","","0","","409","gussjrr","","0","","409","Dxniltz","","0","","409","Asimooo255","","0","0","0","0","","409","ChiefK0d","","0","0",""
"","410","Bennyblanco4","","0","","410","azoctem","","0","","410","GUTZ_09","","0","","410","Dylan92ifr","","0","","410","Atagyh","","0","0","0","0","","410","chilavert","","0","0",""
"","411","Bestfootballer1320","","0","","411","B0LYY","","0","","411","H_aschwalth","","0","","411","DylanGamer_22","","0","","411","ATFRoblox1","","0","0","0","0","","411","chotungo","","0","0",""
"","412","bI_ck","","0","","412","badiyaa","","0","","412","H_Kxkay","","0","","412","dznhio","","0","","412","ATHUSG12","","0","0","0","0","","412","christian_cueva8","","0","0",""
"","413","bielsjbss","","0","","413","Badsiq","","0","","413","h1z4n6","","0","","413","earwax9000","","0","","413","atrixify","","0","0","0","0","","413","Cineris","","0","0",""
"","414","BlobbyRejection","","0","","414","Baina0ala","","0","","414","h2handa","","0","","414","eb3rechii","","0","","414","Avono_Pierce","","0","0","0","0","","414","Clinicality","","0","0",""
"","415","BloodyBerin","","0","","415","Bamvaam","","0","","415","h2hbuu","","0","","415","Eduardcraftim1","","0","","415","awakenaldo","","0","0","0","0","","415","clumsythings","","0","0",""
"","416","bludtorreto","","0","","416","barbkoumpo","","0","","416","h2hlawaliet","","0","","416","Edxwards","","0","","416","Axyte","","0","0","0","0","","416","clxnicalz_x","","0","0",""
"","417","bodyfayed1234","","0","","417","Barisinho","","0","","417","h2htem","","0","","417","EgyptianKing1232","","0","","417","Ayanagi_S","","0","0","0","0","","417","Cokey_Cokey","","0","0",""
"","418","bonfyz","","0","","418","Bars20087","","0","","418","h2hvenom","","0","","418","eIizku","","0","","418","aydincetinantreman","","0","0","0","0","","418","COOKEDBYDANNY","","0","0",""
"","419","Boo4935","","0","","419","BastianPrimex","","0","","419","h6bg","","0","","419","EIMachin","","0","","419","aymericIaporte","","0","0","0","0","","419","cookiedark41","","0","0",""
"","420","braxcrack","","0","","420","bauti38err","","0","","420","hadizexgaming_X","","0","","420","ElChinoShob","","0","","420","AytronnSenna","","0","0","0","0","","420","cookiesvx","","0","0",""
"","421","Brian0vskii","","0","","421","BeboisClown","","0","","421","Hakermar03","","0","","421","elcrack1245","","0","","421","azoctem","","0","0","0","0","","421","coolmanww1","","0","0",""
"","422","bubbli","","0","","422","believant","","0","","422","Hansej","","0","","422","eliavl","","0","","422","B0LYY","","0","0","0","0","","422","CoxaDoidoFiuFiu","","0","0",""
"","423","BudderBomb45","","0","","423","Belinghaaam","","0","","423","harmoush","","0","","423","elkevongamer91","","0","","423","badiyaa","","0","0","0","0","","423","CreitimDo_Grau123","","0","0",""
"","424","bueeeeeeeeeeeeno","","0","","424","benjazaca14321","","0","","424","harshflux","","0","","424","ElMorfadorDeChoripan","","0","","424","Badsiq","","0","0","0","0","","424","Crimson_Reyes","","0","0",""
"","425","BulutKrh52","","0","","425","Benji_Price3","","0","","425","HasHikO_PriMexS","","0","","425","Elsk5","","0","","425","Baina0ala","","0","0","0","0","","425","CrisstobaI","","0","0",""
"","426","bxnetic","","0","","426","Bennyblanco4","","0","","426","hashimvax","","0","","426","emanuel290906","","0","","426","Bamvaam","","0","0","0","0","","426","CrisVall03","","0","0",""
"","427","bxskyy","","0","","427","bernardogalard0","","0","","427","hayo_yt123","","0","","427","emeraId9x","","0","","427","BanMeLmao","","0","0","0","0","","427","CriticalLio","","0","0",""
"","428","byokeres","","0","","428","Bestfootballer1320","","0","","428","hbaybarsxdd","","0","","428","Emirtroyaa","","0","","428","barbkoumpo","","0","0","0","0","","428","crysty82","","0","0",""
"","429","caantona","","0","","429","bI_ck","","0","","429","Healthyhat1","","0","","429","EMKO123","","0","","429","Barellinho","","0","0","0","0","","429","cubarsii","","0","0",""
"","430","cakelover58","","0","","430","bielsjbss","","0","","430","hellbIaza","","0","","430","emrdoku","","0","","430","Barisinho","","0","0","0","0","","430","cuervodel1995","","0","0",""
"","431","camovinga","","0","","431","BIoxinhooo","","0","","431","Helziy","","0","","431","enisify","","0","","431","Bars20087","","0","0","0","0","","431","cwoiz","","0","0",""
"","432","cara_futbol","","0","","432","BloodhoundAntx","","0","","432","henkaraIhoo","","0","","432","entracting","","0","","432","BastianPrimex","","0","0","0","0","","432","CXMELEKXC","","0","0",""
"","433","carlogramirez","","0","","433","BloodyBerin","","0","","433","heydersaez2004","","0","","433","ENYELREVENTADOOOR","","0","","433","bbjjjjnnnnn","","0","0","0","0","","433","cxzrrs","","0","0",""
"","434","Carlorzei","","0","","434","bludtorreto","","0","","434","hikezinhoo","","0","","434","epicrionboy","","0","","434","believant","","0","0","0","0","","434","Cyan_nyauwu","","0","0",""
"","435","CARLOSAAFR","","0","","435","bodyfayed1234","","0","","435","hjl","","0","","435","Erazold","","0","","435","Belinghaaam","","0","0","0","0","","435","cyanarzo","","0","0",""
"","436","Carlosgarvar","","0","","436","bonfyz","","0","","436","hnvh61","","0","","436","ErdoZor61","","0","","436","benjazaca14321","","0","0","0","0","","436","Cycle_Youtub","","0","0",""
"","437","carlosOMGlike","","0","","437","Boo4935","","0","","437","Hondaofc","","0","","437","EricRB321","","0","","437","Benji_Price3","","0","0","0","0","","437","cynosn","","0","0",""
"","438","casillasproinres","","0","","438","braxcrack","","0","","438","Hopedeparanaue","","0","","438","erwanobeltzzz","","0","","438","Bennyblanco4","","0","0","0","0","","438","Cyr0o","","0","0",""
"","439","Cerueno","","0","","439","Brian0vskii","","0","","439","HorusKingfire","","0","","439","esdeekidliverpool","","0","","439","Bestfootballer1320","","0","0","0","0","","439","dabillingham","","0","0",""
"","440","CesareCasdei","","0","","440","BudderBomb45","","0","","440","httpsyoutubecZ","","0","","440","essskettiitt","","0","","440","Betoaranha_8","","0","0","0","0","","440","dakibo","","0","0",""
"","441","CharlesLe_simple","","0","","441","bueeeeeeeeeeeeno","","0","","441","HumaniCalculator","","0","","441","esteban300132","","0","","441","bI_ck","","0","0","0","0","","441","DaLegendRO","","0","0",""
"","442","chefkamikaze","","0","","442","BulutKrh52","","0","","442","Humberto_4268","","0","","442","EthicasNicomachea","","0","","442","bielsjbss","","0","0","0","0","","442","danie1879","","0","0",""
"","443","ChiefK0d","","0","","443","bxdghggjj31","","0","","443","humidos","","0","","443","evil33pro","","0","","443","BlobbyRejection","","0","0","0","0","","443","danieIfly","","0","0",""
"","444","chilavert","","0","","444","bxnetic","","0","","444","HundredGalaxies","","0","","444","eviluded","","0","","444","BloodyBerin","","0","0","0","0","","444","danieImunozz","","0","0",""
"","445","chotungo","","0","","445","bxskyy","","0","","445","hurriedwassabi1","","0","","445","ezequiemanu","","0","","445","bludtorreto","","0","0","0","0","","445","Danielpro06","","0","0",""
"","446","christian_cueva8","","0","","446","byokeres","","0","","446","huso_masterTR","","0","","446","fabretzko","","0","","446","bodyfayed1234","","0","0","0","0","","446","danielsyxz","","0","0",""
"","447","Clinicality","","0","","447","caantona","","0","","447","hutyrr","","0","","447","fabrituber720","","0","","447","BoldProdigy","","0","0","0","0","","447","daniil_212","","0","0",""
"","448","clumsythings","","0","","448","cakelover58","","0","","448","Iam_Owen","","0","","448","fachriganteg123","","0","","448","bonfyz","","0","0","0","0","","448","Danilawolk0867","","0","0",""
"","449","clxnicalz_x","","0","","449","camovinga","","0","","449","ianisdarwin","","0","","449","FalIenciaga","","0","","449","Boo4935","","0","0","0","0","","449","dannyvoetballer","","0","0",""
"","450","Cokey_Cokey","","0","","450","carlogramirez","","0","","450","Iawestt22","","0","","450","Fathikong1","","0","","450","braxcrack","","0","0","0","0","","450","Dantemanol","","0","0",""
"","451","cookiedark41","","0","","451","Carlorzei","","0","","451","iconion","","0","","451","feltharoo","","0","","451","Brian0vskii","","0","0","0","0","","451","Dantzgoat","","0","0",""
"","452","cookiesvx","","0","","452","CARLOSAAFR","","0","","452","IDavidLIII","","0","","452","FeltzGodXI","","0","","452","bubbli","","0","0","0","0","","452","Danyadubh","","0","0",""
"","453","coolestwilliam","","0","","453","Carlosgarvar","","0","","453","Idk_Scout","","0","","453","felzzr","","0","","453","BudderBomb45","","0","0","0","0","","453","Daramyy","","0","0",""
"","454","coolmanww1","","0","","454","carlosOMGlike","","0","","454","IDoNotUseThis_Acc","","0","","454","Fernandinho90","","0","","454","BulutKrh52","","0","0","0","0","","454","DariusLigh","","0","0",""
"","455","CoxaDoidoFiuFiu","","0","","455","casillasproinres","","0","","455","iDroowPlayer12","","0","","455","ferrari599gt","","0","","455","bxdghggjj31","","0","0","0","0","","455","darixthebestmaster","","0","0",""
"","456","CreitimDo_Grau123","","0","","456","CesareCasdei","","0","","456","Iechpremium","","0","","456","FIazingArrow","","0","","456","bxnetic","","0","0","0","0","","456","Darkened_GT","","0","0",""
"","457","CrisitianoRonaldoCR7","","0","","457","chaamarcelo","","0","","457","Iep_ro","","0","","457","FinnLam","","0","","457","byokeres","","0","0","0","0","","457","datunnnnaaa","","0","0",""
"","458","CrisstobaI","","0","","458","CharlesLe_simple","","0","","458","Iewito","","0","","458","firesinan","","0","","458","caantona","","0","0","0","0","","458","DaviTh278","","0","0",""
"","459","CrisVall03","","0","","459","chefkamikaze","","0","","459","IGiolx","","0","","459","firipee","","0","","459","cakelover58","","0","0","0","0","","459","dawvii","","0","0",""
"","460","crysty82","","0","","460","ChiefK0d","","0","","460","Ignite_bally","","0","","460","floodescaper_2345","","0","","460","camovinga","","0","0","0","0","","460","DegaulleGames2","","0","0",""
"","461","cubarsii","","0","","461","chilavert","","0","","461","Igor_Akinfeev35","","0","","461","ForisHD","","0","","461","cara_futbol","","0","0","0","0","","461","DemianEze123","","0","0",""
"","462","cuervodel1995","","0","","462","chotungo","","0","","462","ii_XNoCapX","","0","","462","fottiproc906","","0","","462","carlogramirez","","0","0","0","0","","462","DemiraII","","0","0",""
"","463","cwoiz","","0","","463","christian_cueva8","","0","","463","IIAIexXI","","0","","463","Francinhoo","","0","","463","CARLOSAAFR","","0","0","0","0","","463","Destadze","","0","0",""
"","464","CXMELEKXC","","0","","464","Clinicality","","0","","464","IiBrian_AmAll","","0","","464","Fraudrian","","0","","464","carlosOMGlike","","0","0","0","0","","464","destinhho","","0","0",""
"","465","Cyan_nyauwu","","0","","465","clumsythings","","0","","465","IIJake_XI","","0","","465","freakwizard62","","0","","465","Cerueno","","0","0","0","0","","465","Destroyer1612","","0","0",""
"","466","cyanarzo","","0","","466","clxnicalz_x","","0","","466","IILowkeyXI","","0","","466","fredocega","","0","","466","CesareCasdei","","0","0","0","0","","466","Dhpreme","","0","0",""
"","467","Cycle_Youtub","","0","","467","Cokey_Cokey","","0","","467","IIRushXI","","0","","467","freshermarrow77","","0","","467","chaamarcelo","","0","0","0","0","","467","dineifu123BR","","0","0",""
"","468","cynosn","","0","","468","cookiesvx","","0","","468","Iisandroo","","0","","468","frieztaa","","0","","468","CharlesLe_simple","","0","0","0","0","","468","disparru","","0","0",""
"","469","Cyr0o","","0","","469","coolmanww1","","0","","469","IISarimXI","","0","","469","frogborninhell","","0","","469","chefkamikaze","","0","0","0","0","","469","Diwgo","","0","0",""
"","470","DaLegendRO","","0","","470","CoxaDoidoFiuFiu","","0","","470","IKalxdouI","","0","","470","Furiousawsome","","0","","470","ChiefK0d","","0","0","0","0","","470","djelame_76","","0","0",""
"","471","DAMULEKPL","","0","","471","CreitimDo_Grau123","","0","","471","ilIshootyou","","0","","471","fvzaro","","0","","471","chilavert","","0","0","0","0","","471","Dogesinhoo","","0","0",""
"","472","danie1879","","0","","472","CrisstobaI","","0","","472","ilMesxy","","0","","472","gabiiizzy","","0","","472","chotungo","","0","0","0","0","","472","dogniseeBAN","","0","0",""
"","473","danieIfly","","0","","473","CrisVall03","","0","","473","ILuisnaldo","","0","","473","gabipagabo3000","","0","","473","christian_cueva8","","0","0","0","0","","473","Dogzzii","","0","0",""
"","474","danieImunozz","","0","","474","crysty82","","0","","474","ImCristianXD","","0","","474","gabriel4560uwu","","0","","474","Clinicality","","0","0","0","0","","474","Dominicalplayer","","0","0",""
"","475","DanielDeEgg","","0","","475","cubarsii","","0","","475","immexican33333","","0","","475","GalaxyLays","","0","","475","clumsythings","","0","0","0","0","","475","Doyle_Lim","","0","0",""
"","476","Danielpro06","","0","","476","cuervodel1995","","0","","476","imthemeatballzzz","","0","","476","Gameomg_RBLX","","0","","476","clxnicalz_x","","0","0","0","0","","476","Drakzorv","","0","0",""
"","477","daniil_212","","0","","477","cwoiz","","0","","477","IMuhvyz","","0","","477","gamerproinres","","0","","477","Cokey_Cokey","","0","0","0","0","","477","Drip_Monki","","0","0",""
"","478","Danilawolk0867","","0","","478","CXMELEKXC","","0","","478","IncaGoat","","0","","478","Garelinho","","0","","478","cookiesvx","","0","0","0","0","","478","DrissaoZoo","","0","0",""
"","479","danish52hoho","","0","","479","Cyan_nyauwu","","0","","479","innverted","","0","","479","Gaxovic","","0","","479","coolmanww1","","0","0","0","0","","479","dsacszpro","","0","0",""
"","480","dannyvoetballer","","0","","480","cyanarzo","","0","","480","Instagrem10234","","0","","480","genjinescent","","0","","480","CoxaDoidoFiuFiu","","0","0","0","0","","480","duburnn","","0","0",""
"","481","Dantemanol","","0","","481","Cycle_Youtub","","0","","481","invasor_voraz940","","0","","481","Gentusso","","0","","481","CreitimDo_Grau123","","0","0","0","0","","481","dxniellls","","0","0",""
"","482","Dantzgoat","","0","","482","cynosn","","0","","482","IOnlySuat","","0","","482","germanlets","","0","","482","CrisstobaI","","0","0","0","0","","482","Dxniltz","","0","0",""
"","483","Danyadubh","","0","","483","Cyr0o","","0","","483","iownmcx","","0","","483","gingikel","","0","","483","CrisVall03","","0","0","0","0","","483","Dylan92ifr","","0","0",""
"","484","Daramyy","","0","","484","DaLegendRO","","0","","484","irineudosparanaue","","0","","484","gjercog","","0","","484","CriticalLio","","0","0","0","0","","484","dznhio","","0","0",""
"","485","DariusLigh","","0","","485","DAMULEKPL","","0","","485","IrnJoseph","","0","","485","glfowanie","","0","","485","crysty82","","0","0","0","0","","485","eb3rechii","","0","0",""
"","486","darixthebestmaster","","0","","486","danieIfly","","0","","486","isac13579br","","0","","486","gojouszn","","0","","486","cubarsii","","0","0","0","0","","486","Eduardcraftim1","","0","0",""
"","487","Darkened_GT","","0","","487","Danielpro06","","0","","487","isaque123456677","","0","","487","GokuSSGSS323","","0","","487","cuervodel1995","","0","0","0","0","","487","Edxwards","","0","0",""
"","488","datunnnnaaa","","0","","488","daniil_212","","0","","488","ItchyLfc2005","","0","","488","gokuzeiro12","","0","","488","cwoiz","","0","0","0","0","","488","egereiz3256","","0","0",""
"","489","DaviTh278","","0","","489","Danilawolk0867","","0","","489","itsslothplayz","","0","","489","golangoal","","0","","489","CXMELEKXC","","0","0","0","0","","489","EgyptianKing1232","","0","0",""
"","490","dawvii","","0","","490","danish52hoho","","0","","490","ItsTheGamePlayer","","0","","490","GoldinatorBat123","","0","","490","Cyan_nyauwu","","0","0","0","0","","490","eIizku","","0","0",""
"","491","DegaulleGames2","","0","","491","dannyvoetballer","","0","","491","ItsVillaneuvaC","","0","","491","gothlucent","","0","","491","cyanarzo","","0","0","0","0","","491","EIMachin","","0","0",""
"","492","DemianEze123","","0","","492","Dantemanol","","0","","492","iTz_SinoO","","0","","492","grienzemann","","0","","492","cynosn","","0","0","0","0","","492","ElChinoShob","","0","0",""
"","493","DemiraII","","0","","493","Dantzgoat","","0","","493","ItzLil_Petran","","0","","493","GroundLowGirl4321","","0","","493","Cyr0o","","0","0","0","0","","493","ElchuchoPerez","","0","0",""
"","494","Destadze","","0","","494","Danyadubh","","0","","494","Itzxnt","","0","","494","Gui1908","","0","","494","DaLegendRO","","0","0","0","0","","494","eliavl","","0","0",""
"","495","destinhho","","0","","495","Daramyy","","0","","495","Iuczz","","0","","495","gussjrr","","0","","495","DAMULEKPL","","0","0","0","0","","495","elkevongamer91","","0","0",""
"","496","Destroyer1612","","0","","496","DariusLigh","","0","","496","IValendinhoI","","0","","496","GUTZ_09","","0","","496","danieIfly","","0","0","0","0","","496","Elsk5","","0","0",""
"","497","dineifu123BR","","0","","497","darixthebestmaster","","0","","497","IvanLescanito","","0","","497","H_aschwalth","","0","","497","Danielpro06","","0","0","0","0","","497","emanuel290906","","0","0",""
"","498","disparru","","0","","498","Darkened_GT","","0","","498","ixhaq","","0","","498","H_Kxkay","","0","","498","daniil_212","","0","0","0","0","","498","emeraId9x","","0","0",""
"","499","Diwgo","","0","","499","datunnnnaaa","","0","","499","ixLioMessiX","","0","","499","h1z4n6","","0","","499","Danilawolk0867","","0","0","0","0","","499","Emirtroyaa","","0","0",""
"","500","djelame_76","","0","","500","DaviTh278","","0","","500","IxMxanny","","0","","500","h2hbuu","","0","","500","danish52hoho","","0","0","0","0","","500","EMKO123","","0","0",""
"","501","DJMaxwell132","","0","","501","dawvii","","0","","501","iz_kloodi","","0","","501","h2htem","","0","","501","dannyvoetballer","","0","0","0","0","","501","emrdoku","","0","0",""
"","502","Dogesinhoo","","0","","502","DegaulleGames2","","0","","502","Izuukinata","","0","","502","h6bg","","0","","502","Dantemanol","","0","0","0","0","","502","enisify","","0","0",""
"","503","dogniseeBAN","","0","","503","DemianEze123","","0","","503","J0RXD","","0","","503","hadizexgaming_X","","0","","503","Dantzgoat","","0","0","0","0","","503","entracting","","0","0",""
"","504","Dogzzii","","0","","504","DemiraII","","0","","504","J4kovic","","0","","504","Hakermar03","","0","","504","Danyadubh","","0","0","0","0","","504","ENYELREVENTADOOOR","","0","0",""
"","505","Dominicalplayer","","0","","505","Destadze","","0","","505","j4nchez","","0","","505","Hansej","","0","","505","Daramyy","","0","0","0","0","","505","epicrionboy","","0","0",""
"","506","Domosaur_Tim","","0","","506","destinhho","","0","","506","jaasui","","0","","506","harmoush","","0","","506","DariusLigh","","0","0","0","0","","506","Erazold","","0","0",""
"","507","Doyle_Lim","","0","","507","Destroyer1612","","0","","507","Jack924833","","0","","507","harshflux","","0","","507","darixthebestmaster","","0","0","0","0","","507","ErdoZor61","","0","0",""
"","508","Drakzorv","","0","","508","Dhpreme","","0","","508","Jacob_Defender","","0","","508","HasHikO_PriMexS","","0","","508","Darkened_GT","","0","0","0","0","","508","EricRB321","","0","0",""
"","509","Drip_Monki","","0","","509","dineifu123BR","","0","","509","jagerconnoisseur","","0","","509","hashimvax","","0","","509","datunnnnaaa","","0","0","0","0","","509","erwanobeltzzz","","0","0",""
"","510","DrissaoZoo","","0","","510","disparru","","0","","510","jakenaIdo","","0","","510","havaIiyim","","0","","510","DaviTh278","","0","0","0","0","","510","essskettiitt","","0","0",""
"","511","duburnn","","0","","511","Diwgo","","0","","511","Jakethepig87","","0","","511","hayo_yt123","","0","","511","dawvii","","0","0","0","0","","511","esteban300132","","0","0",""
"","512","dxniellls","","0","","512","djelame_76","","0","","512","jakub8278","","0","","512","hbaybarsxdd","","0","","512","DegaulleGames2","","0","0","0","0","","512","EthicasNicomachea","","0","0",""
"","513","Dxniltz","","0","","513","DJMaxwell132","","0","","513","jareerio","","0","","513","Healthyhat1","","0","","513","DemianEze123","","0","0","0","0","","513","evil33pro","","0","0",""
"","514","Dylan92ifr","","0","","514","Dogesinhoo","","0","","514","jeffe9931","","0","","514","hellbIaza","","0","","514","DemiraII","","0","0","0","0","","514","ezequiemanu","","0","0",""
"","515","DylanGamer_22","","0","","515","dogniseeBAN","","0","","515","Jekowski","","0","","515","Helziy","","0","","515","Destadze","","0","0","0","0","","515","fabretzko","","0","0",""
"","516","dznhio","","0","","516","Dogzzii","","0","","516","jenaissante400","","0","","516","henkaraIhoo","","0","","516","destinhho","","0","0","0","0","","516","fabrituber720","","0","0",""
"","517","earwax9000","","0","","517","Dominicalplayer","","0","","517","Jenlon54","","0","","517","heydersaez2004","","0","","517","Destroyer1612","","0","0","0","0","","517","fachriganteg123","","0","0",""
"","518","Eduardcraftim1","","0","","518","Domosaur_Tim","","0","","518","Jeolahhh","","0","","518","hikezinhoo","","0","","518","dineifu123BR","","0","0","0","0","","518","FalIenciaga","","0","0",""
"","519","Edxwards","","0","","519","Doyle_Lim","","0","","519","Jeremy_Zoku","","0","","519","HjaItee","","0","","519","disparru","","0","0","0","0","","519","feltharoo","","0","0",""
"","520","egereiz3256","","0","","520","Drakzorv","","0","","520","jerrlets","","0","","520","hnvh61","","0","","520","Diwgo","","0","0","0","0","","520","FeltzGodXI","","0","0",""
"","521","EgyptianKing1232","","0","","521","Drip_Monki","","0","","521","jesus2980ye","","0","","521","Hondaofc","","0","","521","djelame_76","","0","0","0","0","","521","ferrari599gt","","0","0",""
"","522","EIMachin","","0","","522","DrissaoZoo","","0","","522","jesuscrack50","","0","","522","Hopedeparanaue","","0","","522","Dogesinhoo","","0","0","0","0","","522","feukmizi","","0","0",""
"","523","eliavl","","0","","523","duburnn","","0","","523","Jexonium","","0","","523","HorusKingfire","","0","","523","dogniseeBAN","","0","0","0","0","","523","FIazingArrow","","0","0",""
"","524","elkevongamer91","","0","","524","dxniellls","","0","","524","JezuGreen","","0","","524","Hrisowskii","","0","","524","Dogzzii","","0","0","0","0","","524","FinnLam","","0","0",""
"","525","ElMorfadorDeChoripan","","0","","525","Dxniltz","","0","","525","Jirazei","","0","","525","httpsyoutubecZ","","0","","525","Dominicalplayer","","0","0","0","0","","525","firesinan","","0","0",""
"","526","Elsk5","","0","","526","Dylan92ifr","","0","","526","jkiller67867282882","","0","","526","HumaniCalculator","","0","","526","Domosaur_Tim","","0","0","0","0","","526","firipee","","0","0",""
"","527","emanuel290906","","0","","527","DylanGamer_22","","0","","527","joacocivile","","0","","527","Humberto_4268","","0","","527","Doyle_Lim","","0","0","0","0","","527","flaandre_scarlet","","0","0",""
"","528","emeraId9x","","0","","528","dznhio","","0","","528","JoaKoR15","","0","","528","humidos","","0","","528","Drakzorv","","0","0","0","0","","528","floodescaper_2345","","0","0",""
"","529","Emirtroyaa","","0","","529","earwax9000","","0","","529","JoaoFelixCFC","","0","","529","HundredGalaxies","","0","","529","Drip_Monki","","0","0","0","0","","529","ForisHD","","0","0",""
"","530","EMKO123","","0","","530","Eduardcraftim1","","0","","530","JoeIinton","","0","","530","hurriedwassabi1","","0","","530","DrissaoZoo","","0","0","0","0","","530","fottiproc906","","0","0",""
"","531","emrdoku","","0","","531","Edxwards","","0","","531","JordanTheVerbalist","","0","","531","huso_masterTR","","0","","531","duburnn","","0","0","0","0","","531","Francinhoo","","0","0",""
"","532","enisify","","0","","532","EgyptianKing1232","","0","","532","JoseSnayder","","0","","532","hutyrr","","0","","532","dxniellls","","0","0","0","0","","532","Franksank2222","","0","0",""
"","533","entracting","","0","","533","EIMachin","","0","","533","Joshlect","","0","","533","ianisdarwin","","0","","533","Dxniltz","","0","0","0","0","","533","Fraudrian","","0","0",""
"","534","epicrionboy","","0","","534","ElChinoShob","","0","","534","JosipTheKing2020","","0","","534","IDavidLIII","","0","","534","Dylan92ifr","","0","0","0","0","","534","freakwizard62","","0","0",""
"","535","Erazold","","0","","535","elcrack1245","","0","","535","JosmellGamers","","0","","535","Idk_Scout","","0","","535","DylanGamer_22","","0","0","0","0","","535","fredocega","","0","0",""
"","536","ErdoZor61","","0","","536","eliavl","","0","","536","jossuethebest12","","0","","536","IDoNotUseThis_Acc","","0","","536","dznhio","","0","0","0","0","","536","freshermarrow77","","0","0",""
"","537","EricRB321","","0","","537","elkevongamer91","","0","","537","jouni2911","","0","","537","iDroowPlayer12","","0","","537","earwax9000","","0","0","0","0","","537","frieztaa","","0","0",""
"","538","erwanobeltzzz","","0","","538","ElMorfadorDeChoripan","","0","","538","JRoman_8","","0","","538","Iechpremium","","0","","538","eb3rechii","","0","0","0","0","","538","frogborninhell","","0","0",""
"","539","esdeekidliverpool","","0","","539","Elsk5","","0","","539","juan810j","","0","","539","Iep_ro","","0","","539","Eduardcraftim1","","0","0","0","0","","539","Furiousawsome","","0","0",""
"","540","essskettiitt","","0","","540","emanuel290906","","0","","540","juanbr198","","0","","540","Iewito","","0","","540","Edxwards","","0","0","0","0","","540","fvzaro","","0","0",""
"","541","esteban300132","","0","","541","emeraId9x","","0","","541","JuanDavPAhe","","0","","541","IGiolx","","0","","541","EgyptianKing1232","","0","0","0","0","","541","gabiiizzy","","0","0",""
"","542","EthicasNicomachea","","0","","542","Emirtroyaa","","0","","542","Justii_n","","0","","542","Ignite_bally","","0","","542","EIMachin","","0","0","0","0","","542","gabriel4560uwu","","0","0",""
"","543","evil33pro","","0","","543","EMKO123","","0","","543","Juuikk","","0","","543","Igor_Akinfeev35","","0","","543","ElChinoShob","","0","0","0","0","","543","GalaxyLays","","0","0",""
"","544","ezemateo04","","0","","544","emrdoku","","0","","544","Jxrious","","0","","544","ii_XNoCapX","","0","","544","eliavl","","0","0","0","0","","544","Gameomg_RBLX","","0","0",""
"","545","ezequiemanu","","0","","545","enisify","","0","","545","jxzy52hoho","","0","","545","IIAIexXI","","0","","545","elkevongamer91","","0","0","0","0","","545","gamerproinres","","0","0",""
"","546","fabretzko","","0","","546","epicrionboy","","0","","546","JzzSenn","","0","","546","IiBrian_AmAll","","0","","546","ElMorfadorDeChoripan","","0","0","0","0","","546","Garelinho","","0","0",""
"","547","fachriganteg123","","0","","547","Erazold","","0","","547","Kaan012548","","0","","547","IIJake_XI","","0","","547","Elsk5","","0","0","0","0","","547","genjinescent","","0","0",""
"","548","FalIenciaga","","0","","548","ErdoZor61","","0","","548","kabudarye","","0","","548","IILowkeyXI","","0","","548","emanuel290906","","0","0","0","0","","548","Gentusso","","0","0",""
"","549","feltharoo","","0","","549","EricRB321","","0","","549","kahlezi","","0","","549","IIRushXI","","0","","549","emeraId9x","","0","0","0","0","","549","germanlets","","0","0",""
"","550","FeltzGodXI","","0","","550","erwanobeltzzz","","0","","550","Kaimook_TH123","","0","","550","IISarimXI","","0","","550","Emirtroyaa","","0","0","0","0","","550","gjercog","","0","0",""
"","551","ferrari599gt","","0","","551","esdeekidliverpool","","0","","551","KakaViBritannia","","0","","551","IKalxdouI","","0","","551","EMKO123","","0","0","0","0","","551","glfowanie","","0","0",""
"","552","feukmizi","","0","","552","essskettiitt","","0","","552","Kaladze","","0","","552","ilMesxy","","0","","552","emrdoku","","0","0","0","0","","552","gojouszn","","0","0",""
"","553","FIazingArrow","","0","","553","esteban300132","","0","","553","kamotodog","","0","","553","ILuisnaldo","","0","","553","epicrionboy","","0","0","0","0","","553","golangoal","","0","0",""
"","554","filipcc12","","0","","554","EthicasNicomachea","","0","","554","Kapsar01","","0","","554","ImCristianXD","","0","","554","Erazold","","0","0","0","0","","554","GoldinatorBat123","","0","0",""
"","555","FinnLam","","0","","555","evil33pro","","0","","555","kaptisso","","0","","555","immexican33333","","0","","555","ErdoZor61","","0","0","0","0","","555","gothlucent","","0","0",""
"","556","FireBBombx","","0","","556","ezequiemanu","","0","","556","karaagelover","","0","","556","imthemeatballzzz","","0","","556","erwanobeltzzz","","0","0","0","0","","556","grienzemann","","0","0",""
"","557","firesinan","","0","","557","fabretzko","","0","","557","KarolGamer912","","0","","557","IMuhvyz","","0","","557","esdeekidliverpool","","0","0","0","0","","557","GroundLowGirl4321","","0","0",""
"","558","firipee","","0","","558","fachriganteg123","","0","","558","kasyomi","","0","","558","IncaGoat","","0","","558","essskettiitt","","0","0","0","0","","558","Gui1908","","0","0",""
"","559","floodescaper_2345","","0","","559","FalIenciaga","","0","","559","kayjat4឵","","0","","559","innverted","","0","","559","esteban300132","","0","0","0","0","","559","gussjrr","","0","0",""
"","560","ForisHD","","0","","560","feltharoo","","0","","560","kazooadam","","0","","560","Instagrem10234","","0","","560","EthicasNicomachea","","0","0","0","0","","560","GUTZ_09","","0","0",""
"","561","fottiproc906","","0","","561","FeltzGodXI","","0","","561","KemaIAhmet","","0","","561","INTERCRAK36234","","0","","561","evil33pro","","0","0","0","0","","561","H_aschwalth","","0","0",""
"","562","Francinhoo","","0","","562","ferrari599gt","","0","","562","KenanYiIdizz","","0","","562","invasor_voraz940","","0","","562","ezequiemanu","","0","0","0","0","","562","H_Kxkay","","0","0",""
"","563","Franksank2222","","0","","563","FIazingArrow","","0","","563","kentroya","","0","","563","IOnlySuat","","0","","563","fabretzko","","0","0","0","0","","563","h1z4n6","","0","0",""
"","564","Fraudrian","","0","","564","filipcc12","","0","","564","kenzugwaps","","0","","564","iownmcx","","0","","564","fachriganteg123","","0","0","0","0","","564","h2hlawaliet","","0","0",""
"","565","freakwizard62","","0","","565","FinnLam","","0","","565","kevindebruyen11","","0","","565","isac13579br","","0","","565","FalIenciaga","","0","0","0","0","","565","h2hvenom","","0","0",""
"","566","fredocega","","0","","566","firesinan","","0","","566","kevinwithstars","","0","","566","ItchyLfc2005","","0","","566","feltharoo","","0","0","0","0","","566","h6bg","","0","0",""
"","567","freshermarrow77","","0","","567","firipee","","0","","567","Khojent","","0","","567","itsslothplayz","","0","","567","ferrari599gt","","0","0","0","0","","567","hadizexgaming_X","","0","0",""
"","568","frogborninhell","","0","","568","floodescaper_2345","","0","","568","kidokuchazo","","0","","568","ItsTheGamePlayer","","0","","568","FIazingArrow","","0","0","0","0","","568","Hakermar03","","0","0",""
"","569","Furiousawsome","","0","","569","ForisHD","","0","","569","killerbeeisbestoday","","0","","569","ItsVillaneuvaC","","0","","569","FinnLam","","0","0","0","0","","569","harshflux","","0","0",""
"","570","fvzaro","","0","","570","fottiproc906","","0","","570","KillerPro1927","","0","","570","iTz_SinoO","","0","","570","FireBBombx","","0","0","0","0","","570","HasHikO_PriMexS","","0","0",""
"","571","gabiiizzy","","0","","571","Francinhoo","","0","","571","KingJohnn0","","0","","571","ItzLil_Petran","","0","","571","firesinan","","0","0","0","0","","571","hashimvax","","0","0",""
"","572","GalaxyLays","","0","","572","Fraudrian","","0","","572","KittyLover29294","","0","","572","Itzxnt","","0","","572","firipee","","0","0","0","0","","572","havaIiyim","","0","0",""
"","573","gamerproinres","","0","","573","freakwizard62","","0","","573","kkounde","","0","","573","Iuczz","","0","","573","floodescaper_2345","","0","0","0","0","","573","hayo_yt123","","0","0",""
"","574","Garelinho","","0","","574","fredocega","","0","","574","Klouvzyy","","0","","574","IValendinhoI","","0","","574","ForisHD","","0","0","0","0","","574","hbaybarsxdd","","0","0",""
"","575","genjinescent","","0","","575","freshermarrow77","","0","","575","kluzeni","","0","","575","ixhaq","","0","","575","fottiproc906","","0","0","0","0","","575","Healthyhat1","","0","0",""
"","576","Gentusso","","0","","576","frogborninhell","","0","","576","kmainoo","","0","","576","ixLioMessiX","","0","","576","Francinhoo","","0","0","0","0","","576","henkaraIhoo","","0","0",""
"","577","germanlets","","0","","577","Furiousawsome","","0","","577","koal_second","","0","","577","IxMxanny","","0","","577","Fraudrian","","0","0","0","0","","577","heydersaez2004","","0","0",""
"","578","gjercog","","0","","578","fvzaro","","0","","578","Koolicxcte","","0","","578","iz_kloodi","","0","","578","freakwizard62","","0","0","0","0","","578","hikezinhoo","","0","0",""
"","579","glfowanie","","0","","579","gabiiizzy","","0","","579","KosoovoIsSerbia","","0","","579","Izuukinata","","0","","579","fredocega","","0","0","0","0","","579","hjl","","0","0",""
"","580","gojouszn","","0","","580","GalaxyLays","","0","","580","kovanicic","","0","","580","J0RXD","","0","","580","freshermarrow77","","0","0","0","0","","580","Hondaofc","","0","0",""
"","581","gokuzeiro12","","0","","581","gamerproinres","","0","","581","krallll23e","","0","","581","J4kovic","","0","","581","frogborninhell","","0","0","0","0","","581","Hopedeparanaue","","0","0",""
"","582","golangoal","","0","","582","Garelinho","","0","","582","krisfaveIa","","0","","582","j4nchez","","0","","582","Furiousawsome","","0","0","0","0","","582","HorusKingfire","","0","0",""
"","583","GoldinatorBat123","","0","","583","genjinescent","","0","","583","krl_00122","","0","","583","jaasui","","0","","583","fvzaro","","0","0","0","0","","583","Hrisowskii","","0","0",""
"","584","gothlucent","","0","","584","Gentusso","","0","","584","KRO_Quin","","0","","584","Jacob_Defender","","0","","584","gabiiizzy","","0","0","0","0","","584","httpsyoutubecZ","","0","0",""
"","585","GroundLowGirl4321","","0","","585","germanlets","","0","","585","krupxviesa","","0","","585","jagerconnoisseur","","0","","585","GalaxyLays","","0","0","0","0","","585","HumaniCalculator","","0","0",""
"","586","Gui1908","","0","","586","GigoIsLigo","","0","","586","ksacszpro","","0","","586","Jakethepig87","","0","","586","Gameomg_RBLX","","0","0","0","0","","586","Humberto_4268","","0","0",""
"","587","gussjrr","","0","","587","gjercog","","0","","587","kuvorinis","","0","","587","jakub8278","","0","","587","gamerproinres","","0","0","0","0","","587","HundredGalaxies","","0","0",""
"","588","GUTZ_09","","0","","588","glfowanie","","0","","588","kxzico","","0","","588","jareerio","","0","","588","Garelinho","","0","0","0","0","","588","hurriedwassabi1","","0","0",""
"","589","H_aschwalth","","0","","589","gojouszn","","0","","589","Kylian_McFrappa","","0","","589","jeffe9931","","0","","589","genjinescent","","0","0","0","0","","589","huso_masterTR","","0","0",""
"","590","H_Kxkay","","0","","590","gokuzeiro12","","0","","590","kyo","","0","","590","Jekowski","","0","","590","Gentusso","","0","0","0","0","","590","hutyrr","","0","0",""
"","591","h1z4n6","","0","","591","golangoal","","0","","591","kyubbz","","0","","591","jenaissante400","","0","","591","germanlets","","0","0","0","0","","591","ianisdarwin","","0","0",""
"","592","h2htem","","0","","592","GoldinatorBat123","","0","","592","Kzidowski","","0","","592","Jenlon54","","0","","592","gjercog","","0","0","0","0","","592","Iawestt22","","0","0",""
"","593","h6bg","","0","","593","gothlucent","","0","","593","Lakierkes","","0","","593","Jeolahhh","","0","","593","glfowanie","","0","0","0","0","","593","iDroowPlayer12","","0","0",""
"","594","hadizexgaming_X","","0","","594","grienzemann","","0","","594","larry_maguire","","0","","594","jerrlets","","0","","594","gojouszn","","0","0","0","0","","594","Iechpremium","","0","0",""
"","595","Hansej","","0","","595","GroundLowGirl4321","","0","","595","lastdisco","","0","","595","jessnaldo","","0","","595","gokuzeiro12","","0","0","0","0","","595","Iewito","","0","0",""
"","596","harmoush","","0","","596","Gui1908","","0","","596","lau5da","","0","","596","jesus2980ye","","0","","596","golangoal","","0","0","0","0","","596","IGiolx","","0","0",""
"","597","harshflux","","0","","597","gussjrr","","0","","597","Lazare67","","0","","597","Jexonium","","0","","597","GoldinatorBat123","","0","0","0","0","","597","Ignite_bally","","0","0",""
"","598","HasHikO_PriMexS","","0","","598","GUTZ_09","","0","","598","Le_ThugDuBled","","0","","598","JezuGreen","","0","","598","gothlucent","","0","0","0","0","","598","ii_XNoCapX","","0","0",""
"","599","hayo_yt123","","0","","599","H_aschwalth","","0","","599","LeGenDaRyne10","","0","","599","Jirazei","","0","","599","grienzemann","","0","0","0","0","","599","IIAIexXI","","0","0",""
"","600","hbaybarsxdd","","0","","600","H_Kxkay","","0","","600","LeProFrancais89","","0","","600","joacocivile","","0","","600","GroundLowGirl4321","","0","0","0","0","","600","IiBrian_AmAll","","0","0",""
"","601","Healthyhat1","","0","","601","h1z4n6","","0","","601","lewafx","","0","","601","JoaoFelixCFC","","0","","601","Gui1908","","0","0","0","0","","601","IIJake_XI","","0","0",""
"","602","henkaraIhoo","","0","","602","h2htem","","0","","602","Lex935","","0","","602","JoeIinton","","0","","602","gussjrr","","0","0","0","0","","602","IILowkeyXI","","0","0",""
"","603","heydersaez2004","","0","","603","h6bg","","0","","603","lGotNoWifi","","0","","603","JordanTheVerbalist","","0","","603","GUTZ_09","","0","0","0","0","","603","Iisandroo","","0","0",""
"","604","hikezinhoo","","0","","604","hadizexgaming_X","","0","","604","LHS_Acenko","","0","","604","JoseSnayder","","0","","604","H_aschwalth","","0","0","0","0","","604","IISarimXI","","0","0",""
"","605","HjaItee","","0","","605","Hansej","","0","","605","LimiDantoneIIi","","0","","605","Joshlect","","0","","605","H_Kxkay","","0","0","0","0","","605","ilMesxy","","0","0",""
"","606","hnvh61","","0","","606","harshflux","","0","","606","LimitedDeception","","0","","606","JosipTheKing2020","","0","","606","h1z4n6","","0","0","0","0","","606","ILuisnaldo","","0","0",""
"","607","Hondaofc","","0","","607","HasHikO_PriMexS","","0","","607","linozkr","","0","","607","JosmellGamers","","0","","607","h2htem","","0","0","0","0","","607","ImCristianXD","","0","0",""
"","608","Hopedeparanaue","","0","","608","hashimvax","","0","","608","Linqarddd","","0","","608","jouni2911","","0","","608","h6bg","","0","0","0","0","","608","immexican33333","","0","0",""
"","609","HorusKingfire","","0","","609","hayo_yt123","","0","","609","liojmmn","","0","","609","JRoman_8","","0","","609","hadizexgaming_X","","0","0","0","0","","609","IMuhvyz","","0","0",""
"","610","httpsyoutubecZ","","0","","610","hbaybarsxdd","","0","","610","liokujin","","0","","610","juan810j","","0","","610","Hakermar03","","0","0","0","0","","610","IncaGoat","","0","0",""
"","611","HumaniCalculator","","0","","611","Healthyhat1","","0","","611","lionel46pro","","0","","611","juanbr198","","0","","611","Hansej","","0","0","0","0","","611","Instagrem10234","","0","0",""
"","612","Humberto_4268","","0","","612","henkaraIhoo","","0","","612","liorzei","","0","","612","JuanDavPAhe","","0","","612","harmoush","","0","0","0","0","","612","INTERCRAK36234","","0","0",""
"","613","HundredGalaxies","","0","","613","heydersaez2004","","0","","613","LitOmonic","","0","","613","Juuikk","","0","","613","harshflux","","0","0","0","0","","613","invasor_voraz940","","0","0",""
"","614","hurriedwassabi1","","0","","614","hikezinhoo","","0","","614","liverpoolBVB","","0","","614","Jxrious","","0","","614","HasHikO_PriMexS","","0","0","0","0","","614","iownmcx","","0","0",""
"","615","huso_masterTR","","0","","615","hnvh61","","0","","615","LlllllolXD","","0","","615","JzzSenn","","0","","615","hashimvax","","0","0","0","0","","615","isac13579br","","0","0",""
"","616","hutyrr","","0","","616","Hondaofc","","0","","616","llTony_Kroos","","0","","616","Kaan012548","","0","","616","hayo_yt123","","0","0","0","0","","616","ItsTheGamePlayer","","0","0",""
"","617","ianisdarwin","","0","","617","Hopedeparanaue","","0","","617","lofusei","","0","","617","kabudarye","","0","","617","hbaybarsxdd","","0","0","0","0","","617","ItsVillaneuvaC","","0","0",""
"","618","Idk_Scout","","0","","618","HorusKingfire","","0","","618","LogicaHD","","0","","618","kahlezi","","0","","618","Healthyhat1","","0","0","0","0","","618","iTz_SinoO","","0","0",""
"","619","iDroowPlayer12","","0","","619","httpsyoutubecZ","","0","","619","lolenxen","","0","","619","Kaimook_TH123","","0","","619","henkaraIhoo","","0","0","0","0","","619","ItzLil_Petran","","0","0",""
"","620","Iechpremium","","0","","620","HumaniCalculator","","0","","620","LordOfTheTon7","","0","","620","KakaViBritannia","","0","","620","heydersaez2004","","0","0","0","0","","620","Itzxnt","","0","0",""
"","621","Iep_ro","","0","","621","Humberto_4268","","0","","621","LOUISISAWESOME169","","0","","621","Kaladze","","0","","621","hikezinhoo","","0","0","0","0","","621","Iuczz","","0","0",""
"","622","Iewito","","0","","622","HundredGalaxies","","0","","622","lsmiAli","","0","","622","kamotodog","","0","","622","HjaItee","","0","0","0","0","","622","ixhaq","","0","0",""
"","623","IGiolx","","0","","623","hurriedwassabi1","","0","","623","lsonicalx","","0","","623","Kapsar01","","0","","623","hnvh61","","0","0","0","0","","623","ixLioMessiX","","0","0",""
"","624","Ignite_bally","","0","","624","huso_masterTR","","0","","624","lubauti04","","0","","624","kaptisso","","0","","624","Hondaofc","","0","0","0","0","","624","IxMxanny","","0","0",""
"","625","ii_XNoCapX","","0","","625","hutyrr","","0","","625","LucasBergvaII","","0","","625","karaagelover","","0","","625","Hopedeparanaue","","0","0","0","0","","625","iz_kloodi","","0","0",""
"","626","IIAIexXI","","0","","626","ianisdarwin","","0","","626","lucastonyx","","0","","626","KarolGamer912","","0","","626","HorusKingfire","","0","0","0","0","","626","J0RXD","","0","0",""
"","627","IiBrian_AmAll","","0","","627","iDroowPlayer12","","0","","627","LucianElCorte","","0","","627","kasyomi","","0","","627","httpsyoutubecZ","","0","0","0","0","","627","j4nchez","","0","0",""
"","628","IIJake_XI","","0","","628","Iechpremium","","0","","628","LuckyzTroopz","","0","","628","kayjat4឵","","0","","628","HumaniCalculator","","0","0","0","0","","628","jaasui","","0","0",""
"","629","IILowkeyXI","","0","","629","Iep_ro","","0","","629","Luhzeriii","","0","","629","KemaIAhmet","","0","","629","Humberto_4268","","0","0","0","0","","629","Jacob_Defender","","0","0",""
"","630","IISarimXI","","0","","630","Iewito","","0","","630","LuigiDosGameCraft","","0","","630","KenanYiIdizz","","0","","630","HundredGalaxies","","0","0","0","0","","630","jagerconnoisseur","","0","0",""
"","631","ilMesxy","","0","","631","IGiolx","","0","","631","luisblox040909","","0","","631","kenzugwaps","","0","","631","hurriedwassabi1","","0","0","0","0","","631","jakub8278","","0","0",""
"","632","ILuisnaldo","","0","","632","Ignite_bally","","0","","632","luisssssssssssssss_s","","0","","632","kevindebruyen11","","0","","632","huso_masterTR","","0","0","0","0","","632","jareerio","","0","0",""
"","633","ImCristianXD","","0","","633","ii_XNoCapX","","0","","633","lukeboyganig","","0","","633","kevinwithstars","","0","","633","hutyrr","","0","0","0","0","","633","jeffe9931","","0","0",""
"","634","immexican33333","","0","","634","IIAIexXI","","0","","634","lukizyx","","0","","634","Khojent","","0","","634","Iam_Owen","","0","0","0","0","","634","jenaissante400","","0","0",""
"","635","imthemeatballzzz","","0","","635","IiBrian_AmAll","","0","","635","LuNatsuLu","","0","","635","kidokuchazo","","0","","635","ianisdarwin","","0","0","0","0","","635","Jenlon54","","0","0",""
"","636","IMuhvyz","","0","","636","IIJake_XI","","0","","636","luukzzy","","0","","636","killerbeeisbestoday","","0","","636","iconion","","0","0","0","0","","636","Jeolahhh","","0","0",""
"","637","IncaGoat","","0","","637","IILowkeyXI","","0","","637","luviesta","","0","","637","KillerPro1927","","0","","637","iDroowPlayer12","","0","0","0","0","","637","jessnaldo","","0","0",""
"","638","Instagrem10234","","0","","638","IISarimXI","","0","","638","LuvThatChicken","","0","","638","KingJohnn0","","0","","638","Iechpremium","","0","0","0","0","","638","jesus2980ye","","0","0",""
"","639","INTERCRAK36234","","0","","639","ILuisnaldo","","0","","639","lxgendv","","0","","639","KittyLover29294","","0","","639","Iep_ro","","0","0","0","0","","639","jesuscrack50","","0","0",""
"","640","invasor_voraz940","","0","","640","ImCristianXD","","0","","640","Lyrical_Phoenix","","0","","640","kkounde","","0","","640","Iewito","","0","0","0","0","","640","jetixpro","","0","0",""
"","641","IOnlySuat","","0","","641","imthemeatballzzz","","0","","641","lythienvuong2k3","","0","","641","Klouvzyy","","0","","641","IGiolx","","0","0","0","0","","641","Jexonium","","0","0",""
"","642","iownmcx","","0","","642","IMuhvyz","","0","","642","lzxthal","","0","","642","kluzeni","","0","","642","Ignite_bally","","0","0","0","0","","642","JezuGreen","","0","0",""
"","643","isac13579br","","0","","643","IncaGoat","","0","","643","M_ailon","","0","","643","kmainoo","","0","","643","ii_XNoCapX","","0","0","0","0","","643","Jirazei","","0","0",""
"","644","ItsTheGamePlayer","","0","","644","innverted","","0","","644","M0ryach0k11","","0","","644","koal_second","","0","","644","IIAIexXI","","0","0","0","0","","644","jkiller67867282882","","0","0",""
"","645","ItsVillaneuvaC","","0","","645","Instagrem10234","","0","","645","machivelliant","","0","","645","Koolicxcte","","0","","645","IiBrian_AmAll","","0","0","0","0","","645","joacocivile","","0","0",""
"","646","ItzLil_Petran","","0","","646","INTERCRAK36234","","0","","646","magicalzindix","","0","","646","KosovoolsAlbania","","0","","646","IIJake_XI","","0","0","0","0","","646","JoseSnayder","","0","0",""
"","647","Itzxnt","","0","","647","invasor_voraz940","","0","","647","MAHMOGAMER","","0","","647","kovanicic","","0","","647","IILowkeyXI","","0","0","0","0","","647","Joshlect","","0","0",""
"","648","Iuczz","","0","","648","IOnlySuat","","0","","648","maImerrr","","0","","648","krallll23e","","0","","648","IISarimXI","","0","0","0","0","","648","JosipTheKing2020","","0","0",""
"","649","ixhaq","","0","","649","iownmcx","","0","","649","MakeIeIe","","0","","649","krl_00122","","0","","649","ILuisnaldo","","0","0","0","0","","649","JosmellGamers","","0","0",""
"","650","ixLioMessiX","","0","","650","isac13579br","","0","","650","Malik_Dan","","0","","650","KRO_Quin","","0","","650","ImCristianXD","","0","0","0","0","","650","jossuethebest12","","0","0",""
"","651","IxMxanny","","0","","651","ItsTheGamePlayer","","0","","651","Maluzur","","0","","651","krupxviesa","","0","","651","imthemeatballzzz","","0","0","0","0","","651","jouni2911","","0","0",""
"","652","iz_kloodi","","0","","652","ItsVillaneuvaC","","0","","652","ManLikeStam","","0","","652","ksacszpro","","0","","652","IMuhvyz","","0","0","0","0","","652","JRoman_8","","0","0",""
"","653","J0RXD","","0","","653","iTz_SinoO","","0","","653","Mannerheim940","","0","","653","kuvorinis","","0","","653","IncaGoat","","0","0","0","0","","653","juanbr198","","0","0",""
"","654","j4nchez","","0","","654","ItzLil_Petran","","0","","654","maraztyy","","0","","654","kxzico","","0","","654","Instagrem10234","","0","0","0","0","","654","JuanDavPAhe","","0","0",""
"","655","jaasui","","0","","655","Itzxnt","","0","","655","MarcoDEMONIOOO21312","","0","","655","Kylian_McFrappa","","0","","655","invasor_voraz940","","0","0","0","0","","655","Juuikk","","0","0",""
"","656","Jacob_Defender","","0","","656","Iuczz","","0","","656","margoI_l","","0","","656","kyo","","0","","656","IOnlySuat","","0","0","0","0","","656","Jxrious","","0","0",""
"","657","jagerconnoisseur","","0","","657","IValendinhoI","","0","","657","marianoycamila08","","0","","657","Kzidowski","","0","","657","iownmcx","","0","0","0","0","","657","jxzy52hoho","","0","0",""
"","658","Jakethepig87","","0","","658","ixhaq","","0","","658","mariodz102","","0","","658","Lakierkes","","0","","658","isac13579br","","0","0","0","0","","658","Kaan012548","","0","0",""
"","659","jakub8278","","0","","659","ixLioMessiX","","0","","659","marleeandflemington","","0","","659","larry_maguire","","0","","659","ItsTheGamePlayer","","0","0","0","0","","659","kabudarye","","0","0",""
"","660","jareerio","","0","","660","IxMxanny","","0","","660","master454512","","0","","660","Lasseboss","","0","","660","ItsVillaneuvaC","","0","0","0","0","","660","kahlezi","","0","0",""
"","661","jeffe9931","","0","","661","iz_kloodi","","0","","661","mateiryan","","0","","661","lastdisco","","0","","661","iTz_SinoO","","0","0","0","0","","661","Kaimook_TH123","","0","0",""
"","662","jenaissante400","","0","","662","J0RXD","","0","","662","mateqx1","","0","","662","lau5da","","0","","662","ItzLil_Petran","","0","0","0","0","","662","KakaViBritannia","","0","0",""
"","663","Jenlon54","","0","","663","j4nchez","","0","","663","matgame972","","0","","663","Lazare67","","0","","663","Itzxnt","","0","0","0","0","","663","Kaladze","","0","0",""
"","664","Jeolahhh","","0","","664","jaasui","","0","","664","mathztical","","0","","664","Le_ThugDuBled","","0","","664","Iuczz","","0","0","0","0","","664","kamotodog","","0","0",""
"","665","jerrlets","","0","","665","Jacob_Defender","","0","","665","MatiasKaporoom","","0","","665","LeGenDaRyne10","","0","","665","ixhaq","","0","0","0","0","","665","Kapsar01","","0","0",""
"","666","jesus2980ye","","0","","666","jagerconnoisseur","","0","","666","matiasperuanoxd","","0","","666","LeProFrancais89","","0","","666","ixLioMessiX","","0","0","0","0","","666","kaptisso","","0","0",""
"","667","jetixpro","","0","","667","Jakethepig87","","0","","667","Matsiq123","","0","","667","lewafx","","0","","667","IxMxanny","","0","0","0","0","","667","KarolGamer912","","0","0",""
"","668","Jexonium","","0","","668","jakub8278","","0","","668","Mavivonoeu","","0","","668","Lex935","","0","","668","iz_kloodi","","0","0","0","0","","668","kayjat4឵","","0","0",""
"","669","JezuGreen","","0","","669","jareerio","","0","","669","Maximo_2016","","0","","669","lGotNoWifi","","0","","669","J0RXD","","0","0","0","0","","669","KemaIAhmet","","0","0",""
"","670","Jirazei","","0","","670","jeffe9931","","0","","670","MaxMakoShark","","0","","670","LHS_Acenko","","0","","670","j4nchez","","0","0","0","0","","670","KenanYiIdizz","","0","0",""
"","671","joacocivile","","0","","671","jenaissante400","","0","","671","Mehzzi","","0","","671","LimitedDeception","","0","","671","jaasui","","0","0","0","0","","671","kevindebruyen11","","0","0",""
"","672","JONHCENA38","","0","","672","Jenlon54","","0","","672","melozaria","","0","","672","linozkr","","0","","672","Jacob_Defender","","0","0","0","0","","672","kevinwithstars","","0","0",""
"","673","JordanTheVerbalist","","0","","673","Jeolahhh","","0","","673","MemoEgy","","0","","673","Linqarddd","","0","","673","jagerconnoisseur","","0","0","0","0","","673","Khojent","","0","0",""
"","674","JoseSnayder","","0","","674","jerrlets","","0","","674","Memorientes","","0","","674","liojmmn","","0","","674","jakub8278","","0","0","0","0","","674","kidokuchazo","","0","0",""
"","675","Joshlect","","0","","675","jesus2980ye","","0","","675","MEMPHISCULT1945","","0","","675","liokujin","","0","","675","jareerio","","0","0","0","0","","675","killerbeeisbestoday","","0","0",""
"","676","JosipTheKing2020","","0","","676","Jexonium","","0","","676","Merwan_78","","0","","676","lionel46pro","","0","","676","jeffe9931","","0","0","0","0","","676","KillerPro1927","","0","0",""
"","677","JosmellGamers","","0","","677","JezuGreen","","0","","677","MESKA_YT","","0","","677","liorzei","","0","","677","jenaissante400","","0","0","0","0","","677","KingJohnn0","","0","0",""
"","678","jouni2911","","0","","678","Jirazei","","0","","678","metalguy566","","0","","678","LitOmonic","","0","","678","Jenlon54","","0","0","0","0","","678","kkounde","","0","0",""
"","679","JRoman_8","","0","","679","joacocivile","","0","","679","mete8341","","0","","679","liverpoolBVB","","0","","679","Jeolahhh","","0","0","0","0","","679","Klouvzyy","","0","0",""
"","680","juanbr198","","0","","680","JoeIinton","","0","","680","meteturkic","","0","","680","LlllllolXD","","0","","680","jerrlets","","0","0","0","0","","680","kluzeni","","0","0",""
"","681","JuanDavPAhe","","0","","681","JordanTheVerbalist","","0","","681","MF7UP","","0","","681","llTony_Kroos","","0","","681","jessnaldo","","0","0","0","0","","681","kmainoo","","0","0",""
"","682","Juuikk","","0","","682","JoseSnayder","","0","","682","michell_2011","","0","","682","lofusei","","0","","682","jesus2980ye","","0","0","0","0","","682","koal_second","","0","0",""
"","683","Jxrious","","0","","683","Joshlect","","0","","683","michiestaa","","0","","683","LogicaHD","","0","","683","Jexonium","","0","0","0","0","","683","Koolicxcte","","0","0",""
"","684","Kaan012548","","0","","684","JosipTheKing2020","","0","","684","MigueLoXinX","","0","","684","lolenxen","","0","","684","JezuGreen","","0","0","0","0","","684","kovanicic","","0","0",""
"","685","kabudarye","","0","","685","JosmellGamers","","0","","685","mikbank","","0","","685","LordOfTheTon7","","0","","685","Jirazei","","0","0","0","0","","685","krallll23e","","0","0",""
"","686","kahlezi","","0","","686","jouni2911","","0","","686","Mike20188","","0","","686","LOUISISAWESOME169","","0","","686","jkiller67867282882","","0","0","0","0","","686","krl_00122","","0","0",""
"","687","Kaimook_TH123","","0","","687","JRoman_8","","0","","687","MilanceMile12","","0","","687","lsonicalx","","0","","687","JoeIinton","","0","0","0","0","","687","KRO_Quin","","0","0",""
"","688","KakaViBritannia","","0","","688","juanbr198","","0","","688","minwager","","0","","688","lucastonyx","","0","","688","JoseSnayder","","0","0","0","0","","688","krupxviesa","","0","0",""
"","689","Kaladze","","0","","689","JuanDavPAhe","","0","","689","mirac7104","","0","","689","LucianElCorte","","0","","689","Joshlect","","0","0","0","0","","689","ksacszpro","","0","0",""
"","690","kamotodog","","0","","690","Juuikk","","0","","690","MISHIPRAXDYT2","","0","","690","LuckyzTroopz","","0","","690","JosipTheKing2020","","0","0","0","0","","690","kuvorinis","","0","0",""
"","691","Kapsar01","","0","","691","Jxrious","","0","","691","MK1zl","","0","","691","Luhzeriii","","0","","691","JosmellGamers","","0","0","0","0","","691","kxzico","","0","0",""
"","692","kaptisso","","0","","692","Kaan012548","","0","","692","MO129195","","0","","692","LuigiDosGameCraft","","0","","692","jouni2911","","0","0","0","0","","692","Kylian_McFrappa","","0","0",""
"","693","KarolGamer912","","0","","693","kabudarye","","0","","693","modenphrog","","0","","693","luisblox040909","","0","","693","JRoman_8","","0","0","0","0","","693","kyo","","0","0",""
"","694","kasyomi","","0","","694","kahlezi","","0","","694","MohamedSaidBenrahma","","0","","694","lukeboyganig","","0","","694","juanbr198","","0","0","0","0","","694","Kzidowski","","0","0",""
"","695","kayjat4឵","","0","","695","Kaimook_TH123","","0","","695","moIochukx","","0","","695","lukizyx","","0","","695","JuanDavPAhe","","0","0","0","0","","695","Lakierkes","","0","0",""
"","696","KemaIAhmet","","0","","696","KakaViBritannia","","0","","696","mokilkopop","","0","","696","LuNatsuLu","","0","","696","Juuikk","","0","0","0","0","","696","larry_maguire","","0","0",""
"","697","KenanYiIdizz","","0","","697","Kaladze","","0","","697","monahinho","","0","","697","LuvThatChicken","","0","","697","Jxrious","","0","0","0","0","","697","Lasseboss","","0","0",""
"","698","kevindebruyen11","","0","","698","kamotodog","","0","","698","MonkiSeb","","0","","698","lxgendv","","0","","698","Kaan012548","","0","0","0","0","","698","lastdisco","","0","0",""
"","699","kevinwithstars","","0","","699","Kapsar01","","0","","699","Mood_Ramos","","0","","699","Lyrical_Phoenix","","0","","699","kabudarye","","0","0","0","0","","699","Lazare67","","0","0",""
"","700","Khojent","","0","","700","kaptisso","","0","","700","moonatuidi","","0","","700","lythienvuong2k3","","0","","700","kahlezi","","0","0","0","0","","700","Le_ThugDuBled","","0","0",""
"","701","kidokuchazo","","0","","701","KarolGamer912","","0","","701","MoonYaps","","0","","701","lzxthal","","0","","701","Kaimook_TH123","","0","0","0","0","","701","LeProFrancais89","","0","0",""
"","702","killerbeeisbestoday","","0","","702","kasyomi","","0","","702","mopatika","","0","","702","M_ailon","","0","","702","KakaViBritannia","","0","0","0","0","","702","Lex935","","0","0",""
"","703","KillerPro1927","","0","","703","kayjat4឵","","0","","703","moshu_q","","0","","703","M0ryach0k11","","0","","703","Kaladze","","0","0","0","0","","703","lGotNoWifi","","0","0",""
"","704","KingJohnn0","","0","","704","KemaIAhmet","","0","","704","Mounstan","","0","","704","magicalzindix","","0","","704","kamotodog","","0","0","0","0","","704","LHS_Acenko","","0","0",""
"","705","kkounde","","0","","705","KenanYiIdizz","","0","","705","MPS_Pod","","0","","705","MAHMOGAMER","","0","","705","Kapsar01","","0","0","0","0","","705","LimitedDeception","","0","0",""
"","706","Klouvzyy","","0","","706","kenzugwaps","","0","","706","MRDamDan","","0","","706","maImerrr","","0","","706","kaptisso","","0","0","0","0","","706","Linqarddd","","0","0",""
"","707","kluzeni","","0","","707","kevindebruyen11","","0","","707","Mrender0110","","0","","707","MakeIeIe","","0","","707","KarolGamer912","","0","0","0","0","","707","liojmmn","","0","0",""
"","708","kmainoo","","0","","708","kevinwithstars","","0","","708","MrHiko_Yt","","0","","708","Malik_Dan","","0","","708","kasyomi","","0","0","0","0","","708","liokujin","","0","0",""
"","709","koal_second","","0","","709","Khojent","","0","","709","mrucce","","0","","709","ManLikeStam","","0","","709","kayjat4឵","","0","0","0","0","","709","lionel46pro","","0","0",""
"","710","Koolicxcte","","0","","710","kidokuchazo","","0","","710","MRXabdoX","","0","","710","Mannerheim940","","0","","710","KemaIAhmet","","0","0","0","0","","710","liorzei","","0","0",""
"","711","krallll23e","","0","","711","killerbeeisbestoday","","0","","711","mutawkel1","","0","","711","maraztyy","","0","","711","KenanYiIdizz","","0","0","0","0","","711","LitOmonic","","0","0",""
"","712","krl_00122","","0","","712","KillerPro1927","","0","","712","MxIongo","","0","","712","MarcoDEMONIOOO21312","","0","","712","kenzugwaps","","0","0","0","0","","712","liverpoolBVB","","0","0",""
"","713","KRO_Quin","","0","","713","KingJohnn0","","0","","713","Mxsterrest","","0","","713","margoI_l","","0","","713","kevindebruyen11","","0","0","0","0","","713","LlllllolXD","","0","0",""
"","714","ksacszpro","","0","","714","kkounde","","0","","714","Mynamekap112","","0","","714","marianoycamila08","","0","","714","kevinwithstars","","0","0","0","0","","714","llTony_Kroos","","0","0",""
"","715","kuvorinis","","0","","715","Klouvzyy","","0","","715","n5ves","","0","","715","mariodz102","","0","","715","Khojent","","0","0","0","0","","715","lofusei","","0","0",""
"","716","kxzico","","0","","716","kluzeni","","0","","716","naim_76","","0","","716","MARTlNELLI","","0","","716","kidokuchazo","","0","0","0","0","","716","LogicaHD","","0","0",""
"","717","Kylian_McFrappa","","0","","717","kmainoo","","0","","717","nanoghost788","","0","","717","master454512","","0","","717","killerbeeisbestoday","","0","0","0","0","","717","lolenxen","","0","0",""
"","718","kyo","","0","","718","koal_second","","0","","718","NarutoNamikaze5890","","0","","718","mateiryan","","0","","718","KillerPro1927","","0","0","0","0","","718","lolololol1264","","0","0",""
"","719","Lakierkes","","0","","719","Koolicxcte","","0","","719","NavidParsHakhamneshi","","0","","719","mateqx1","","0","","719","KingJohnn0","","0","0","0","0","","719","LordOfTheTon7","","0","0",""
"","720","larry_maguire","","0","","720","krallll23e","","0","","720","Nazotiy","","0","","720","matgame972","","0","","720","kkounde","","0","0","0","0","","720","LOUISISAWESOME169","","0","0",""
"","721","Lasseboss","","0","","721","krl_00122","","0","","721","Neodraven","","0","","721","mathztical","","0","","721","Klouvzyy","","0","0","0","0","","721","lsonicalx","","0","0",""
"","722","lastdisco","","0","","722","KRO_Quin","","0","","722","NeoxRodriguez","","0","","722","matiasperuanoxd","","0","","722","kluzeni","","0","0","0","0","","722","lubauti04","","0","0",""
"","723","lau5da","","0","","723","ksacszpro","","0","","723","nepzos","","0","","723","Matsiq123","","0","","723","kmainoo","","0","0","0","0","","723","LucasBergvaII","","0","0",""
"","724","Lazare67","","0","","724","kuvorinis","","0","","724","nesquiikv","","0","","724","Mavivonoeu","","0","","724","koal_second","","0","0","0","0","","724","lucastonyx","","0","0",""
"","725","Le_ThugDuBled","","0","","725","kxzico","","0","","725","Nessuares","","0","","725","Maximo_2016","","0","","725","Koolicxcte","","0","0","0","0","","725","LuckyzTroopz","","0","0",""
"","726","LeProFrancais89","","0","","726","Kylian_McFrappa","","0","","726","Nezmerised","","0","","726","MaxMakoShark","","0","","726","krallll23e","","0","0","0","0","","726","Luhzeriii","","0","0",""
"","727","lewafx","","0","","727","kyo","","0","","727","NickOIij","","0","","727","Mehzzi","","0","","727","krl_00122","","0","0","0","0","","727","LuigiDosGameCraft","","0","0",""
"","728","Lex935","","0","","728","Kzidowski","","0","","728","NicolasMT23","","0","","728","melozaria","","0","","728","KRO_Quin","","0","0","0","0","","728","lukeboyganig","","0","0",""
"","729","lGotNoWifi","","0","","729","Lakierkes","","0","","729","nien0w","","0","","729","MemoEgy","","0","","729","ksacszpro","","0","0","0","0","","729","lukizyx","","0","0",""
"","730","LHS_Acenko","","0","","730","larry_maguire","","0","","730","nikdinii","","0","","730","MEMPHISCULT1945","","0","","730","kuvorinis","","0","0","0","0","","730","LuNatsuLu","","0","0",""
"","731","LimitedDeception","","0","","731","lastdisco","","0","","731","NikeBRvip10","","0","","731","Merwan_78","","0","","731","kxzico","","0","0","0","0","","731","LuvThatChicken","","0","0",""
"","732","Linqarddd","","0","","732","lau5da","","0","","732","Nikokall","","0","","732","MESKA_YT","","0","","732","Kylian_McFrappa","","0","0","0","0","","732","lxgendv","","0","0",""
"","733","liojmmn","","0","","733","Le_ThugDuBled","","0","","733","ninjisso","","0","","733","metalguy566","","0","","733","kyo","","0","0","0","0","","733","Lyrical_Phoenix","","0","0",""
"","734","liokujin","","0","","734","LeProFrancais89","","0","","734","nipherus","","0","","734","mete8341","","0","","734","kyubbz","","0","0","0","0","","734","lythienvuong2k3","","0","0",""
"","735","lionel46pro","","0","","735","lewafx","","0","","735","nokzq_xv","","0","","735","meteturkic","","0","","735","Lakierkes","","0","0","0","0","","735","lzxthal","","0","0",""
"","736","liorzei","","0","","736","Lex935","","0","","736","NoobandProoooo","","0","","736","MF7UP","","0","","736","larry_maguire","","0","0","0","0","","736","M_ailon","","0","0",""
"","737","LitOmonic","","0","","737","lGotNoWifi","","0","","737","nsuo456","","0","","737","michell_2011","","0","","737","lastdisco","","0","0","0","0","","737","M0ryach0k11","","0","0",""
"","738","liverpoolBVB","","0","","738","LHS_Acenko","","0","","738","nvneszn","","0","","738","michiestaa","","0","","738","lau5da","","0","0","0","0","","738","machivelliant","","0","0",""
"","739","LlllllolXD","","0","","739","LimitedDeception","","0","","739","Nwanerii","","0","","739","migueatp","","0","","739","Le_ThugDuBled","","0","0","0","0","","739","magicalzindix","","0","0",""
"","740","llTony_Kroos","","0","","740","linozkr","","0","","740","nxchomaki","","0","","740","MigueLoXinX","","0","","740","LeGenDaRyne10","","0","0","0","0","","740","MAHMOGAMER","","0","0",""
"","741","lofusei","","0","","741","Linqarddd","","0","","741","nxrosa","","0","","741","Mike20188","","0","","741","LeProFrancais89","","0","0","0","0","","741","maImerrr","","0","0",""
"","742","lolenxen","","0","","742","liojmmn","","0","","742","nxrutti","","0","","742","MilanceMile12","","0","","742","lewafx","","0","0","0","0","","742","MakeIeIe","","0","0",""
"","743","lolololol1264","","0","","743","liokujin","","0","","743","o4600sa","","0","","743","minwager","","0","","743","Lex935","","0","0","0","0","","743","Malik_Dan","","0","0",""
"","744","LordOfTheTon7","","0","","744","lionel46pro","","0","","744","ocelowski","","0","","744","mirac7104","","0","","744","lGotNoWifi","","0","0","0","0","","744","ManLikeStam","","0","0",""
"","745","LOUISISAWESOME169","","0","","745","liorzei","","0","","745","Ohinkzs","","0","","745","MK1zl","","0","","745","LHS_Acenko","","0","0","0","0","","745","Mannerheim940","","0","0",""
"","746","lsonicalx","","0","","746","LitOmonic","","0","","746","oldmandomi","","0","","746","ML_Raul","","0","","746","LimitedDeception","","0","0","0","0","","746","maraztyy","","0","0",""
"","747","lucastonyx","","0","","747","liverpoolBVB","","0","","747","ollman22","","0","","747","MO129195","","0","","747","Linqarddd","","0","0","0","0","","747","MarcoDEMONIOOO21312","","0","0",""
"","748","LuckyzTroopz","","0","","748","LlllllolXD","","0","","748","on25s","","0","","748","modenphrog","","0","","748","liojmmn","","0","0","0","0","","748","mariodz102","","0","0",""
"","749","Luhzeriii","","0","","749","llTony_Kroos","","0","","749","OnceMelon","","0","","749","MohamedSaidBenrahma","","0","","749","liokujin","","0","0","0","0","","749","master454512","","0","0",""
"","750","LuigiDosGameCraft","","0","","750","lofusei","","0","","750","OnepunchZv","","0","","750","Mohascred","","0","","750","lionel46pro","","0","0","0","0","","750","mateiryan","","0","0",""
"","751","lukizyx","","0","","751","lolenxen","","0","","751","origamiempresss","","0","","751","moIochukx","","0","","751","liorzei","","0","0","0","0","","751","mateqx1","","0","0",""
"","752","LuNatsuLu","","0","","752","lolololol1264","","0","","752","oscarpiastri","","0","","752","mokilkopop","","0","","752","LitOmonic","","0","0","0","0","","752","matgame972","","0","0",""
"","753","LuvThatChicken","","0","","753","LordOfTheTon7","","0","","753","osswaIdcobblepot","","0","","753","monahinho","","0","","753","liverpoolBVB","","0","0","0","0","","753","MatiasKaporoom","","0","0",""
"","754","lxgendv","","0","","754","LOUISISAWESOME169","","0","","754","othniel2007","","0","","754","MonkiSeb","","0","","754","LlllllolXD","","0","0","0","0","","754","matiasperuanoxd","","0","0",""
"","755","Lyrical_Phoenix","","0","","755","lsonicalx","","0","","755","otxxkk","","0","","755","Mood_Ramos","","0","","755","llTony_Kroos","","0","0","0","0","","755","Mavivonoeu","","0","0",""
"","756","lythienvuong2k3","","0","","756","lucastonyx","","0","","756","Ousmane_Dembele2","","0","","756","MoonYaps","","0","","756","lofusei","","0","0","0","0","","756","MaxMakoShark","","0","0",""
"","757","lzxthal","","0","","757","LuckyzTroopz","","0","","757","overattract","","0","","757","mopatika","","0","","757","LogicaHD","","0","0","0","0","","757","Mehzzi","","0","0",""
"","758","M_ailon","","0","","758","Luhzeriii","","0","","758","Ozchalk","","0","","758","moshu_q","","0","","758","lolenxen","","0","0","0","0","","758","melozaria","","0","0",""
"","759","M0ryach0k11","","0","","759","LuigiDosGameCraft","","0","","759","p9eng","","0","","759","Mounstan","","0","","759","lolololol1264","","0","0","0","0","","759","MemoEgy","","0","0",""
"","760","magicalzindix","","0","","760","lukeboyganig","","0","","760","Padman1000","","0","","760","MRDamDan","","0","","760","LordOfTheTon7","","0","0","0","0","","760","MEMPHISCULT1945","","0","0",""
"","761","MAHMOGAMER","","0","","761","lukizyx","","0","","761","paletext","","0","","761","Mrender0110","","0","","761","LOUISISAWESOME169","","0","0","0","0","","761","Merwan_78","","0","0",""
"","762","MakeIeIe","","0","","762","LuNatsuLu","","0","","762","panda140820","","0","","762","MrHiko_Yt","","0","","762","lsonicalx","","0","0","0","0","","762","MESKA_YT","","0","0",""
"","763","Malik_Dan","","0","","763","luukzzy","","0","","763","papucraft_43","","0","","763","mrucce","","0","","763","lucastonyx","","0","0","0","0","","763","metalguy566","","0","0",""
"","764","ManLikeStam","","0","","764","LuvThatChicken","","0","","764","parlayhunter","","0","","764","MRXabdoX","","0","","764","LuckyzTroopz","","0","0","0","0","","764","mete8341","","0","0",""
"","765","Mannerheim940","","0","","765","lxgendv","","0","","765","parsa88boyka","","0","","765","mutawkel1","","0","","765","Luhzeriii","","0","0","0","0","","765","meteturkic","","0","0",""
"","766","MarcoDEMONIOOO21312","","0","","766","Lyrical_Phoenix","","0","","766","PasitaRodriguez","","0","","766","MxIongo","","0","","766","LuigiDosGameCraft","","0","0","0","0","","766","MF7UP","","0","0",""
"","767","marianoycamila08","","0","","767","lythienvuong2k3","","0","","767","PatrickWheels","","0","","767","Mxsterrest","","0","","767","lukeboyganig","","0","0","0","0","","767","michell_2011","","0","0",""
"","768","mariodz102","","0","","768","M_ailon","","0","","768","PeacefulSiva","","0","","768","Mynamekap112","","0","","768","lukizyx","","0","0","0","0","","768","michiestaa","","0","0",""
"","769","master454512","","0","","769","M0ryach0k11","","0","","769","Pecnaldinho","","0","","769","naim_76","","0","","769","LuNatsuLu","","0","0","0","0","","769","migueatp","","0","0",""
"","770","mateiryan","","0","","770","magicalzindix","","0","","770","PEDROLERIGOLO","","0","","770","nanoghost788","","0","","770","LuvThatChicken","","0","0","0","0","","770","Mike20188","","0","0",""
"","771","mateqx1","","0","","771","MAHMOGAMER","","0","","771","Pedroshot_Gaming","","0","","771","NarutoNamikaze5890","","0","","771","lxgendv","","0","0","0","0","","771","MilanceMile12","","0","0",""
"","772","matgame972","","0","","772","MakeIeIe","","0","","772","PeitXVIII","","0","","772","NavidParsHakhamneshi","","0","","772","Lyrical_Phoenix","","0","0","0","0","","772","miljan637","","0","0",""
"","773","MatiasKaporoom","","0","","773","Malik_Dan","","0","","773","pengzinho","","0","","773","NeoxRodriguez","","0","","773","lythienvuong2k3","","0","0","0","0","","773","minwager","","0","0",""
"","774","matiasperuanoxd","","0","","774","ManLikeStam","","0","","774","personaje23236","","0","","774","nesquiikv","","0","","774","lzxthal","","0","0","0","0","","774","mirac7104","","0","0",""
"","775","Matsiq123","","0","","775","Mannerheim940","","0","","775","phen5m","","0","","775","Nessuares","","0","","775","M_ailon","","0","0","0","0","","775","MK1zl","","0","0",""
"","776","Mavivonoeu","","0","","776","MarcoDEMONIOOO21312","","0","","776","pIaatini","","0","","776","Nezmerised","","0","","776","M0ryach0k11","","0","0","0","0","","776","modenphrog","","0","0",""
"","777","MaxMakoShark","","0","","777","mariodz102","","0","","777","piemochi","","0","","777","NickOIij","","0","","777","magicalzindix","","0","0","0","0","","777","MohamedSaidBenrahma","","0","0",""
"","778","Mehzzi","","0","","778","MARTlNELLI","","0","","778","Pinbappe","","0","","778","NicolasMT23","","0","","778","MAHMOGAMER","","0","0","0","0","","778","mokilkopop","","0","0",""
"","779","melozaria","","0","","779","master454512","","0","","779","pinguinitotroll","","0","","779","nien0w","","0","","779","MakeIeIe","","0","0","0","0","","779","monahinho","","0","0",""
"","780","MemoEgy","","0","","780","mateiryan","","0","","780","Pionieers","","0","","780","nikdinii","","0","","780","Malik_Dan","","0","0","0","0","","780","MonkiSeb","","0","0",""
"","781","MEMPHISCULT1945","","0","","781","mateqx1","","0","","781","pipojoelcrack","","0","","781","Nikokall","","0","","781","ManLikeStam","","0","0","0","0","","781","Mood_Ramos","","0","0",""
"","782","Merknazer","","0","","782","matgame972","","0","","782","plaetini","","0","","782","niovc","","0","","782","Mannerheim940","","0","0","0","0","","782","moonatuidi","","0","0",""
"","783","Merwan_78","","0","","783","MatiasKaporoom","","0","","783","Planovac","","0","","783","nipherus","","0","","783","MarcoDEMONIOOO21312","","0","0","0","0","","783","MoonYaps","","0","0",""
"","784","MESKA_YT","","0","","784","matiasperuanoxd","","0","","784","platinum20007","","0","","784","nokzq_xv","","0","","784","mariodz102","","0","0","0","0","","784","Mounstan","","0","0",""
"","785","metalguy566","","0","","785","Matsiq123","","0","","785","playgamepvp2","","0","","785","NoobandProoooo","","0","","785","MARTlNELLI","","0","0","0","0","","785","MRDamDan","","0","0",""
"","786","mete8341","","0","","786","Maximo_2016","","0","","786","POLSKAFUTBOL","","0","","786","nsuo456","","0","","786","master454512","","0","0","0","0","","786","Mrender0110","","0","0",""
"","787","meteturkic","","0","","787","MaxMakoShark","","0","","787","pomidorek20007","","0","","787","nvneszn","","0","","787","mateiryan","","0","0","0","0","","787","mrucce","","0","0",""
"","788","MF7UP","","0","","788","Mehzzi","","0","","788","pooooooooooooer","","0","","788","Nwanerii","","0","","788","mateqx1","","0","0","0","0","","788","MRXabdoX","","0","0",""
"","789","michell_2011","","0","","789","melozaria","","0","","789","preytic","","0","","789","nxchomaki","","0","","789","matgame972","","0","0","0","0","","789","mutawkel1","","0","0",""
"","790","michiestaa","","0","","790","MemoEgy","","0","","790","ProCiba099_009","","0","","790","nxrosa","","0","","790","MatiasKaporoom","","0","0","0","0","","790","MxIongo","","0","0",""
"","791","migueatp","","0","","791","MEMPHISCULT1945","","0","","791","psitulasek2211","","0","","791","o4600sa","","0","","791","matiasperuanoxd","","0","0","0","0","","791","Mxsterrest","","0","0",""
"","792","Mike20188","","0","","792","Merknazer","","0","","792","Pula23333","","0","","792","Ohinkzs","","0","","792","Matsiq123","","0","0","0","0","","792","Mynamekap112","","0","0",""
"","793","MilanceMile12","","0","","793","Merwan_78","","0","","793","punzzj","","0","","793","oldmandomi","","0","","793","MaxMakoShark","","0","0","0","0","","793","n5ves","","0","0",""
"","794","miljan637","","0","","794","MESKA_YT","","0","","794","puyafon","","0","","794","on25s","","0","","794","Mehzzi","","0","0","0","0","","794","naim_76","","0","0",""
"","795","minwager","","0","","795","metalguy566","","0","","795","qatariaen","","0","","795","OnceMelon","","0","","795","melozaria","","0","0","0","0","","795","nanoghost788","","0","0",""
"","796","mirac7104","","0","","796","mete8341","","0","","796","qeintessential","","0","","796","OnepunchZv","","0","","796","MemoEgy","","0","0","0","0","","796","NarutoNamikaze5890","","0","0",""
"","797","MK1zl","","0","","797","meteturkic","","0","","797","R0JAUN","","0","","797","oscarpiastri","","0","","797","MEMPHISCULT1945","","0","0","0","0","","797","Neodraven","","0","0",""
"","798","MO129195","","0","","798","MF7UP","","0","","798","R1AL2TY","","0","","798","osswaIdcobblepot","","0","","798","Merwan_78","","0","0","0","0","","798","NeoxRodriguez","","0","0",""
"","799","modenphrog","","0","","799","michell_2011","","0","","799","R3scerns","","0","","799","othniel2007","","0","","799","MESKA_YT","","0","0","0","0","","799","nesquiikv","","0","0",""
"","800","MohamedSaidBenrahma","","0","","800","michiestaa","","0","","800","Raaahim7","","0","","800","otxxkk","","0","","800","metalguy566","","0","0","0","0","","800","Nessuares","","0","0",""
"","801","Mohascred","","0","","801","migueatp","","0","","801","raahzaa","","0","","801","Ousmane_Dembele2","","0","","801","mete8341","","0","0","0","0","","801","Nezmerised","","0","0",""
"","802","mokilkopop","","0","","802","MigueLoXinX","","0","","802","RaceBuu","","0","","802","overattract","","0","","802","meteturkic","","0","0","0","0","","802","NickOIij","","0","0",""
"","803","monahinho","","0","","803","Mike20188","","0","","803","Rafo_ux","","0","","803","Ozchalk","","0","","803","MF7UP","","0","0","0","0","","803","NicolasMT23","","0","0",""
"","804","MonkiSeb","","0","","804","MilanceMile12","","0","","804","Raminhosgames","","0","","804","Padman1000","","0","","804","michell_2011","","0","0","0","0","","804","nien0w","","0","0",""
"","805","Mood_Ramos","","0","","805","miljan637","","0","","805","RamiroTHEp2","","0","","805","panda140820","","0","","805","michiestaa","","0","0","0","0","","805","nikdinii","","0","0",""
"","806","MoonYaps","","0","","806","minwager","","0","","806","ramonterrier","","0","","806","papucraft_43","","0","","806","MigueLoXinX","","0","0","0","0","","806","Nikokall","","0","0",""
"","807","mopatika","","0","","807","mirac7104","","0","","807","Raphlna","","0","","807","parlayhunter","","0","","807","Mike20188","","0","0","0","0","","807","niovc","","0","0",""
"","808","Mounstan","","0","","808","MK1zl","","0","","808","raspyextreme","","0","","808","parsa88boyka","","0","","808","MilanceMile12","","0","0","0","0","","808","nipherus","","0","0",""
"","809","Mrender0110","","0","","809","modenphrog","","0","","809","rauIasencioo","","0","","809","PasitaRodriguez","","0","","809","minwager","","0","0","0","0","","809","nokzq_xv","","0","0",""
"","810","MrHiko_Yt","","0","","810","MohamedSaidBenrahma","","0","","810","RayenITAMaster","","0","","810","PatrickWheels","","0","","810","mirac7104","","0","0","0","0","","810","NoobandProoooo","","0","0",""
"","811","mrucce","","0","","811","moIochukx","","0","","811","Rayquazathepro","","0","","811","PeacefulSiva","","0","","811","MK1zl","","0","0","0","0","","811","nsuo456","","0","0",""
"","812","MRXabdoX","","0","","812","mokilkopop","","0","","812","realDrako","","0","","812","Pecnaldinho","","0","","812","ML_Raul","","0","0","0","0","","812","nvneszn","","0","0",""
"","813","mutawkel1","","0","","813","monahinho","","0","","813","Realuct","","0","","813","PEDROLERIGOLO","","0","","813","modenphrog","","0","0","0","0","","813","Nwanerii","","0","0",""
"","814","MxIongo","","0","","814","MonkiSeb","","0","","814","rebelvax","","0","","814","Pedroshot_Gaming","","0","","814","MohamedSaidBenrahma","","0","0","0","0","","814","nxchomaki","","0","0",""
"","815","Mxsterrest","","0","","815","Mood_Ramos","","0","","815","RedHoomanYT","","0","","815","PeitXVIII","","0","","815","mokilkopop","","0","0","0","0","","815","nxrosa","","0","0",""
"","816","Mynamekap112","","0","","816","MoonYaps","","0","","816","renaattoo10","","0","","816","pengzinho","","0","","816","monahinho","","0","0","0","0","","816","o4600sa","","0","0",""
"","817","naim_76","","0","","817","mopatika","","0","","817","Renoh0207","","0","","817","PercyTheFizzyPiggy","","0","","817","MonkiSeb","","0","0","0","0","","817","OBEY0URMASTER","","0","0",""
"","818","nanoghost788","","0","","818","Mounstan","","0","","818","ResilientScout","","0","","818","personaje23236","","0","","818","MoonYaps","","0","0","0","0","","818","oldmandomi","","0","0",""
"","819","NarutoNamikaze5890","","0","","819","MPS_Pod","","0","","819","retenzu","","0","","819","phen5m","","0","","819","mopatika","","0","0","0","0","","819","OnceMelon","","0","0",""
"","820","NeoxRodriguez","","0","","820","Mrender0110","","0","","820","retinzu","","0","","820","pIaatini","","0","","820","Mounstan","","0","0","0","0","","820","OnepunchZv","","0","0",""
"","821","nesquiikv","","0","","821","mrucce","","0","","821","retinzunololenxenyes","","0","","821","piemochi","","0","","821","MPS_Pod","","0","0","0","0","","821","origamiempresss","","0","0",""
"","822","Nessuares","","0","","822","MRXabdoX","","0","","822","RickyChima","","0","","822","Pinbappe","","0","","822","Mrender0110","","0","0","0","0","","822","oscarpiastri","","0","0",""
"","823","Nezmerised","","0","","823","mutawkel1","","0","","823","Rippxh","","0","","823","pinguinitotroll","","0","","823","MrHiko_Yt","","0","0","0","0","","823","osswaIdcobblepot","","0","0",""
"","824","NickOIij","","0","","824","MxIongo","","0","","824","RiyadKMahrez","","0","","824","Planovac","","0","","824","mrucce","","0","0","0","0","","824","othniel2007","","0","0",""
"","825","NicolasMT23","","0","","825","Mxsterrest","","0","","825","Rk13891","","0","","825","platinum20007","","0","","825","MRXabdoX","","0","0","0","0","","825","Ousmane_Dembele2","","0","0",""
"","826","nien0w","","0","","826","Mynamekap112","","0","","826","Rm8w","","0","","826","playgamepvp2","","0","","826","mutawkel1","","0","0","0","0","","826","overattract","","0","0",""
"","827","nikdinii","","0","","827","nanoghost788","","0","","827","roarchaki2402","","0","","827","POLSKAFUTBOL","","0","","827","MxIongo","","0","0","0","0","","827","Ozchalk","","0","0",""
"","828","Nikokall","","0","","828","NarutoNamikaze5890","","0","","828","RobertLewandowski38","","0","","828","pomidorek20007","","0","","828","Mxsterrest","","0","0","0","0","","828","Padman1000","","0","0",""
"","829","nipherus","","0","","829","Neodraven","","0","","829","Robin_Alpca","","0","","829","preytic","","0","","829","Mynamekap112","","0","0","0","0","","829","panda140820","","0","0",""
"","830","nokzq_xv","","0","","830","NeoxRodriguez","","0","","830","RobloSalade","","0","","830","psitulasek2211","","0","","830","nanoghost788","","0","0","0","0","","830","papucraft_43","","0","0",""
"","831","NoobandProoooo","","0","","831","nesquiikv","","0","","831","RobloxScripterDevLua","","0","","831","Pula23333","","0","","831","NarutoNamikaze5890","","0","0","0","0","","831","parlayhunter","","0","0",""
"","832","nsuo456","","0","","832","Nessuares","","0","","832","ROBLOXSENSIBLENOOB","","0","","832","PumpedCrisXI","","0","","832","NeoxRodriguez","","0","0","0","0","","832","parsa88boyka","","0","0",""
"","833","Nwanerii","","0","","833","Nezmerised","","0","","833","RobloxUser130609","","0","","833","punzzj","","0","","833","nesquiikv","","0","0","0","0","","833","PasitaRodriguez","","0","0",""
"","834","nxrosa","","0","","834","NickOIij","","0","","834","rocha90","","0","","834","puyafon","","0","","834","Nessuares","","0","0","0","0","","834","PeacefulSiva","","0","0",""
"","835","o4600sa","","0","","835","NicolasMT23","","0","","835","RodrigoElPro777RG","","0","","835","qatariaen","","0","","835","Nezmerised","","0","0","0","0","","835","PEDROLERIGOLO","","0","0",""
"","836","OBEY0URMASTER","","0","","836","nien0w","","0","","836","ronaIddoo","","0","","836","R0JAUN","","0","","836","NickOIij","","0","0","0","0","","836","Pedroshot_Gaming","","0","0",""
"","837","oldmandomi","","0","","837","nikdinii","","0","","837","Ronbon99","","0","","837","R3scerns","","0","","837","NicolasMT23","","0","0","0","0","","837","PeitXVIII","","0","0",""
"","838","on25s","","0","","838","Nikokall","","0","","838","rondalejj","","0","","838","Raaahim7","","0","","838","nien0w","","0","0","0","0","","838","pengzinho","","0","0",""
"","839","OnceMelon","","0","","839","niovc","","0","","839","Ronzii","","0","","839","RaceBuu","","0","","839","Nikokall","","0","0","0","0","","839","PercyTheFizzyPiggy","","0","0",""
"","840","OnepunchZv","","0","","840","nipherus","","0","","840","rosalocalover","","0","","840","Rafo_ux","","0","","840","nipherus","","0","0","0","0","","840","phen5m","","0","0",""
"","841","origamiempresss","","0","","841","nokzq_xv","","0","","841","roxodoshadownoob21","","0","","841","RamiroTHEp2","","0","","841","nokzq_xv","","0","0","0","0","","841","pIaatini","","0","0",""
"","842","oscarpiastri","","0","","842","NoobandProoooo","","0","","842","RUFAT36_14","","0","","842","Raphlna","","0","","842","NoobandProoooo","","0","0","0","0","","842","piemochi","","0","0",""
"","843","osswaIdcobblepot","","0","","843","nvneszn","","0","","843","Russ_Brook0MVP","","0","","843","raspyextreme","","0","","843","nvneszn","","0","0","0","0","","843","Pinbappe","","0","0",""
"","844","othniel2007","","0","","844","Nwanerii","","0","","844","ruxel_gamerpro","","0","","844","rauIasencioo","","0","","844","Nwanerii","","0","0","0","0","","844","pinguinitotroll","","0","0",""
"","845","otxxkk","","0","","845","nxrosa","","0","","845","RvbMoose","","0","","845","RayenITAMaster","","0","","845","nxrosa","","0","0","0","0","","845","Pionieers","","0","0",""
"","846","Ousmane_Dembele2","","0","","846","o4600sa","","0","","846","RxckFrost","","0","","846","Rayquazathepro","","0","","846","o4600sa","","0","0","0","0","","846","pipojoelcrack","","0","0",""
"","847","overattract","","0","","847","OBEY0URMASTER","","0","","847","ryanchiatto","","0","","847","realDrako","","0","","847","OBEY0URMASTER","","0","0","0","0","","847","plaetini","","0","0",""
"","848","Ozchalk","","0","","848","oldmandomi","","0","","848","rykiraa","","0","","848","Realuct","","0","","848","oldmandomi","","0","0","0","0","","848","Planovac","","0","0",""
"","849","Padman1000","","0","","849","ollman22","","0","","849","S_haddai","","0","","849","RebeIinq","","0","","849","ollman22","","0","0","0","0","","849","platinum20007","","0","0",""
"","850","panda140820","","0","","850","on25s","","0","","850","s2Iah","","0","","850","rebelvax","","0","","850","on25s","","0","0","0","0","","850","playgamepvp2","","0","0",""
"","851","parsa88boyka","","0","","851","OnceMelon","","0","","851","sacchyv","","0","","851","RedHoomanYT","","0","","851","OnceMelon","","0","0","0","0","","851","POLSKAFUTBOL","","0","0",""
"","852","PasitaRodriguez","","0","","852","OnepunchZv","","0","","852","SaeEgoistx","","0","","852","reiulent","","0","","852","OnepunchZv","","0","0","0","0","","852","pooooooooooooer","","0","0",""
"","853","PatrickWheels","","0","","853","oscarpiastri","","0","","853","safinh0","","0","","853","renaattoo10","","0","","853","oscarpiastri","","0","0","0","0","","853","preytic","","0","0",""
"","854","PeacefulSiva","","0","","854","osswaIdcobblepot","","0","","854","SalOpsz","","0","","854","Renoh0207","","0","","854","osswaIdcobblepot","","0","0","0","0","","854","ProCiba099_009","","0","0",""
"","855","Pecnaldinho","","0","","855","othniel2007","","0","","855","salshorty507","","0","","855","ResilientScout","","0","","855","othniel2007","","0","0","0","0","","855","psitulasek2211","","0","0",""
"","856","PEDROLERIGOLO","","0","","856","otxxkk","","0","","856","SamueItx","","0","","856","retinzunololenxenyes","","0","","856","Ousmane_Dembele2","","0","0","0","0","","856","Pula23333","","0","0",""
"","857","PeitXVIII","","0","","857","Ousmane_Dembele2","","0","","857","samuelsj23","","0","","857","RickyChima","","0","","857","overattract","","0","0","0","0","","857","PumpedCrisXI","","0","0",""
"","858","pengzinho","","0","","858","overattract","","0","","858","Santiago_1101","","0","","858","RiyadKMahrez","","0","","858","Ozchalk","","0","0","0","0","","858","punzzj","","0","0",""
"","859","pIaatini","","0","","859","Ozchalk","","0","","859","Santiago813","","0","","859","Rk13891","","0","","859","Padman1000","","0","0","0","0","","859","puyafon","","0","0",""
"","860","piemochi","","0","","860","Padman1000","","0","","860","santinoo","","0","","860","Rm8w","","0","","860","panda140820","","0","0","0","0","","860","qatariaen","","0","0",""
"","861","Pinbappe","","0","","861","panda140820","","0","","861","SanTser780_5","","0","","861","roarchaki2402","","0","","861","parsa88boyka","","0","0","0","0","","861","R3scerns","","0","0",""
"","862","pinguinitotroll","","0","","862","parsa88boyka","","0","","862","satriaperwira","","0","","862","Robin_Alpca","","0","","862","PasitaRodriguez","","0","0","0","0","","862","Raaahim7","","0","0",""
"","863","Planovac","","0","","863","PasitaRodriguez","","0","","863","SaturnX7x","","0","","863","RobloSalade","","0","","863","PatrickWheels","","0","0","0","0","","863","raahzaa","","0","0",""
"","864","platinum20007","","0","","864","PatrickWheels","","0","","864","saudezo","","0","","864","RobloxScripterDevLua","","0","","864","PeacefulSiva","","0","0","0","0","","864","RaceBuu","","0","0",""
"","865","playgamepvp2","","0","","865","PeacefulSiva","","0","","865","sbatibo09","","0","","865","ROBLOXSENSIBLENOOB","","0","","865","Pecnaldinho","","0","0","0","0","","865","Rafo_ux","","0","0",""
"","866","preytic","","0","","866","Pecnaldinho","","0","","866","scachiatto","","0","","866","RobloxUser130609","","0","","866","PEDROLERIGOLO","","0","0","0","0","","866","Raminhosgames","","0","0",""
"","867","psitulasek2211","","0","","867","PEDROLERIGOLO","","0","","867","scarfaded","","0","","867","RodrigoElPro777RG","","0","","867","PeitXVIII","","0","0","0","0","","867","RamiroTHEp2","","0","0",""
"","868","Pula23333","","0","","868","Pedroshot_Gaming","","0","","868","screwdam","","0","","868","Ronbon99","","0","","868","pengzinho","","0","0","0","0","","868","raspyextreme","","0","0",""
"","869","PumpedCrisXI","","0","","869","PeitXVIII","","0","","869","scvseth","","0","","869","rondalejj","","0","","869","PercyTheFizzyPiggy","","0","0","0","0","","869","Rayquazathepro","","0","0",""
"","870","punzzj","","0","","870","pengzinho","","0","","870","sebasdeleon","","0","","870","Ronzii","","0","","870","pIaatini","","0","0","0","0","","870","realDrako","","0","0",""
"","871","puyafon","","0","","871","PercyTheFizzyPiggy","","0","","871","sebbvetteI","","0","","871","rosalocalover","","0","","871","piemochi","","0","0","0","0","","871","Realuct","","0","0",""
"","872","qatariaen","","0","","872","pIaatini","","0","","872","SECONDACCOUNT_SOUP","","0","","872","roxodoshadownoob21","","0","","872","Pinbappe","","0","0","0","0","","872","RebeIinq","","0","0",""
"","873","R0JAUN","","0","","873","piemochi","","0","","873","Semkokozluca3","","0","","873","RUFAT36_14","","0","","873","pinguinitotroll","","0","0","0","0","","873","recrystaIlize","","0","0",""
"","874","R3scerns","","0","","874","Pinbappe","","0","","874","SergioRomero2017","","0","","874","Russ_Brook0MVP","","0","","874","Planovac","","0","0","0","0","","874","RedHoomanYT","","0","0",""
"","875","Raaahim7","","0","","875","pinguinitotroll","","0","","875","seriaImogger","","0","","875","ruxel_gamerpro","","0","","875","platinum20007","","0","0","0","0","","875","Renoh0207","","0","0",""
"","876","RaceBuu","","0","","876","Planovac","","0","","876","serrajordi22","","0","","876","RvbMoose","","0","","876","playgamepvp2","","0","0","0","0","","876","ResilientScout","","0","0",""
"","877","Rafo_ux","","0","","877","platinum20007","","0","","877","ShadowDefenderXII","","0","","877","RxckFrost","","0","","877","preytic","","0","0","0","0","","877","retenzu","","0","0",""
"","878","RamiroTHEp2","","0","","878","playgamepvp2","","0","","878","ShadowLine120","","0","","878","rykiraa","","0","","878","psitulasek2211","","0","0","0","0","","878","retinzu","","0","0",""
"","879","Raphlna","","0","","879","preytic","","0","","879","ShadowzyHDYT","","0","","879","S_haddai","","0","","879","Pula23333","","0","0","0","0","","879","retinzunololenxenyes","","0","0",""
"","880","raspyextreme","","0","","880","psitulasek2211","","0","","880","shaneitoo","","0","","880","s2Iah","","0","","880","PumpedCrisXI","","0","0","0","0","","880","RickyChima","","0","0",""
"","881","RayenITAMaster","","0","","881","Pula23333","","0","","881","shany4ng","","0","","881","sacchyv","","0","","881","punzzj","","0","0","0","0","","881","RiyadKMahrez","","0","0",""
"","882","Rayquazathepro","","0","","882","PumpedCrisXI","","0","","882","ShawnxMonaco","","0","","882","SaeEgoistx","","0","","882","puyafon","","0","0","0","0","","882","Rk13891","","0","0",""
"","883","realDrako","","0","","883","punzzj","","0","","883","ShazArcalis","","0","","883","safinh0","","0","","883","qatariaen","","0","0","0","0","","883","Rm8w","","0","0",""
"","884","Realuct","","0","","884","puyafon","","0","","884","shuubero","","0","","884","SalOpsz","","0","","884","R0JAUN","","0","0","0","0","","884","roarchaki2402","","0","0",""
"","885","RebeIinq","","0","","885","qatariaen","","0","","885","Shvrch","","0","","885","salshorty507","","0","","885","R3scerns","","0","0","0","0","","885","Robin_Alpca","","0","0",""
"","886","rebelvax","","0","","886","R0JAUN","","0","","886","sincerelyjays","","0","","886","SamueItx","","0","","886","Raaahim7","","0","0","0","0","","886","RobloSalade","","0","0",""
"","887","recrystaIlize","","0","","887","R3scerns","","0","","887","sir_aimbot012","","0","","887","samuelsj23","","0","","887","RaceBuu","","0","0","0","0","","887","RobloxScripterDevLua","","0","0",""
"","888","RedHoomanYT","","0","","888","Raaahim7","","0","","888","sirchonkus","","0","","888","Santiago_1101","","0","","888","Rafo_ux","","0","0","0","0","","888","ROBLOXSENSIBLENOOB","","0","0",""
"","889","Renoh0207","","0","","889","RaceBuu","","0","","889","SirStellarie","","0","","889","Santiago813","","0","","889","RamiroTHEp2","","0","0","0","0","","889","RobloxUser130609","","0","0",""
"","890","ResilientScout","","0","","890","Rafo_ux","","0","","890","SixityTime","","0","","890","santinoo","","0","","890","raspyextreme","","0","0","0","0","","890","rocha90","","0","0",""
"","891","retinzunololenxenyes","","0","","891","RamiroTHEp2","","0","","891","sjaak11","","0","","891","SanTser780_5","","0","","891","Rayquazathepro","","0","0","0","0","","891","RodrigoElPro777RG","","0","0",""
"","892","RickyChima","","0","","892","raspyextreme","","0","","892","skaraIho","","0","","892","satriaperwira","","0","","892","realDrako","","0","0","0","0","","892","Ronbon99","","0","0",""
"","893","RiyadKMahrez","","0","","893","RayenITAMaster","","0","","893","SkitIsRogue","","0","","893","SaturnX7x","","0","","893","Realuct","","0","0","0","0","","893","rondalejj","","0","0",""
"","894","Rk13891","","0","","894","Rayquazathepro","","0","","894","slimboyfat5","","0","","894","sbatibo09","","0","","894","RebeIinq","","0","0","0","0","","894","Ronzii","","0","0",""
"","895","Rm8w","","0","","895","realDrako","","0","","895","Smeagolmann","","0","","895","scarfaded","","0","","895","RedHoomanYT","","0","0","0","0","","895","rosalocalover","","0","0",""
"","896","roarchaki2402","","0","","896","Realuct","","0","","896","smike3334","","0","","896","screwdam","","0","","896","Renoh0207","","0","0","0","0","","896","roxodoshadownoob21","","0","0",""
"","897","Robin_Alpca","","0","","897","RebeIinq","","0","","897","Smokey3121","","0","","897","scvseth","","0","","897","ResilientScout","","0","0","0","0","","897","RUFAT36_14","","0","0",""
"","898","RobloSalade","","0","","898","RedHoomanYT","","0","","898","smottii","","0","","898","sebbvetteI","","0","","898","retinzunololenxenyes","","0","0","0","0","","898","RvbMoose","","0","0",""
"","899","RobloxScripterDevLua","","0","","899","renaattoo10","","0","","899","soIskajaer","","0","","899","SECONDACCOUNT_SOUP","","0","","899","RickyChima","","0","0","0","0","","899","RxckFrost","","0","0",""
"","900","ROBLOXSENSIBLENOOB","","0","","900","Renoh0207","","0","","900","SomaliSaviour","","0","","900","Semkokozluca3","","0","","900","RiyadKMahrez","","0","0","0","0","","900","rykiraa","","0","0",""
"","901","RobloxUser130609","","0","","901","ResilientScout","","0","","901","SomySampo","","0","","901","SergioRomero2017","","0","","901","Rk13891","","0","0","0","0","","901","S_haddai","","0","0",""
"","902","RodrigoElPro777RG","","0","","902","retinzunololenxenyes","","0","","902","SonVictxrr","","0","","902","seriaImogger","","0","","902","Rm8w","","0","0","0","0","","902","s2Iah","","0","0",""
"","903","Ronbon99","","0","","903","RickyChima","","0","","903","soyelhombremorado300","","0","","903","SerpzCustos","","0","","903","roarchaki2402","","0","0","0","0","","903","sacchyv","","0","0",""
"","904","rondalejj","","0","","904","RiyadKMahrez","","0","","904","sp9rta","","0","","904","ShadowDefenderXII","","0","","904","Robin_Alpca","","0","0","0","0","","904","SaeEgoistx","","0","0",""
"","905","Ronzii","","0","","905","Rk13891","","0","","905","Spac0wski","","0","","905","ShadowLine120","","0","","905","RobloSalade","","0","0","0","0","","905","safinh0","","0","0",""
"","906","rosalocalover","","0","","906","Rm8w","","0","","906","spartsui","","0","","906","ShadowzyHDYT","","0","","906","RobloxScripterDevLua","","0","0","0","0","","906","salshorty507","","0","0",""
"","907","roxodoshadownoob21","","0","","907","roarchaki2402","","0","","907","Speedyzv","","0","","907","shaneitoo","","0","","907","ROBLOXSENSIBLENOOB","","0","0","0","0","","907","samuelsj23","","0","0",""
"","908","RUFAT36_14","","0","","908","Robin_Alpca","","0","","908","spider_jr23","","0","","908","ShawnxMonaco","","0","","908","RobloxUser130609","","0","0","0","0","","908","Santiago813","","0","0",""
"","909","Russ_Brook0MVP","","0","","909","RobloSalade","","0","","909","Splashx321","","0","","909","ShazArcalis","","0","","909","RodrigoElPro777RG","","0","0","0","0","","909","santinoo","","0","0",""
"","910","RvbMoose","","0","","910","RobloxScripterDevLua","","0","","910","srhguirassy","","0","","910","shuubero","","0","","910","Ronbon99","","0","0","0","0","","910","SanTser780_5","","0","0",""
"","911","RxckFrost","","0","","911","ROBLOXSENSIBLENOOB","","0","","911","SteadyFreddie31","","0","","911","Shvrch","","0","","911","rondalejj","","0","0","0","0","","911","satriaperwira","","0","0",""
"","912","rykiraa","","0","","912","RobloxUser130609","","0","","912","Stefdino","","0","","912","Shyzukesa","","0","","912","Ronzii","","0","0","0","0","","912","SaturnX7x","","0","0",""
"","913","S_haddai","","0","","913","RodrigoElPro777RG","","0","","913","stefiscoco","","0","","913","sincerelyjays","","0","","913","rosalocalover","","0","0","0","0","","913","sbatibo09","","0","0",""
"","914","sacchyv","","0","","914","Ronbon99","","0","","914","Stephano_093","","0","","914","sirchonkus","","0","","914","roxodoshadownoob21","","0","0","0","0","","914","scachiatto","","0","0",""
"","915","SaeEgoistx","","0","","915","rondalejj","","0","","915","stevizzo","","0","","915","SirStellarie","","0","","915","RUFAT36_14","","0","0","0","0","","915","scarfaded","","0","0",""
"","916","safinh0","","0","","916","Ronzii","","0","","916","stjepogame","","0","","916","SixityTime","","0","","916","Russ_Brook0MVP","","0","0","0","0","","916","screwdam","","0","0",""
"","917","SalOpsz","","0","","917","rosalocalover","","0","","917","STORMgiannis900","","0","","917","sjaak11","","0","","917","RvbMoose","","0","0","0","0","","917","scvseth","","0","0",""
"","918","samuelsj23","","0","","918","roxodoshadownoob21","","0","","918","stormseyecontractor","","0","","918","skaraIho","","0","","918","RxckFrost","","0","0","0","0","","918","sebbvetteI","","0","0",""
"","919","Santiago_1101","","0","","919","RUFAT36_14","","0","","919","streetannie","","0","","919","SkitIsRogue","","0","","919","rykiraa","","0","0","0","0","","919","SECONDACCOUNT_SOUP","","0","0",""
"","920","Santiago813","","0","","920","Russ_Brook0MVP","","0","","920","SuIeex","","0","","920","slimboyfat5","","0","","920","S_haddai","","0","0","0","0","","920","Semkokozluca3","","0","0",""
"","921","santinoo","","0","","921","RvbMoose","","0","","921","SUPERGAMERkaua","","0","","921","Smeagolmann","","0","","921","sacchyv","","0","0","0","0","","921","SergioRomero2017","","0","0",""
"","922","satriaperwira","","0","","922","RxckFrost","","0","","922","superHaloxd","","0","","922","smike3334","","0","","922","SaeEgoistx","","0","0","0","0","","922","seriaImogger","","0","0",""
"","923","SaturnX7x","","0","","923","rykiraa","","0","","923","superroblox321","","0","","923","smottii","","0","","923","safinh0","","0","0","0","0","","923","SerpzCustos","","0","0",""
"","924","sbatibo09","","0","","924","S_haddai","","0","","924","SwaySwayboii_II","","0","","924","soIskajaer","","0","","924","SalOpsz","","0","0","0","0","","924","ShadowDefenderXII","","0","0",""
"","925","scarfaded","","0","","925","s2Iah","","0","","925","swzrox","","0","","925","SomaliSaviour","","0","","925","samuelsj23","","0","0","0","0","","925","ShadowLine120","","0","0",""
"","926","screwdam","","0","","926","sacchyv","","0","","926","Synicalz_x","","0","","926","SomySampo","","0","","926","Santiago_1101","","0","0","0","0","","926","ShadowzyHDYT","","0","0",""
"","927","scvseth","","0","","927","SaeEgoistx","","0","","927","Synksx","","0","","927","SonVictxrr","","0","","927","Santiago813","","0","0","0","0","","927","shaneitoo","","0","0",""
"","928","sebbvetteI","","0","","928","safinh0","","0","","928","Syqxnzl","","0","","928","soyelhombremorado300","","0","","928","santinoo","","0","0","0","0","","928","shany4ng","","0","0",""
"","929","SECONDACCOUNT_SOUP","","0","","929","SalOpsz","","0","","929","szemuveg_gaming","","0","","929","sp9rta","","0","","929","satriaperwira","","0","0","0","0","","929","ShawnxMonaco","","0","0",""
"","930","Semkokozluca3","","0","","930","salshorty507","","0","","930","t_osen","","0","","930","Spac0wski","","0","","930","SaturnX7x","","0","0","0","0","","930","ShazArcalis","","0","0",""
"","931","SergioRomero2017","","0","","931","samuelsj23","","0","","931","t5masz","","0","","931","spartsui","","0","","931","sbatibo09","","0","0","0","0","","931","shuubero","","0","0",""
"","932","seriaImogger","","0","","932","Santiago_1101","","0","","932","tafeljas","","0","","932","Speedyzv","","0","","932","scarfaded","","0","0","0","0","","932","Shvrch","","0","0",""
"","933","ShadowDefenderXII","","0","","933","Santiago813","","0","","933","talk2themoney","","0","","933","Splashx321","","0","","933","screwdam","","0","0","0","0","","933","Shyzukesa","","0","0",""
"","934","ShadowLine120","","0","","934","santinoo","","0","","934","TerminatorBat123","","0","","934","srhguirassy","","0","","934","scvseth","","0","0","0","0","","934","sincerelyjays","","0","0",""
"","935","ShadowzyHDYT","","0","","935","satriaperwira","","0","","935","TheAIIRounderGod","","0","","935","SteadyFreddie31","","0","","935","sebbvetteI","","0","0","0","0","","935","sirchonkus","","0","0",""
"","936","shaneitoo","","0","","936","SaturnX7x","","0","","936","themightyjesse","","0","","936","Stefdino","","0","","936","SECONDACCOUNT_SOUP","","0","0","0","0","","936","SixityTime","","0","0",""
"","937","ShazArcalis","","0","","937","sbatibo09","","0","","937","thenotoriouscolo","","0","","937","Stephano_093","","0","","937","Semkokozluca3","","0","0","0","0","","937","sjaak11","","0","0",""
"","938","shuubero","","0","","938","scarfaded","","0","","938","THEREALMOOSEMANNN","","0","","938","stevizzo","","0","","938","SergioRomero2017","","0","0","0","0","","938","slimboyfat5","","0","0",""
"","939","Shvrch","","0","","939","screwdam","","0","","939","TheSmurfTheGood","","0","","939","stjepogame","","0","","939","seriaImogger","","0","0","0","0","","939","Smeagolmann","","0","0",""
"","940","Shyzukesa","","0","","940","scvseth","","0","","940","thewoo5back","","0","","940","STORMgiannis900","","0","","940","SerpzCustos","","0","0","0","0","","940","soIskajaer","","0","0",""
"","941","sincerelyjays","","0","","941","sebbvetteI","","0","","941","theworfer","","0","","941","stormseyecontractor","","0","","941","ShadowDefenderXII","","0","0","0","0","","941","SomaliSaviour","","0","0",""
"","942","sirchonkus","","0","","942","SECONDACCOUNT_SOUP","","0","","942","Thunde7r","","0","","942","streetannie","","0","","942","ShadowLine120","","0","0","0","0","","942","SomySampo","","0","0",""
"","943","sjaak11","","0","","943","Semkokozluca3","","0","","943","tobbid","","0","","943","SUPERGAMERkaua","","0","","943","ShadowzyHDYT","","0","0","0","0","","943","SonVictxrr","","0","0",""
"","944","SkitIsRogue","","0","","944","SergioRomero2017","","0","","944","toddzzj","","0","","944","superHaloxd","","0","","944","shaneitoo","","0","0","0","0","","944","soyelhombremorado300","","0","0",""
"","945","slimboyfat5","","0","","945","seriaImogger","","0","","945","tommy33gun","","0","","945","superroblox321","","0","","945","shany4ng","","0","0","0","0","","945","Spac0wski","","0","0",""
"","946","Smeagolmann","","0","","946","ShadowDefenderXII","","0","","946","toneIli","","0","","946","svenzio","","0","","946","ShawnxMonaco","","0","0","0","0","","946","spartsui","","0","0",""
"","947","smike3334","","0","","947","ShadowLine120","","0","","947","Tonhowo","","0","","947","SwaySwayboii_II","","0","","947","ShazArcalis","","0","0","0","0","","947","Splashx321","","0","0",""
"","948","soIskajaer","","0","","948","ShadowzyHDYT","","0","","948","toni52hoho","","0","","948","swzrox","","0","","948","shuubero","","0","0","0","0","","948","spook3d","","0","0",""
"","949","SomaliSaviour","","0","","949","shaneitoo","","0","","949","tottxii","","0","","949","SxIbaa","","0","","949","Shvrch","","0","0","0","0","","949","SteadyFreddie31","","0","0",""
"","950","SomySampo","","0","","950","ShazArcalis","","0","","950","Toxtricity45","","0","","950","Synicalz_x","","0","","950","sincerelyjays","","0","0","0","0","","950","Stefdino","","0","0",""
"","951","SonVictxrr","","0","","951","shuubero","","0","","951","Tr_ssard","","0","","951","Syqxnzl","","0","","951","sirchonkus","","0","0","0","0","","951","stefiscoco","","0","0",""
"","952","sp9rta","","0","","952","Shvrch","","0","","952","trincao1907","","0","","952","szemuveg_gaming","","0","","952","sjaak11","","0","0","0","0","","952","Stephano_093","","0","0",""
"","953","Spac0wski","","0","","953","Shyzukesa","","0","","953","tris10_m","","0","","953","t5masz","","0","","953","slimboyfat5","","0","0","0","0","","953","stevizzo","","0","0",""
"","954","spartsui","","0","","954","sincerelyjays","","0","","954","trovao16","","0","","954","tafeljas","","0","","954","Smeagolmann","","0","0","0","0","","954","stormseyecontractor","","0","0",""
"","955","Speedyzv","","0","","955","sirchonkus","","0","","955","trtremir0077","","0","","955","talk2themoney","","0","","955","smike3334","","0","0","0","0","","955","streetannie","","0","0",""
"","956","Splashx321","","0","","956","sjaak11","","0","","956","trulzo","","0","","956","TerminatorBat123","","0","","956","soIskajaer","","0","0","0","0","","956","SUPERGAMERkaua","","0","0",""
"","957","spook3d","","0","","957","slimboyfat5","","0","","957","Tufizzs","","0","","957","TheAIIRounderGod","","0","","957","SomaliSaviour","","0","0","0","0","","957","superHaloxd","","0","0",""
"","958","SteadyFreddie31","","0","","958","Smeagolmann","","0","","958","tumanze","","0","","958","THEREALMOOSEMANNN","","0","","958","SomySampo","","0","0","0","0","","958","svenzio","","0","0",""
"","959","Stefdino","","0","","959","smike3334","","0","","959","Tupapachiro","","0","","959","TheSmurfTheGood","","0","","959","SonVictxrr","","0","0","0","0","","959","SwaySwayboii_II","","0","0",""
"","960","Stephano_093","","0","","960","smottii","","0","","960","Tushonslayer","","0","","960","theworfer","","0","","960","soyelhombremorado300","","0","0","0","0","","960","swzrox","","0","0",""
"","961","stevizzo","","0","","961","soIskajaer","","0","","961","uazeed","","0","","961","tizongass","","0","","961","sp9rta","","0","0","0","0","","961","Synicalz_x","","0","0",""
"","962","stjepogame","","0","","962","SomaliSaviour","","0","","962","UberLeo","","0","","962","tobbid","","0","","962","Spac0wski","","0","0","0","0","","962","Synksx","","0","0",""
"","963","STORMgiannis900","","0","","963","SomySampo","","0","","963","UchihaGen4ik","","0","","963","tommy33gun","","0","","963","spartsui","","0","0","0","0","","963","szemuveg_gaming","","0","0",""
"","964","streetannie","","0","","964","SonVictxrr","","0","","964","Uged","","0","","964","toneIli","","0","","964","Speedyzv","","0","0","0","0","","964","t5masz","","0","0",""
"","965","SUPERGAMERkaua","","0","","965","soyelhombremorado300","","0","","965","umutddeuchi","","0","","965","Toxtricity45","","0","","965","Splashx321","","0","0","0","0","","965","tafeljas","","0","0",""
"","966","superHaloxd","","0","","966","sp9rta","","0","","966","uncbenny","","0","","966","Tr_ssard","","0","","966","srhguirassy","","0","0","0","0","","966","talk2themoney","","0","0",""
"","967","superroblox321","","0","","967","Spac0wski","","0","","967","uncmusti","","0","","967","trincao1907","","0","","967","SteadyFreddie31","","0","0","0","0","","967","TerminatorBat123","","0","0",""
"","968","svenzio","","0","","968","spartsui","","0","","968","untitled05","","0","","968","tris10_m","","0","","968","Stefdino","","0","0","0","0","","968","THEREALMOOSEMANNN","","0","0",""
"","969","SwaySwayboii_II","","0","","969","Speedyzv","","0","","969","usamoi5","","0","","969","trovao16","","0","","969","Stephano_093","","0","0","0","0","","969","TheSmurfTheGood","","0","0",""
"","970","swzrox","","0","","970","Splashx321","","0","","970","uthex","","0","","970","trtremir0077","","0","","970","stevizzo","","0","0","0","0","","970","tobbid","","0","0",""
"","971","Syqxnzl","","0","","971","SteadyFreddie31","","0","","971","Uzilus","","0","","971","trulzo","","0","","971","streetannie","","0","0","0","0","","971","tommy33gun","","0","0",""
"","972","szemuveg_gaming","","0","","972","Stefdino","","0","","972","Uziuqq","","0","","972","Tufizzs","","0","","972","SUPERGAMERkaua","","0","0","0","0","","972","toneIli","","0","0",""
"","973","t5masz","","0","","973","stefiscoco","","0","","973","v9nea","","0","","973","tumanze","","0","","973","superHaloxd","","0","0","0","0","","973","Tonhowo","","0","0",""
"","974","talk2themoney","","0","","974","Stephano_093","","0","","974","vadimkapolyakov","","0","","974","Tupapachiro","","0","","974","SwaySwayboii_II","","0","0","0","0","","974","toni52hoho","","0","0",""
"","975","TerminatorBat123","","0","","975","stevizzo","","0","","975","ValennqRodriguez","","0","","975","Tushonslayer","","0","","975","swzrox","","0","0","0","0","","975","Toxtricity45","","0","0",""
"","976","thenotoriouscolo","","0","","976","streetannie","","0","","976","vanjamilinkovicsavic","","0","","976","uazeed","","0","","976","Synicalz_x","","0","0","0","0","","976","Tr_ssard","","0","0",""
"","977","THEREALMOOSEMANNN","","0","","977","superHaloxd","","0","","977","vankue","","0","","977","UberLeo","","0","","977","szemuveg_gaming","","0","0","0","0","","977","trincao1907","","0","0",""
"","978","TheSmurfTheGood","","0","","978","svenzio","","0","","978","vaqakawa","","0","","978","Uged","","0","","978","t5masz","","0","0","0","0","","978","tris10_m","","0","0",""
"","979","theworfer","","0","","979","SwaySwayboii_II","","0","","979","vauthum","","0","","979","umutddeuchi","","0","","979","talk2themoney","","0","0","0","0","","979","trovao16","","0","0",""
"","980","thrynl","","0","","980","swzrox","","0","","980","veeznoo","","0","","980","uncbenny","","0","","980","TerminatorBat123","","0","0","0","0","","980","trtremir0077","","0","0",""
"","981","tobbid","","0","","981","t5masz","","0","","981","vegzinho","","0","","981","uncmusti","","0","","981","THEREALMOOSEMANNN","","0","0","0","0","","981","trulzo","","0","0",""
"","982","tommy33gun","","0","","982","TerminatorBat123","","0","","982","veitharoo","","0","","982","untitled05","","0","","982","TheSmurfTheGood","","0","0","0","0","","982","Tufizzs","","0","0",""
"","983","toneIli","","0","","983","THEREALMOOSEMANNN","","0","","983","VeloxEdge","","0","","983","usamoi5","","0","","983","tizongass","","0","0","0","0","","983","tumanze","","0","0",""
"","984","toni52hoho","","0","","984","TheSmurfTheGood","","0","","984","vemeins","","0","","984","uthex","","0","","984","tobbid","","0","0","0","0","","984","Tushonslayer","","0","0",""
"","985","Toxtricity45","","0","","985","thewoo5back","","0","","985","verlaon","","0","","985","v9nea","","0","","985","Toxtricity45","","0","0","0","0","","985","uazeed","","0","0",""
"","986","Tr_ssard","","0","","986","tizongass","","0","","986","VermantRomeo","","0","","986","vadimkapolyakov","","0","","986","Tr_ssard","","0","0","0","0","","986","UberLeo","","0","0",""
"","987","trincao1907","","0","","987","tobbid","","0","","987","Victor32377mpj","","0","","987","ValennqRodriguez","","0","","987","trincao1907","","0","0","0","0","","987","Uged","","0","0",""
"","988","tris10_m","","0","","988","tommy33gun","","0","","988","Villehenia","","0","","988","vanjamilinkovicsavic","","0","","988","tris10_m","","0","0","0","0","","988","umutddeuchi","","0","0",""
"","989","trovao16","","0","","989","toneIli","","0","","989","virazei","","0","","989","vauthum","","0","","989","trovao16","","0","0","0","0","","989","uncmusti","","0","0",""
"","990","trtremir0077","","0","","990","Toxtricity45","","0","","990","vit1nhaa","","0","","990","veeznoo","","0","","990","trtremir0077","","0","0","0","0","","990","uthex","","0","0",""
"","991","trulzo","","0","","991","tris10_m","","0","","991","vKxka_XI","","0","","991","vegzinho","","0","","991","trulzo","","0","0","0","0","","991","Uzilus","","0","0",""
"","992","Tufizzs","","0","","992","trovao16","","0","","992","VoteDeniedX","","0","","992","veitharoo","","0","","992","Tufizzs","","0","0","0","0","","992","v9nea","","0","0",""
"","993","tumanze","","0","","993","trtremir0077","","0","","993","vRonaIdo","","0","","993","VeloxEdge","","0","","993","tumanze","","0","0","0","0","","993","vadimkapolyakov","","0","0",""
"","994","Tupapachiro","","0","","994","trulzo","","0","","994","vtknbale","","0","","994","VermantRomeo","","0","","994","Tupapachiro","","0","0","0","0","","994","ValennqRodriguez","","0","0",""
"","995","Tushonslayer","","0","","995","Tufizzs","","0","","995","vtknmelo","","0","","995","Victor32377mpj","","0","","995","Tushonslayer","","0","0","0","0","","995","vanjamilinkovicsavic","","0","0",""
"","996","uazeed","","0","","996","Tupapachiro","","0","","996","Vurelixs","","0","","996","Villehenia","","0","","996","uazeed","","0","0","0","0","","996","vankue","","0","0",""
"","997","UberLeo","","0","","997","Tushonslayer","","0","","997","vybala","","0","","997","virazei","","0","","997","UberLeo","","0","0","0","0","","997","vauthum","","0","0",""
"","998","UchihaGen4ik","","0","","998","uazeed","","0","","998","wakahammer","","0","","998","vit1nhaa","","0","","998","UchihaGen4ik","","0","0","0","0","","998","veeznoo","","0","0",""
"","999","Uged","","0","","999","UberLeo","","0","","999","WD_KMx","","0","","999","vKxka_XI","","0","","999","Uged","","0","0","0","0","","999","vegzinho","","0","0",""
"","1000","umutddeuchi","","0","","1000","UchihaGen4ik","","0","","1000","WebHac","","0","","1000","VoteDeniedX","","0","","1000","umutddeuchi","","0","0","0","0","","1000","veitharoo","","0","0",""
"","1001","uncbenny","","0","","1001","Uged","","0","","1001","Wertbiceps","","0","","1001","vRonaIdo","","0","","1001","uncbenny","","0","0","0","0","","1001","VeloxEdge","","0","0",""
"","1002","uncmusti","","0","","1002","umutddeuchi","","0","","1002","whitetiger1912","","0","","1002","vtknery","","0","","1002","uncmusti","","0","0","0","0","","1002","VermantRomeo","","0","0",""
"","1003","uthex","","0","","1003","uncmusti","","0","","1003","whykamz","","0","","1003","vtknmelo","","0","","1003","untitled05","","0","0","0","0","","1003","Victor32377mpj","","0","0",""
"","1004","vadimkapolyakov","","0","","1004","untitled05","","0","","1004","Wiinchxster","","0","","1004","Vurelixs","","0","","1004","uthex","","0","0","0","0","","1004","Villehenia","","0","0",""
"","1005","ValennqRodriguez","","0","","1005","uthex","","0","","1005","William1pa0","","0","","1005","vybala","","0","","1005","vadimkapolyakov","","0","0","0","0","","1005","virazei","","0","0",""
"","1006","vanjamilinkovicsavic","","0","","1006","vadimkapolyakov","","0","","1006","WillingXWING","","0","","1006","wakahammer","","0","","1006","ValennqRodriguez","","0","0","0","0","","1006","vit1nhaa","","0","0",""
"","1007","vauthum","","0","","1007","ValennqRodriguez","","0","","1007","WindyBye","","0","","1007","WD_KMx","","0","","1007","vanjamilinkovicsavic","","0","0","0","0","","1007","vKxka_XI","","0","0",""
"","1008","veeznoo","","0","","1008","vanjamilinkovicsavic","","0","","1008","Wintre7a","","0","","1008","WebHac","","0","","1008","vauthum","","0","0","0","0","","1008","VoteDeniedX","","0","0",""
"","1009","vegzinho","","0","","1009","vauthum","","0","","1009","wlNams","","0","","1009","Wertbiceps","","0","","1009","vegzinho","","0","0","0","0","","1009","vRonaIdo","","0","0",""
"","1010","veitharoo","","0","","1010","veeznoo","","0","","1010","wolokru","","0","","1010","whitetiger1912","","0","","1010","veitharoo","","0","0","0","0","","1010","vtknbale","","0","0",""
"","1011","VeloxEdge","","0","","1011","vegzinho","","0","","1011","worrde","","0","","1011","whykamz","","0","","1011","VeloxEdge","","0","0","0","0","","1011","vtknery","","0","0",""
"","1012","VermantRomeo","","0","","1012","veitharoo","","0","","1012","wubrekkie","","0","","1012","Wiinchxster","","0","","1012","vemeins","","0","0","0","0","","1012","vtknmelo","","0","0",""
"","1013","Victor32377mpj","","0","","1013","VeloxEdge","","0","","1013","wzrried","","0","","1013","William1pa0","","0","","1013","VermantRomeo","","0","0","0","0","","1013","Vurelixs","","0","0",""
"","1014","Villehenia","","0","","1014","VermantRomeo","","0","","1014","x86Havoc","","0","","1014","WindyBye","","0","","1014","Villehenia","","0","0","0","0","","1014","vybala","","0","0",""
"","1015","virazei","","0","","1015","Villehenia","","0","","1015","xaampleboi","","0","","1015","Wintre7a","","0","","1015","virazei","","0","0","0","0","","1015","wakahammer","","0","0",""
"","1016","vit1nhaa","","0","","1016","virazei","","0","","1016","xantasies","","0","","1016","wlNams","","0","","1016","vit1nhaa","","0","0","0","0","","1016","WebHac","","0","0",""
"","1017","vKxka_XI","","0","","1017","vit1nhaa","","0","","1017","xaxors22","","0","","1017","wolokru","","0","","1017","vKxka_XI","","0","0","0","0","","1017","whykamz","","0","0",""
"","1018","VoteDeniedX","","0","","1018","vKxka_XI","","0","","1018","xenophoenix11","","0","","1018","worrde","","0","","1018","VoteDeniedX","","0","0","0","0","","1018","Wiinchxster","","0","0",""
"","1019","vRonaIdo","","0","","1019","VoteDeniedX","","0","","1019","XenoSuperEscalibur","","0","","1019","wubrekkie","","0","","1019","vRonaIdo","","0","0","0","0","","1019","William1pa0","","0","0",""
"","1020","vtknery","","0","","1020","vRonaIdo","","0","","1020","Xetakken","","0","","1020","wzrried","","0","","1020","vtknery","","0","0","0","0","","1020","WindyBye","","0","0",""
"","1021","Vurelixs","","0","","1021","Vurelixs","","0","","1021","xfibion","","0","","1021","x86Havoc","","0","","1021","Vurelixs","","0","0","0","0","","1021","wlNams","","0","0",""
"","1022","vybala","","0","","1022","vybala","","0","","1022","xFixLeox","","0","","1022","xantasies","","0","","1022","WebHac","","0","0","0","0","","1022","wolokru","","0","0",""
"","1023","Wertbiceps","","0","","1023","wakahammer","","0","","1023","XIIDeiveIIX","","0","","1023","xaxors22","","0","","1023","weitano","","0","0","0","0","","1023","worrde","","0","0",""
"","1024","whykamz","","0","","1024","weitano","","0","","1024","Xinersw","","0","","1024","xenophoenix11","","0","","1024","Wertbiceps","","0","0","0","0","","1024","wubrekkie","","0","0",""
"","1025","Wiinchxster","","0","","1025","Wertbiceps","","0","","1025","Xorbanys","","0","","1025","XenoSuperEscalibur","","0","","1025","whykamz","","0","0","0","0","","1025","wzrried","","0","0",""
"","1026","William1pa0","","0","","1026","whykamz","","0","","1026","Xsamuel_Doritos34","","0","","1026","Xetakken","","0","","1026","Wiinchxster","","0","0","0","0","","1026","x86Havoc","","0","0",""
"","1027","wolokru","","0","","1027","Wiinchxster","","0","","1027","xtraXII","","0","","1027","XIIDeiveIIX","","0","","1027","William1pa0","","0","0","0","0","","1027","xaampleboi","","0","0",""
"","1028","worrde","","0","","1028","wolokru","","0","","1028","xu1zo","","0","","1028","Xorbanys","","0","","1028","wolokru","","0","0","0","0","","1028","xantasies","","0","0",""
"","1029","wubrekkie","","0","","1029","wubrekkie","","0","","1029","XxFelipexX7w7","","0","","1029","Xsamuel_Doritos34","","0","","1029","worrde","","0","0","0","0","","1029","xaxors22","","0","0",""
"","1030","wzrried","","0","","1030","wzrried","","0","","1030","XxPrince_YxX","","0","","1030","xtraXII","","0","","1030","wubrekkie","","0","0","0","0","","1030","xenophoenix11","","0","0",""
"","1031","x86Havoc","","0","","1031","x86Havoc","","0","","1031","xYAgustinYx","","0","","1031","xu1zo","","0","","1031","wzrried","","0","0","0","0","","1031","XIIDeiveIIX","","0","0",""
"","1032","xantasies","","0","","1032","xantasies","","0","","1032","Y2oung","","0","","1032","XxFelipexX7w7","","0","","1032","x86Havoc","","0","0","0","0","","1032","Xorbanys","","0","0",""
"","1033","xaxors22","","0","","1033","xaxors22","","0","","1033","yakarll","","0","","1033","XxPrince_YxX","","0","","1033","xantasies","","0","0","0","0","","1033","Xsamuel_Doritos34","","0","0",""
"","1034","XIIDeiveIIX","","0","","1034","XIIDeiveIIX","","0","","1034","yehiamo","","0","","1034","xYAgustinYx","","0","","1034","xaxors22","","0","0","0","0","","1034","xtraXII","","0","0",""
"","1035","Xsamuel_Doritos34","","0","","1035","Xorbanys","","0","","1035","Ymazing1","","0","","1035","Y2oung","","0","","1035","xenophoenix11","","0","0","0","0","","1035","xu1zo","","0","0",""
"","1036","xtraXII","","0","","1036","Xsamuel_Doritos34","","0","","1036","Yordkxz","","0","","1036","yakarll","","0","","1036","XIIDeiveIIX","","0","0","0","0","","1036","XxFelipexX7w7","","0","0",""
"","1037","xu1zo","","0","","1037","xtraXII","","0","","1037","yossefessa","","0","","1037","yehiamo","","0","","1037","Xinersw","","0","0","0","0","","1037","XxPrince_YxX","","0","0",""
"","1038","XxFelipexX7w7","","0","","1038","xu1zo","","0","","1038","Younes_MPS","","0","","1038","Ymazing1","","0","","1038","Xsamuel_Doritos34","","0","0","0","0","","1038","xYAgustinYx","","0","0",""
"","1039","XxPrince_YxX","","0","","1039","XxFelipexX7w7","","0","","1039","youssavanier","","0","","1039","Yordkxz","","0","","1039","xtraXII","","0","0","0","0","","1039","Y2oung","","0","0",""
"","1040","xYAgustinYx","","0","","1040","XxPrince_YxX","","0","","1040","Yunami27X","","0","","1040","yossefessa","","0","","1040","xu1zo","","0","0","0","0","","1040","yakarll","","0","0",""
"","1041","Y2oung","","0","","1041","xYAgustinYx","","0","","1041","yuria1bertoo","","0","","1041","Younes_MPS","","0","","1041","XxFelipexX7w7","","0","0","0","0","","1041","yehiamo","","0","0",""
"","1042","yakarll","","0","","1042","Y2oung","","0","","1042","yuriocean","","0","","1042","youssavanier","","0","","1042","XxPrince_YxX","","0","0","0","0","","1042","Ymazing1","","0","0",""
"","1043","yehiamo","","0","","1043","yakarll","","0","","1043","YUUUUUUUUUURRl","","0","","1043","Yunami27X","","0","","1043","xYAgustinYx","","0","0","0","0","","1043","Yordkxz","","0","0",""
"","1044","Ymazing1","","0","","1044","yehiamo","","0","","1044","YZYTommy","","0","","1044","yuria1bertoo","","0","","1044","Y2oung","","0","0","0","0","","1044","yossefessa","","0","0",""
"","1045","Yordkxz","","0","","1045","Ymazing1","","0","","1045","z1noszn","","0","","1045","yuriocean","","0","","1045","yakarll","","0","0","0","0","","1045","Younes_MPS","","0","0",""
"","1046","yossefessa","","0","","1046","Yordkxz","","0","","1046","zackerzi","","0","","1046","YUUUUUUUUUURRl","","0","","1046","yehiamo","","0","0","0","0","","1046","youssavanier","","0","0",""
"","1047","Younes_MPS","","0","","1047","yossefessa","","0","","1047","zaketti","","0","","1047","YZYTommy","","0","","1047","Ymazing1","","0","0","0","0","","1047","Yunami27X","","0","0",""
"","1048","youssavanier","","0","","1048","Younes_MPS","","0","","1048","Zarkzos","","0","","1048","zackerzi","","0","","1048","Yordkxz","","0","0","0","0","","1048","yuria1bertoo","","0","0",""
"","1049","YUUUUUUUUUURRl","","0","","1049","youssavanier","","0","","1049","zeitano","","0","","1049","zaketti","","0","","1049","yossefessa","","0","0","0","0","","1049","YZYTommy","","0","0",""
"","1050","YZYTommy","","0","","1050","YUUUUUUUUUURRl","","0","","1050","zeizucoo","","0","","1050","Zarkzos","","0","","1050","Younes_MPS","","0","0","0","0","","1050","zackerzi","","0","0",""
"","1051","zackerzi","","0","","1051","YZYTommy","","0","","1051","zeqhyrin","","0","","1051","zeitano","","0","","1051","youssavanier","","0","0","0","0","","1051","zaketti","","0","0",""
"","1052","zaketti","","0","","1052","zackerzi","","0","","1052","zhegr0va","","0","","1052","zeizucoo","","0","","1052","YUUUUUUUUUURRl","","0","0","0","0","","1052","Zarkzos","","0","0",""
"","1053","Zarkzos","","0","","1053","zaketti","","0","","1053","Zinrall","","0","","1053","zhegr0va","","0","","1053","YZYTommy","","0","0","0","0","","1053","zeitano","","0","0",""
"","1054","zeizucoo","","0","","1054","Zarkzos","","0","","1054","Zl_Moren","","0","","1054","Zinrall","","0","","1054","zackerzi","","0","0","0","0","","1054","zeizucoo","","0","0",""
"","1055","zerix_360","","0","","1055","zerix_360","","0","","1055","zlatanbad","","0","","1055","Zl_Moren","","0","","1055","zaketti","","0","0","0","0","","1055","zerix_360","","0","0",""
"","1056","Zl_Moren","","0","","1056","zhegr0va","","0","","1056","ZodiacMat","","0","","1056","zlatanbad","","0","","1056","Zarkzos","","0","0","0","0","","1056","Zl_Moren","","0","0",""
"","1057","zlatanbad","","0","","1057","Zl_Moren","","0","","1057","Zoomical","","0","","1057","ZodiacMat","","0","","1057","zerix_360","","0","0","0","0","","1057","zlatanbad","","0","0",""
"","1058","ZodiacMat","","0","","1058","zlatanbad","","0","","1058","zSameki","","0","","1058","Zoomical","","0","","1058","Zl_Moren","","0","0","0","0","","1058","ZodiacMat","","0","0",""
"","1059","Zoomical","","0","","1059","Zoomical","","0","","1059","zyArthxr","","0","","1059","zSameki","","0","","1059","zlatanbad","","0","0","0","0","","1059","Zoomical","","0","0",""
"","1060","zSameki","","0","","1060","zSameki","","0","","1060","zynevii","","0","","1060","zyArthxr","","0","","1060","zSameki","","0","0","0","0","","1060","zSameki","","0","0",""
"","1061","Zynuei_x","","0","","1061","Zynuei_x","","0","","1061","Zynuei_x","","0","","1061","Zynuei_x","","0","","1061","Zynuei_x","","0","0","0","0","","1061","Zynuei_x","","0","0",""
"","1062","","","","","1062","","","","","1062","","","","","1062","","","","","1062","","","","","","","","1062","","","","",""