"","","","","","","","RESA SEASON 22 PLAYERSHEET ","","","","","",""," Rank X ","","","","","","","Mandatory RC ","","","","","","","","","","","","","","",""
"","","","","","X","8","","","|","","","ogb2","X","$117,500,000","","Juventus F.C","","Assistant","","Cleared","$146,875,000","","","","","","","","","","","England","Tottenham Hotspur","","",""
"","","","","","A","20","","","|","","","17shka","X","$117,500,000","","Arsenal F.C","","Player","","Cleared","$146,875,000","","Icon Signification","","","","","","","","","Peru","Manchester City","","",""
"","","","","","B","36","","","|","","","serrajordi22","X","$115,000,000","","Olympique Lyon","","Player","","Cleared","$143,750,000","","","Manager","","","","","","","","England","Chelsea F.C","","",""
"","","","","","C","121","","","|","","","Painshinratensei","X","$115,000,000","","Galatasaray","","Player","","Cleared","$143,750,000","","","","","","","","","","","Malaysia","Tottenham Hotspur","","",""
"","","","","","D","583","","","|","","","AngeIseek","X","$112,500,000","","Bayern Munich","","Assistant","","Cleared","$140,625,000","","","Assistant","","","","","","","","Serbia","Chelsea F.C","","",""
"","","","","","","","","","|","","","MFSHAD","X","$110,000,000","","Real Madrid C.F","","Player","","Cleared","$137,500,000","","","","","","","","","","","United States","Free Agent","","",""
"","","","","","","","","","|","","","ninjisso","X","$110,000,000","","Free Agent","","Player","","Cleared","$137,500,000","","","Player","","","","","","","","Wales","Inter Milan","","",""
"","","","","","","","","","|","","","MakeIeIe","X","$110,000,000","","AFC Ajax","","Player","","Cleared","$137,500,000","","","","","","","","","","","Portugal","Free Agent","","",""
"","","","","","TIER 1","","TIER 2","","|","","","Iisandroo","A","$90,000,000","","Napoli","","Assistant","","Cleared","$112,500,000","","","Cleared","","","","","","","","England","AC Milan","","",""
"","","","","X","1","0","X","","|","","","n5ves","A","$90,000,000","","Free Agent","","Player","","Cleared","$112,500,000","","","","","","","","","","","Denmark","Free Agent","","",""
"","","","","A","2","3","X","","|","","","seaIito","A","$90,000,000","","F.C Barcelona","","Player","","Cleared","$112,500,000","","","Red Card","","","","","","","","Argentina","Real Madrid C.F","","",""
"","","","","B","INF","","X","","|","","","ramonterrier","A","$90,000,000","","Inter Milan","","Assistant","","Cleared","$112,500,000","","","","","","","","","","","Brazil","Real Madrid C.F","","",""
"","","","","C","INF","","3","","|","","","Franksank2222","A","$85,000,000","","AFC Ajax","","Player","","Cleared","$106,250,000","","","","","","","","","","","Russia","Manchester United","","",""
"","","","","D","INF","","INF","","|","","","R1AL2TY","A","$85,000,000","","AFC Ajax","","Assistant","","Cleared","$106,250,000","","","","","","","","","","","Russia","Manchester United","","",""
"","","","","Value Budget","410M","","225M","","|","","","Jack924833","A","$85,000,000","","Bayern Munich","","Player","","Cleared","$106,250,000","","","","","","","","","","","England","Tottenham Hotspur","","",""
"","","","","","","","","","|","","","Iawestt22","A","$85,000,000","","Napoli","","Assistant","","Cleared","$106,250,000","","","","","","","","","","","England","AC Milan","","",""
"","","","","","","","","","|","","","4rkkz","A","$85,000,000","","Arsenal F.C","","Player","","Cleared","$106,250,000","","","","","","","","","","","England","Wolves","","",""
"","","","","","","","","","|","","","dannyvoetballer","A","$82,500,000","","Free Agent","","Player","","Cleared","$103,125,000","","","","","","","","","","","Netherlands","Free Agent","","",""
"","","","","","","","","","|","","","gingikel","A","$82,500,000","","Manchester City","","Player","","Cleared","$103,125,000","","","","","","","","","","","Portugal","Real Betis","","",""
"","","","","","","","","","|","","","nepzos","A","$82,500,000","","Free Agent","","Player","","Cleared","$103,125,000","","","","","","","","","","","United States","Inter Milan","","",""
"","","","","","","","","","|","","","xfibion","A","$82,500,000","","Free Agent","","Player","","Cleared","$103,125,000","","","","","","","","","","","Qatar","Marseille","","",""
"","","","","","","","","","|","","","SuIeex","A","$82,500,000","","F.C Barcelona","","Player","","Cleared","$103,125,000","","","","","","","","","","","Azerbaijan","Tottenham Hotspur","","",""
"","","","","","","","","","|","","","h2hvenom","A","$82,500,000","","Bayern Munich","","Assistant","","Cleared","$103,125,000","","","","","","","","","","","Hong Kong","Marseille","","",""
"","","","","","","","","","|","","","retenzu","A","$82,500,000","","Newcastle United","","Assistant","","Cleared","$103,125,000","","","","","","","","","","","England","Real Madrid C.F","","",""
"","","","","","","","","","|","","","fazaldo","A","$82,500,000","","Manchester City","","Assistant","","Cleared","$103,125,000","","","","","","","","","","","United States","AC Milan","","",""
"","","","","","","","","","|","","","Smokey3121","A","$82,500,000","","F.C Barcelona","","Assistant","","Cleared","$103,125,000","","","","","","","","","","","England","Real Madrid C.F","","",""
"","","","","","","","","","|","","","Zinrall","A","$82,500,000","","Olympique Lyon","","Player","","Cleared","$103,125,000","","","","","","","","","","","United States","AC Milan","","",""
"","","","","","","","","","|","","","RobertLewandowski38","A","$82,500,000","","Inter Milan","","Player","","Cleared","$103,125,000","","","","","","","","","","","England","Juventus F.C","","",""
"","","","","","","","","","|","","","phen5m","B","$62,500,000","","Juventus F.C","","Assistant","","Cleared","$78,125,000","","","","","","","","","","","England","Free Agent","","",""
"","","","","","","","","","|","","","pipojoelcrack","B","$62,500,000","","Real Madrid C.F","","Assistant","","Cleared","$78,125,000","","","","","","","","","","","Argentina","AS Monaco","","",""
"","","","","","","","","","|","","","ocelowski","B","$62,500,000","","Manchester City","","Player","","Cleared","$78,125,000","","","","","","","","","","","Poland","Chelsea F.C","","",""
"","","","","","","","","","|","","","toddzzj","B","$62,500,000","","Tottenham Hotspur","","Player","","Cleared","$78,125,000","","","","","","","","","","","Brazil","F.C Barcelona","","",""
"","","","","","","","","","|","","","luukzzy","B","$60,000,000","","Free Agent","","Player","","Cleared","$75,000,000","","","","","","","","","","","Argentina","Juventus F.C","","",""
"","","","","","","","","","|","","","eIultimo10","B","$60,000,000","","Juventus F.C","","Player","","Cleared","$75,000,000","","","","","","","","","","","Argentina","Manchester City","","",""
"","","","","","","","","","|","","","Behrazy","B","$60,000,000","","Juventus F.C","","Manager","","Cleared","$75,000,000","","","","","","","","","","","Denmark","Manchester City","","",""
"","","","","","","","","","|","","","MRDamDan","B","$60,000,000","","Newcastle United","","Player","","Cleared","$75,000,000","","","","","","","","","","","England","Chelsea F.C","","",""
"","","","","","","","","","|","","","Nazotiy","B","$60,000,000","","Napoli","","Assistant","","Cleared","$75,000,000","","","","","","","","","","","France","Manchester City","","",""
"","","","","","","","","","|","","","whereyoustayatoblock","B","$60,000,000","","Napoli","","Player","","Cleared","$75,000,000","","","","","","","","","","","France","Chelsea F.C","","",""
"","","","","","","","","","|","","","rokessi","B","$60,000,000","","Real Madrid C.F","","Assistant","","Cleared","$75,000,000","","","","","","","","","","","North Macedonia","AC Milan","","",""
"","","","","","","","","","|","","","moshu_q","B","$57,500,000","","Newcastle United","","Player","","Cleared","$71,875,000","","","","","","","","","","","Spain","Manchester City","","",""
"","","","","","","","","","|","","","h2handa","B","$57,500,000","","Tottenham Hotspur","","Player","","Cleared","$71,875,000","","","","","","","","","","","Portugal","Real Betis","","",""
"","","","","","","","","","|","","","Tonhowo","B","$57,500,000","","Free Agent","","Player","","Cleared","$71,875,000","","","","","","","","","","","Brazil","F.C Barcelona","","",""
"","","","","","","","","","|","","","smottii","B","$57,500,000","","Atletico Madrid","","Player","","Cleared","$71,875,000","","","","","","","","","","","Brazil","Inter Milan","","",""
"","","","","","","","","","|","","","amaddiallo_3d","B","$57,500,000","","Free Agent","","Player","","Cleared","$71,875,000","","","","","","","","","","","Saudi Arabia","Real Betis","","",""
"","","","","","","","","","|","","","GigoIsLigo","B","$57,500,000","","Newcastle United","","Player","","Cleared","$71,875,000","","","","","","","","","","","Latvia","Juventus F.C","","",""
"","","","","","","","","","|","","","Vsmaqq","B","$57,500,000","","Real Madrid C.F","","Player","","Cleared","$71,875,000","","","","","","","","","","","Argentina","AS Monaco","","",""
"","","","","","","","","","|","","","luisssssssssssssss_s","B","$57,500,000","","Olympique Lyon","","Player","","Cleared","$71,875,000","","","","","","","","","","","Spain","Free Agent","","",""
"","","","","","","","","","|","","","kentroya","B","$57,500,000","","Real Madrid C.F","","Manager","","Cleared","$71,875,000","","","","","","","","","","","Peru","Real Madrid C.F","","",""
"","","","","","","","","","|","","","Lazare67","B","$57,500,000","","F.C Barcelona","","Assistant","","Cleared","$71,875,000","","","","","","","","","","","Georgia","Manchester United","","",""
"","","","","","","","","","|","","","Idk_Scout","B","$55,000,000","","Paris Saint-Germain","","Player","","Cleared","$68,750,000","","","","","","","","","","","Spain","Liverpool F.C","","",""
"","","","","","","","","","|","","","irineudosparanaue","B","$55,000,000","","Inter Milan","","Player","","Cleared","$68,750,000","","","","","","","","","","","Brazil","Bayern Munich","","",""
"","","","","","","","","","|","","","havaIiyim","B","$55,000,000","","Galatasaray","","Player","","Cleared","$68,750,000","","","","","","","","","","","Turkey","Bayern Munich","","",""
"","","","","","","","","","|","","","y3pk0","B","$55,000,000","","Manchester United","","Player","","Cleared","$68,750,000","","","","","","","","","","","Colombia","Juventus F.C","","",""
"","","","","","","","","","|","","","thenotoriouscolo","B","$55,000,000","","Free Agent","","Player","","Cleared","$68,750,000","","","","","","","","","","","Colombia","Inter Milan","","",""
"","","","","","","","","","|","","","sir_aimbot012","B","$55,000,000","","Free Agent","","Player","","Game Banned","$68,750,000","","","","","","","","","","","Brazil","F.C Barcelona","","",""
"","","","","","","","","","|","","","weseewhatweseek","B","$55,000,000","","Paris Saint-Germain","","Player","","Cleared","$68,750,000","","","","","","","","","","","Spain","Manchester United","","",""
"","","","","","","","","","|","","","fernoyr","B","$55,000,000","","Galatasaray","","Player","","Cleared","$68,750,000","","","","","","","","","","","Saudi Arabia","Wolves","","",""
"","","","","","","","","","|","","","Pionieers","B","$55,000,000","","Free Agent","","Player","","Cleared","$68,750,000","","","","","","","","","","","Albania","Marseille","","",""
"","","","","","","","","","|","","","pooooooooooooer","B","$55,000,000","","Tottenham Hotspur","","Player","","Cleared","$68,750,000","","","","","","","","","","","Brazil","F.C Barcelona","","",""
"","","","","","","","","","|","","","Jekowski","B","$55,000,000","","Manchester City","","Player","","Cleared","$68,750,000","","","","","","","","","","","Poland","Free Agent","","",""
"","","","","","","","","","|","","","raahzaa","B","$55,000,000","","Inter Milan","","Player","","Cleared","$68,750,000","","","","","","","","","","","England","Real Betis","","",""
"","","","","","","","","","|","","","Justii_n","B","$55,000,000","","Free Agent","","Player","","Cleared","$68,750,000","","","","","","","","","","","United States","Inter Milan","","",""
"","","","","","","","","","|","","","HjaItee","B","$55,000,000","","Arsenal F.C","","Assistant","","Cleared","$68,750,000","","","","","","","","","","","Denmark","Marseille","","",""
"","","","","","","","","","|","","","bxskyy","B","$55,000,000","","Inter Milan","","Player","","Cleared","$68,750,000","","","","","","","","","","","Poland","Tottenham Hotspur","","",""
"","","","","","","","","","","","","","","","","","","","","","","","","","","","","","","","","","Liverpool F.C","","",""
"","","","","","","","","","|","","","aresefgod","C","$30,000,000","","Manchester City","","Player","","Cleared","$37,500,000","","","","","","","","","","","Poland","Chelsea F.C","","",""
"","","","","","","","","","|","","","ImnotarealBR","C","$30,000,000","","Olympique Lyon","","Player","","Cleared","$37,500,000","","","","","","","","","","","United States","Liverpool F.C","","",""
"","","","","","","","","","|","","","FR4AG","C","$30,000,000","","Bayern Munich","","Player","","Reserve","$37,500,000","","","","","","","","","","","Egypt","Wolves","","",""
"","","","","","","","","","|","","","FeltzGodXI","C","$30,000,000","","Free Agent","","Player","","Cleared","$37,500,000","","","","","","","","","","","Argentina","Manchester United","","",""
"","","","","","","","","","|","","","Iuczz","C","$30,000,000","","Free Agent","","Player","","Cleared","$37,500,000","","","","","","","","","","","Spain","Marseille","","",""
"","","","","","","","","","|","","","Mood_Ramos","C","$30,000,000","","Fiorentina","","Player","","Cleared","$37,500,000","","","","","","","","","","","United States","Wolves","","",""
"","","","","","","","","","|","","","asap_yuri","C","$30,000,000","","Arsenal F.C","","Player","","Cleared","$37,500,000","","","","","","","","","","","Brazil","Bayern Munich","","",""
"","","","","","","","","","|","","","parlayhunter","C","$30,000,000","","Free Agent","","Player","","Cleared","$37,500,000","","","","","","","","","","","England","PSV Eindhoven","","",""
"","","","","","","","","","|","","","z1noszn","C","$30,000,000","","Newcastle United","","Manager","","Cleared","$37,500,000","","","","","","","","","","","England","Real Madrid C.F","","",""
"","","","","","","","","","|","","","Syqxnzl","C","$30,000,000","","Arsenal F.C","","Player","","Cleared","$37,500,000","","","","","","","","","","","Brazil","Tottenham Hotspur","","",""
"","","","","","","","","","|","","","Ohinkzs","C","$30,000,000","","Feyenoord","","Player","","Cleared","$37,500,000","","","","","","","","","","","Brazil","AC Milan","","",""
"","","","","","","","","","|","","","filipcc12","C","$30,000,000","","Manchester United","","Player","","Cleared","$37,500,000","","","","","","","","","","","Slovakia","Real Madrid C.F","","",""
"","","","","","","","","","|","","","seaIita","C","$30,000,000","","F.C Barcelona","","Player","","Cleared","$37,500,000","","","","","","","","","","","Spain","Free Agent","","",""
"","","","","","","","","","|","","","rocha90","C","$30,000,000","","Galatasaray","","Player","","Cleared","$37,500,000","","","","","","","","","","","England","Free Agent","","",""
"","","","","","","","","","|","","","clumsythings","C","$30,000,000","","Viktoria Plzen","","Player","","Cleared","$37,500,000","","","","","","","","","","","Russia","Bayern Munich","","",""
"","","","","","","","","","|","","","22smok","C","$30,000,000","","Free Agent","","Player","","Cleared","$37,500,000","","","","","","","","","","","Israel","Juventus F.C","","",""
"","","","","","","","","","|","","","baIeutv","C","$30,000,000","","Olympique Lyon","","Assistant","","Cleared","$37,500,000","","","","","","","","","","","England","AC Milan","","",""
"","","","","","","","","","|","","","coolestwilliam","C","$30,000,000","","Free Agent","","Player","","Cleared","$37,500,000","","","","","","","","","","","England","Celtic F.C","","",""
"","","","","","","","","","|","","","naim_76","C","$30,000,000","","Free Agent","","Player","","Cleared","$37,500,000","","","","","","","","","","","France","Marseille","","",""
"","","","","","","","","","|","","","J_xsxlol","C","$30,000,000","","Atletico Madrid","","Player","","Cleared","$37,500,000","","","","","","","","","","","United States","PSV Eindhoven","","",""
"","","","","","","","","","|","","","luviesta","C","$30,000,000","","Fiorentina","","Assistant","","Cleared","$37,500,000","","","","","","","","","","","Egypt","Real Betis","","",""
"","","","","","","","","","|","","","Wintre7a","C","$30,000,000","","Free Agent","","Player","","Cleared","$37,500,000","","","","","","","","","","","Kuwait","Club Brugge","","",""
"","","","","","","","","","|","","","hjl","C","$30,000,000","","Free Agent","","Player","","Cleared","$37,500,000","","","","","","","","","","","United Arab Emirates","Juventus F.C","","",""
"","","","","","","","","","|","","","adifaveIa","C","$30,000,000","","Free Agent","","Player","","Cleared","$37,500,000","","","","","","","","","","","Poland","Marseille","","",""
"","","","","","","","","","|","","","tommy33gun","C","$30,000,000","","Free Agent","","Player","","Cleared","$37,500,000","","","","","","","","","","","Argentina","Marseille","","",""
"","","","","","","","","","|","","","reiulent","C","$30,000,000","","Napoli","","Player","","Cleared","$37,500,000","","","","","","","","","","","Egypt","Wolves","","",""
"","","","","","","","","","|","","","seitano","C","$30,000,000","","Fiorentina","","Player","","Cleared","$37,500,000","","","","","","","","","","","Serbia","Celtic F.C","","",""
"","","","","","","","","","|","","","spook3d","C","$30,000,000","","Rijeka","","Player","","Cleared","$37,500,000","","","","","","","","","","","Saudi Arabia","Wolves","","",""
"","","","","","","","","","|","","","LimiDantoneIIi","C","$30,000,000","","AFC Ajax","","Player","","Cleared","$37,500,000","","","","","","","","","","","Mexico","Dinamo Zagreb","","",""
"","","","","","","","","","|","","","JoaKoR15","C","$30,000,000","","SLB Benfica","","Player","","Cleared","$37,500,000","","","","","","","","","","","Argentina","F.C Barcelona","","",""
"","","","","","","","","","|","","","Carlorzei","C","$27,500,000","","Copenhagen","","Player","","Cleared","$34,375,000","","","","","","","","","","","United States","Bayern Munich","","",""
"","","","","","","","","","|","","","wonder08r","C","$27,500,000","","Bayern Munich","","Player","","Cleared","$34,375,000","","","","","","","","","","","South Korea","Paris FC","","",""
"","","","","","","","","","|","","","frieztaa","C","$27,500,000","","Galatasaray","","Manager","","Cleared","$34,375,000","","","","","","","","","","","Turkey","Liverpool F.C","","",""
"","","","","","","","","","|","","","t_osen","C","$27,500,000","","Free Agent","","Player","","Cleared","$34,375,000","","","","","","","","","","","Canada","Empoli","","",""
"","","","","","","","","","|","","","tafeljas","C","$27,500,000","","Viktoria Plzen","","Player","","Cleared","$34,375,000","","","","","","","","","","","Belgium","Paris FC","","",""
"","","","","","","","","","|","","","Wacheeenn","C","$27,500,000","","Tottenham Hotspur","","Player","","Cleared","$34,375,000","","","","","","","","","","","Argentina","F.C Barcelona","","",""
"","","","","","","","","","|","","","Rippxh","C","$27,500,000","","Partizan","","Assistant","","Cleared","$34,375,000","","","","","","","","","","","France","Manchester City","","",""
"","","","","","","","","","|","","","h2hlawaliet","C","$27,500,000","","Alaves","","Player","","Cleared","$34,375,000","","","","","","","","","","","Colombia","Club Brugge","","",""
"","","","","","","","","","|","","","h2hbuu","C","$27,500,000","","Napoli","","Manager","","Cleared","$34,375,000","","","","","","","","","","","England","Celtic F.C","","",""
"","","","","","","","","","|","","","BoldProdigy","C","$27,500,000","","Free Agent","","Player","","Cleared","$34,375,000","","","","","","","","","","","United States","Liverpool F.C","","",""
"","","","","","","","","","|","","","brickedthisdefense","C","$27,500,000","","Paris Saint-Germain","","Player","","Cleared","$34,375,000","","","","","","","","","","","Egypt","Marseille","","",""
"","","","","","","","","","|","","","Malik_Dan","C","$27,500,000","","Fiorentina","","Player","","Cleared","$34,375,000","","","","","","","","","","","England","Wolves","","",""
"","","","","","","","","","|","","","9_abd","C","$27,500,000","","Arsenal F.C","","Player","","Cleared","$34,375,000","","","","","","","","","","","Canada","Liverpool F.C","","",""
"","","","","","","","","","|","","","migueatp","C","$27,500,000","","Paris Saint-Germain","","Player","","Cleared","$34,375,000","","","","","","","","","","","Chile","BSC Young Boys","","",""
"","","","","","","","","","|","","","Jeremy_Zoku","C","$27,500,000","","Partizan","","Player","","Cleared","$34,375,000","","","","","","","","","","","England","Liverpool F.C","","",""
"","","","","","","","","","|","","","retinzu","C","$27,500,000","","Newcastle United","","Assistant","","Cleared","$34,375,000","","","","","","","","","","","England","AFC Ajax","","",""
"","","","","","","","","","|","","","icxdviq","C","$27,500,000","","Porto","","Assistant","","Cleared","$34,375,000","","","","","","","","","","","Egypt","Empoli","","",""
"","","","","","","","","","|","","","47Weirdo","C","$27,500,000","","Manchester United","","Player","","Cleared","$34,375,000","","","","","","","","","","","Argentina","NAC Breda","","",""
"","","","","","","","","","|","","","CriticalClip","C","$27,500,000","","SLB Benfica","","Player","","Cleared","$34,375,000","","","","","","","","","","","England","Borussia Dortmund","","",""
"","","","","","","","","","|","","","Uziuqq","C","$27,500,000","","Red Star Belgrade","","Player","","Cleared","$34,375,000","","","","","","","","","","","Poland","Borussia Dortmund","","",""
"","","","","","","","","","|","","","niovc","C","$27,500,000","","Manchester United","","Player","","Cleared","$34,375,000","","","","","","","","","","","Belgium","Bayern Munich","","",""
"","","","","","","","","","|","","","dsacszpro","C","$27,500,000","","Manchester United","","Manager","","Cleared","$34,375,000","","","","","","","","","","","Netherlands","Marseille","","",""
"","","","","","","","","","|","","","Vinxnyy","C","$27,500,000","","Fiorentina","","Player","","Cleared","$34,375,000","","","","","","","","","","","Morocco","AS Monaco","","",""
"","","","","","","","","","|","","","luisblox040909","C","$27,500,000","","Tottenham Hotspur","","Player","","Cleared","$34,375,000","","","","","","","","","","","Brazil","PSV Eindhoven","","",""
"","","","","","","","","","|","","","jakenaIdo","C","$27,500,000","","Go Ahead Eagles","","Player","","Cleared","$34,375,000","","","","","","","","","","","Portugal","Manchester City","","",""
"","","","","","","","","","|","","","feukmizi","C","$27,500,000","","Juventus F.C","","Player","","Cleared","$34,375,000","","","","","","","","","","","Poland","Liverpool F.C","","",""
"","","","","","","","","","|","","","jesuscrack50","C","$27,500,000","","Fiorentina","","Player","","Cleared","$34,375,000","","","","","","","","","","","Colombia","AS Monaco","","",""
"","","","","","","","","","|","","","bobobbobbobobbobo","C","$27,500,000","","Cfr Cluj","","Player","","Cleared","$34,375,000","","","","","","","","","","","England","Empoli","","",""
"","","","","","","","","","|","","","CrisstobaI","C","$25,000,000","","Free Agent","","Player","","Cleared","$31,250,000","","","","","","","","","","","Mexico","Real Betis","","",""
"","","","","","","","","","|","","","fIorianopolis","C","$25,000,000","","Manchester United","","Assistant","","Cleared","$31,250,000","","","","","","","","","","","Netherlands","Real Betis","","",""
"","","","","","","","","","|","","","nvneszn","C","$25,000,000","","Alaves","","Player","","SSN Ban","$31,250,000","","","","","","","","","","","Portugal","Hamrun Spartans","","",""
"","","","","","","","","","|","","","eviluded","C","$25,000,000","","Alaves","","Player","","Cleared","$31,250,000","","","","","","","","","","","Switzerland","Wolves","","",""
"","","","","","","","","","|","","","JoeIinton","C","$25,000,000","","Manchester City","","Manager","","Cleared","$31,250,000","","","","","","","","","","","England","Jagiellonia","","",""
"","","","","","","","","","|","","","11zrix","C","$25,000,000","","Arsenal F.C","","Manager","","Cleared","$31,250,000","","","","","","","","","","","England","Manchester United","","",""
"","","","","","","","","","|","","","xFixLeox","C","$25,000,000","","Jagiellonia","","Player","","Cleared","$31,250,000","","","","","","","","","","","Russia","Jagiellonia","","",""
"","","","","","","","","","|","","","swmkt3iga","C","$25,000,000","","Paris Saint-Germain","","Assistant","","Cleared","$31,250,000","","","","","","","","","","","Russia","F.C Barcelona","","",""
"","","","","","","","","","|","","","IrnJoseph","C","$25,000,000","","Jagiellonia","","Assistant","","Cleared","$31,250,000","","","","","","","","","","","Denmark","Bayern Munich","","",""
"","","","","","","","","","|","","","Cycle_Youtub","C","$25,000,000","","Fiorentina","","Player","","Cleared","$31,250,000","","","","","","","","","","","South Korea","AFC Ajax","","",""
"","","","","","","","","","|","","","p9eng","C","$25,000,000","","Tottenham Hotspur","","Player","","Cleared","$31,250,000","","","","","","","","","","","England","Fenerbahçe","","",""
"","","","","","","","","","|","","","LucasBergvaII","C","$25,000,000","","AC Milan","","Player","","Cleared","$31,250,000","","","","","","","","","","","Sweden","Borussia Dortmund","","",""
"","","","","","","","","","|","","","Memorientes","C","$25,000,000","","Atletico Madrid","","Player","","Cleared","$31,250,000","","","","","","","","","","","Turkey","Borussia Dortmund","","",""
"","","","","","","","","","|","","","ryanchiatto","C","$25,000,000","","Dinamo Zagreb","","Manager","","Cleared","$31,250,000","","","","","","","","","","","Chile","Borussia Dortmund","","",""
"","","","","","","","","","|","","","mathztical","C","$25,000,000","","Tottenham Hotspur","","Manager","","Cleared","$31,250,000","","","","","","","","","","","Brazil","NAC Breda","","",""
"","","","","","","","","","|","","","dr_gba","C","$25,000,000","","Go Ahead Eagles","","Assistant","","Cleared","$31,250,000","","","","","","","","","","","England","Juventus F.C","","",""
"","","","","","","","","","|","","","5nzofernandezz","C","$25,000,000","","Hearts","","Player","","Cleared","$31,250,000","","","","","","","","","","","England","F.C Barcelona","","",""
"","","","","","","","","","|","","","J4kovic","C","$25,000,000","","Manchester United","","Player","","Cleared","$31,250,000","","","","","","","","","","","Croatia","Paris FC","","",""
"","","","","","","","","","|","","","AlessandroBastonii","C","$25,000,000","","Inter Milan","","Manager","","Cleared","$31,250,000","","","","","","","","","","","Wales","Fenerbahçe","","",""
"","","","","","","","","","|","","","svenzio","C","$25,000,000","","AC Milan","","Assistant","","Cleared","$31,250,000","","","","","","","","","","","France","Inter Milan","","",""
"","","","","","","","","","|","","","IOnlySuat","C","$25,000,000","","Viktoria Plzen","","Player","","Cleared","$31,250,000","","","","","","","","","","","Turkey","BSC Young Boys","","",""
"","","","","","","","","","|","","","alyvz7","C","$25,000,000","","Atletico Madrid","","Player","","Cleared","$31,250,000","","","","","","","","","","","Brazil","F.C Barcelona","","",""
"","","","","","","","","","|","","","emceblantakrece","C","$25,000,000","","Newcastle United","","Player","","Cleared","$31,250,000","","","","","","","","","","","Poland","Fenerbahçe","","",""
"","","","","","","","","","|","","","serekIover","C","$25,000,000","","Newcastle United","","Player","","Cleared","$31,250,000","","","","","","","","","","","Spain","Borussia Dortmund","","",""
"","","","","","","","","","|","","","IDavidLIII","C","$25,000,000","","Porto","","Manager","","Cleared","$31,250,000","","","","","","","","","","","Colombia","Borussia Dortmund","","",""
"","","","","","","","","","|","","","berbatoov","C","$25,000,000","","Club Brugge","","Manager","","Cleared","$31,250,000","","","","","","","","","","","Azerbaijan","Fenerbahçe","","",""
"","","","","","","","","","|","","","nikdinii","C","$25,000,000","","Atletico Madrid","","Player","","Cleared","$31,250,000","","","","","","","","","","","Serbia","Manchester United","","",""
"","","","","","","","","","|","","","ElChinoShob","C","$25,000,000","","Fiorentina","","Player","","Cleared","$31,250,000","","","","","","","","","","","United States","Free Agent","","",""
"","","","","","","","","","|","","","saudezo","C","$25,000,000","","Fiorentina","","Player","","Cleared","$31,250,000","","","","","","","","","","","Turkey","RB Salzburg","","",""
"","","","","","","","","","|","","","Helziy","C","$25,000,000","","Dinamo Zagreb","","Player","","Cleared","$31,250,000","","","","","","","","","","","Turkey","Real Madrid C.F","","",""
"","","","","","","","","","|","","","pomidorek20007","C","$22,500,000","","Red Star Belgrade","","Player","","Cleared","$28,125,000","","","","","","","","","","","Poland","Free Agent","","",""
"","","","","","","","","","|","","","IILowkeyXI","C","$22,500,000","","Free Agent","","Player","","Cleared","$28,125,000","","","","","","","","","","","England","RB Salzburg","","",""
"","","","","","","","","","|","","","cunaamiflow","C","$22,500,000","","Free Agent","","Player","","Cleared","$28,125,000","","","","","","","","","","","North Macedonia","Bayer Leverkusen","","",""
"","","","","","","","","","|","","","s2Iah","C","$22,500,000","","Bayern Munich","","Player","","Cleared","$28,125,000","","","","","","","","","","","Northern Ireland","Wolves","","",""
"","","","","","","","","","|","","","zeqhyrin","C","$22,500,000","","Manchester City","","Player","","Cleared","$28,125,000","","","","","","","","","","","Brazil","Bayern Munich","","",""
"","","","","","","","","","|","","","isaque123456677","C","$22,500,000","","Free Agent","","Player","","Cleared","$28,125,000","","","","","","","","","","","Brazil","Free Agent","","",""
"","","","","","","","","","|","","","ilIshootyou","C","$22,500,000","","Free Agent","","Player","","Cleared","$28,125,000","","","","","","","","","","","England","Hajduk Split","","",""
"","","","","","","","","","|","","","KosovoolsAlbania","C","$22,500,000","","Partizan","","Manager","","Cleared","$28,125,000","","","","","","","","","","","United States","Pafos FC","","",""
"","","","","","","","","","|","","","Boo4935","C","$22,500,000","","Fiorentina","","Player","","Cleared","$28,125,000","","","","","","","","","","","Israel","Inter Milan","","",""
"","","","","","","","","","|","","","vadimkapolyakov","C","$22,500,000","","Free Agent","","Player","","Cleared","$28,125,000","","","","","","","","","","","Russia","AS Monaco","","",""
"","","","","","","","","","|","","","backyardmillie","C","$22,500,000","","Free Agent","","Player","","Cleared","$28,125,000","","","","","","","","","","","France","Borussia Dortmund","","",""
"","","","","","","","","","|","","","ESTISAWESOMEEE","C","$22,500,000","","Rijeka","","Manager","","Game Banned","$28,125,000","","","","","","","","","","","Canada","Club Brugge","","",""
"","","","","","","","","","|","","","Gameomg_RBLX","C","$22,500,000","","Free Agent","","Player","","Cleared","$28,125,000","","","","","","","","","","","Denmark","Bayern Munich","","",""
"","","","","","","","","","|","","","gabipagabo3000","C","$22,500,000","","Feyenoord","","Loan Out","","Cleared","$28,125,000","","","","","","","","","","","Spain","Liverpool F.C","","",""
"","","","","","","","","","|","","","galozzyy","C","$22,500,000","","Tottenham Hotspur","","Assistant","","Cleared","$28,125,000","","","","","","","","","","","Brazil","Pafos FC","","",""
"","","","","","","","","","|","","","Synksx","C","$22,500,000","","Olympiacos","","Loan Out","","Cleared","$28,125,000","","","","","","","","","","","Brazil","Jagiellonia","","",""
"","","","","","","","","","|","","","jetixpro","C","$22,500,000","","AC Milan","","Player","","Cleared","$28,125,000","","","","","","","","","","","Peru","PSV Eindhoven","","",""
"","","","","","","","","","|","","","spider_jr23","C","$22,500,000","","Porto","","Player","","Cleared","$28,125,000","","","","","","","","","","","Croatia","Sporting CP","","",""
"","","","","","","","","","|","","","Carlosgarvar","C","$22,500,000","","Napoli","","Player","","Cleared","$28,125,000","","","","","","","","","","","Peru","Jagiellonia","","",""
"","","","","","","","","","|","","","D4njumaa","C","$22,500,000","","Jagiellonia","","Assistant","","Cleared","$28,125,000","","","","","","","","","","","Poland","Celtic F.C","","",""
"","","","","","","","","","|","","","flaandre_scarlet","C","$22,500,000","","Hearts","","Player","","Cleared","$28,125,000","","","","","","","","","","","Russia","Sporting CP","","",""
"","","","","","","","","","|","","","lubauti04","C","$22,500,000","","Olympiacos","","Assistant","","Cleared","$28,125,000","","","","","","","","","","","Argentina","Free Agent","","",""
"","","","","","","","","","|","","","Igor_Akinfeev35","C","$22,500,000","","Hearts","","Player","","Cleared","$28,125,000","","","","","","","","","","","Kazakhstan","Free Agent","","",""
"","","","","","","","","","|","","","sebasdeleon","C","$22,500,000","","Free Agent","","Player","","Game Banned","$28,125,000","","","","","","","","","","","Mexico","NAC Breda","","",""
"","","","","","","","","","|","","","JONHCENA38","C","$22,500,000","","Olympiacos","","Manager","","Cleared","$28,125,000","","","","","","","","","","","Canada","Sporting CP","","",""
"","","","","","","","","","|","","","mokilkopop","C","$22,500,000","","Basel","","Player","","Cleared","$28,125,000","","","","","","","","","","","Ukraine","Chelsea F.C","","",""
"","","","","","","","","","|","","","IIJake_XI","C","$22,500,000","","Free Agent","","Player","","Cleared","$28,125,000","","","","","","","","","","","England","Sporting CP","","",""
"","","","","","","","","","","","","UberLeo","C","$22,500,000","","Red Star Belgrade","","Player","","Cleared","$28,125,000","","","","","","","","","","","Croatia","","","",""
"","","","","","","","","","","","","verlaon","C","$22,500,000","","AC Milan","","Player","","Cleared","$28,125,000","","","","","","","","","","","Turkey","","","",""
"","","","","","","","","","|","","","baconltoo","C","$22,500,000","","Feyenoord","","Player","","Cleared","$28,125,000","","","","","","","","","","","Curacao","Free Agent","","",""
"","","","","","","","","","|","","","emredoku","C","$22,500,000","","AFC Ajax","","Player","","Cleared","$28,125,000","","","","","","","","","","","Turkey","Club Brugge","","",""
"","","","","","","","","","|","","","NeoxRodriguez","C","$22,500,000","","Paris Saint-Germain","","Manager","","Cleared","$28,125,000","","","","","","","","","","","Spain","Hajduk Split","","",""
"","","","","","","","","","|","","","aayankhan123","C","$22,500,000","","Newcastle United","","Player","","Cleared","$28,125,000","","","","","","","","","","","England","Real Betis","","",""
"","","","","","","","","","|","","","COOKEDBYDANNY","D","$12,500,000","","Olympique Lyon","","Manager","","Cleared","$15,625,000","","","","","","","","","","","Scotland","Free Agent","","",""
"","","","","","","","","","|","","","Badsiq","D","$12,500,000","","Atletico Madrid","","Assistant","","Cleared","$15,625,000","","","","","","","","","","","England","Free Agent","","",""
"","","","","","","","","","|","","","uncbenny","D","$12,500,000","","Free Agent","","Player","","Cleared","$15,625,000","","","","","","","","","","","United States","Free Agent","","",""
"","","","","","","","","","|","","","dakibo","D","$12,500,000","","Alaves","","Player","","Cleared","$15,625,000","","","","","","","","","","","Serbia","Bayern Munich","","",""
"","","","","","","","","","|","","","BIoxinhooo","D","$12,500,000","","Galatasaray","","Player","","Cleared","$15,625,000","","","","","","","","","","","Portugal","Real Madrid C.F","","",""
"","","","","","","","","","|","","","FIazingArrow","D","$12,500,000","","Fiorentina","","Player","","SSN Ban","$15,625,000","","","","","","","","","","","United States","AS Monaco","","",""
"","","","","","","","","","|","","","talk2themoney","D","$12,500,000","","Manchester City","","Player","","Cleared","$15,625,000","","","","","","","","","","","Turkey","Paris FC","","",""
"","","","","","","","","","|","","","Santiago813","D","$12,500,000","","Free Agent","","Player","","Cleared","$15,625,000","","","","","","","","","","","Colombia","Real Madrid C.F","","",""
"","","","","","","","","","|","","","Stephano_093 ","D","$12,500,000","","Cfr Cluj","","Player","","Cleared","$15,625,000","","","","","","","","","","","Peru","Liverpool F.C","","",""
"","","","","","","","","","|","","","firesinan","D","$12,500,000","","Atletico Madrid","","Assistant","","Cleared","$15,625,000","","","","","","","","","","","Sweden","Bayer Leverkusen","","",""
"","","","","","","","","","|","","","winchestersrb","D","$12,500,000","","Paris Saint-Germain","","Player","","Cleared","$15,625,000","","","","","","","","","","","Serbia","Dinamo Zagreb","","",""
"","","","","","","","","","|","","","LucianElCorte","D","$12,500,000","","Arsenal F.C","","Player","","Cleared","$15,625,000","","","","","","","","","","","Chile","Free Agent","","",""
"","","","","","","","","","|","","","Cerueno","D","$12,500,000","","Viktoria Plzen","","Player","","Cleared","$15,625,000","","","","","","","","","","","South Korea","Free Agent","","",""
"","","","","","","","","","|","","","ronaIddoo","D","$12,500,000","","Free Agent","","Player","","Cleared","$15,625,000","","","","","","","","","","","France","Free Agent","","",""
"","","","","","","","","","|","","","Tupapachiro","D","$12,500,000","","Real Madrid C.F","","Player","","Cleared","$15,625,000","","","","","","","","","","","Peru","RB Salzburg","","",""
"","","","","","","","","","|","","","Merknazer","D","$12,500,000","","Dinamo Zagreb","","Player","","Cleared","$15,625,000","","","","","","","","","","","Brazil","BSC Young Boys","","",""
"","","","","","","","","","|","","","hellbIaza","D","$12,500,000","","Hamrun Spartans","","Player","","Cleared","$15,625,000","","","","","","","","","","","Malaysia","AC Milan","","",""
"","","","","","","","","","|","","","dabillingham","D","$12,500,000","","Rijeka","","Player","","Cleared","$15,625,000","","","","","","","","","","","United States","AFC Ajax","","",""
"","","","","","","","","","|","","","jakub8278","D","$12,500,000","","Partizan","","Player","","Cleared","$15,625,000","","","","","","","","","","","United States","Borussia Dortmund","","",""
"","","","","","","","","","|","","","toni52hoho","D","$12,500,000","","Jagiellonia","","Player","","Cleared","$15,625,000","","","","","","","","","","","Serbia","F.C Barcelona","","",""
"","","","","","","","","","|","","","selamlarYng","D","$12,500,000","","AFC Ajax","","Player","","Cleared","$15,625,000","","","","","","","","","","","Turkey","Empoli","","",""
"","","","","","","","","","|","","","BieI_1O","D","$12,500,000","","Olympiacos","","Player","","Cleared","$15,625,000","","","","","","","","","","","Brazil","Free Agent","","",""
"","","","","","","","","","|","","","asiturkic","D","$12,500,000","","Manchester United","","Player","","Cleared","$15,625,000","","","","","","","","","","","Germany","NAC Breda","","",""
"","","","","","","","","","|","","","zynevii","D","$12,500,000","","Manchester United","","Player","","Cleared","$15,625,000","","","","","","","","","","","Spain","Free Agent","","",""
"","","","","","","","","","|","","","yuria1bertoo","D","$12,500,000","","Hearts","","Assistant","","Cleared","$15,625,000","","","","","","","","","","","Brazil","Free Agent","","",""
"","","","","","","","","","|","","","CanceIooo","D","$12,500,000","","Atletico Madrid","","Player","","Cleared","$15,625,000","","","","","","","","","","","Peru","Free Agent","","",""
"","","","","","","","","","|","","","88jorgebask","D","$12,500,000","","Free Agent","","Player","","Cleared","$15,625,000","","","","","","","","","","","Brazil","Free Agent","","",""
"","","","","","","","","","|","","","bauti38err","D","$12,500,000","","SLB Benfica","","Player","","Cleared","$15,625,000","","","","","","","","","","","Argentina","BSC Young Boys","","",""
"","","","","","","","","","|","","","gothlucent","D","$12,500,000","","F.C Barcelona","","Player","","Cleared","$15,625,000","","","","","","","","","","","Brazil","Dinamo Zagreb","","",""
"","","","","","","","","","|","","","Lasseboss","D","$12,500,000","","Juventus F.C","","Player","","Cleared","$15,625,000","","","","","","","","","","","Denmark","Empoli","","",""
"","","","","","","","","","|","","","essskettiitt","D","$12,500,000","","Free Agent","","Player","","Cleared","$15,625,000","","","","","","","","","","","Ukraine","Inter Milan","","",""
"","","","","","","","","","|","","","uazeed","D","$12,500,000","","Free Agent","","Player","","Cleared","$15,625,000","","","","","","","","","","","United States","Empoli","","",""
"","","","","","","","","","|","","","BulutKrh52","D","$12,500,000","","SLB Benfica","","Player","","Cleared","$15,625,000","","","","","","","","","","","Turkey","PSV Eindhoven","","",""
"","","","","","","","","","|","","","mete8341","D","$12,500,000","","Free Agent","","Player","","Cleared","$15,625,000","","","","","","","","","","","Turkey","Free Agent","","",""
"","","","","","","","","","|","","","maraztyy","D","$12,500,000","","Club Brugge","","Player","","SSN Ban","$15,625,000","","","","","","","","","","","Portugal","Bayer Leverkusen","","",""
"","","","","","","","","","|","","","DragonTwisterSword","D","$12,500,000","","Free Agent","","Player","","Cleared","$15,625,000","","","","","","","","","","","Singapore","NAC Breda","","",""
"","","","","","","","","","|","","","origamiempresss","D","$12,500,000","","Rijeka","","Assistant","","Cleared","$15,625,000","","","","","","","","","","","United States","Free Agent","","",""
"","","","","","","","","","|","","","HittaPungaMo","D","$12,500,000","","Partizan","","Player","","Reserve","$15,625,000","","","","","","","","","","","England","Liverpool F.C","","",""
"","","","","","","","","","|","","","GokuSSGSS323","D","$12,500,000","","Feyenoord","","Player","","Cleared","$15,625,000","","","","","","","","","","","Peru","Fenerbahçe","","",""
"","","","","","","","","","|","","","vroqun","D","$12,500,000","","Hearts","","Player","","Cleared","$15,625,000","","","","","","","","","","","Turkey","Empoli","","",""
"","","","","","","","","","|","","","cynosn","D","$12,500,000","","Dinamo Zagreb","","Player","","Cleared","$15,625,000","","","","","","","","","","","England","AS Monaco","","",""
"","","","","","","","","","|","","","machivelliant","D","$12,500,000","","Viktoria Plzen","","Assistant","","Cleared","$15,625,000","","","","","","","","","","","Iceland","Sporting CP","","",""
"","","","","","","","","","|","","","hutyrr","D","$12,500,000","","Hamrun Spartans","","Player","","Cleared","$15,625,000","","","","","","","","","","","Spain","PSV Eindhoven","","",""
"","","","","","","","","","|","","","bielsjbss","D","$12,500,000","","12500000","","Player","","Cleared","$15,625,000","","","","","","","","","","","Brazil","Borussia Dortmund","","",""
"","","","","","","","","","|","","","jossuethebest12","D","$12,500,000","","Red Star Belgrade","","Player","","Cleared","$15,625,000","","","","","","","","","","","Netherlands","Marseille","","",""
"","","","","","","","","","|","","","Artishpro31","D","$12,500,000","","Free Agent","","Player","","Cleared","$15,625,000","","","","","","","","","","","Turkey","Juventus F.C","","",""
"","","","","","","","","","|","","","UchihaGen4ik","D","$12,500,000","","Juventus F.C","","Player","","Cleared","$15,625,000","","","","","","","","","","","Russia","AC Milan","","",""
"","","","","","","","","","|","","","ActuaIlyPsi","D","$12,500,000","","Alaves","","Player","","Cleared","$15,625,000","","","","","","","","","","","Poland","Free Agent","","",""
"","","","","","","","","","|","","","mintrezaa","D","$12,500,000","","Porto","","Player","","Cleared","$15,625,000","","","","","","","","","","","Colombia","RB Leipzig","","",""
"","","","","","","","","","|","","","nsuo456","D","$12,500,000","","Real Madrid C.F","","Player","","Cleared","$15,625,000","","","","","","","","","","","Peru","Free Agent","","",""
"","","","","","","","","","|","","","0_7Crazy","D","$12,500,000","","Olympiacos","","Player","","Cleared","$15,625,000","","","","","","","","","","","Peru","Manchester United","","",""
"","","","","","","","","","|","","","MartinaIkishima","D","$12,500,000","","AC Milan","","Manager","","Cleared","$15,625,000","","","","","","","","","","","Colombia","AS Monaco","","",""
"","","","","","","","","","|","","","stefiscoco","D","$12,500,000","","SLB Benfica","","Player","","Cleared","$15,625,000","","","","","","","","","","","Netherlands","Bayern Munich","","",""
"","","","","","","","","","|","","","lau5da","D","$12,500,000","","Juventus F.C","","Player","","Cleared","$15,625,000","","","","","","","","","","","England","F.C Barcelona","","",""
"","","","","","","","","","|","","","ZodiacMat","D","$12,500,000","","Arsenal F.C","","Player","","Cleared","$15,625,000","","","","","","","","","","","England","Free Agent","","",""
"","","","","","","","","","|","","","kyubbz","D","$12,500,000","","Free Agent","","Player","","Cleared","$15,625,000","","","","","","","","","","","Trinidad and Tobago","AS Monaco","","",""
"","","","","","","","","","|","","","puyafon","D","$12,500,000","","Free Agent","","Player","","Cleared","$15,625,000","","","","","","","","","","","Portugal","Sporting CP","","",""
"","","","","","","","","","|","","","WindyBye","D","$12,500,000","","Alaves","","Player","","Cleared","$15,625,000","","","","","","","","","","","Portugal","RB Salzburg","","",""
"","","","","","","","","","|","","","kapshr","D","$12,500,000","","Tottenham Hotspur","","Player","","Cleared","$15,625,000","","","","","","","","","","","Estonia","Paris FC","","",""
"","","","","","","","","","|","","","lastviolin","D","$12,500,000","","Basel","","Player","","Cleared","$15,625,000","","","","","","","","","","","Ukraine","Jagiellonia","","",""
"","","","","","","","","","|","","","Uzilus","D","$12,500,000","","Atletico Madrid","","Manager","","Cleared","$15,625,000","","","","","","","","","","","England","Juventus F.C","","",""
"","","","","","","","","","|","","","POLSKAFUTBOL","D","$12,500,000","","Arsenal F.C","","Player","","Cleared","$15,625,000","","","","","","","","","","","United States","NAC Breda","","",""
"","","","","","","","","","|","","","lolololol1264","D","$12,500,000","","Paris Saint-Germain","","Player","","Cleared","$15,625,000","","","","","","","","","","","Canada","Free Agent","","",""
"","","","","","","","","","|","","","maImerrr","D","$12,500,000","","Free Agent","","Player","","Cleared","$15,625,000","","","","","","","","","","","Indonesia","Sporting CP","","",""
"","","","","","","","","","|","","","zackerzi","D","$12,500,000","","Free Agent","","Player","","Cleared","$12,500,000","","","","","","","","","","","Spain","Free Agent","","",""
"","","","","","","","","","|","","","ML_Raul","D","$12,500,000","","Dinamo Zagreb","","Player","","Cleared","$15,625,000","","","","","","","","","","","Argentina","Celtic F.C","","",""
"","","","","","","","","","|","","","IvanLescanito","D","$12,500,000","","SLB Benfica","","Player","","Lifeban","$15,625,000","","","","","","","","","","","Argentina","Tottenham Hotspur","","",""
"","","","","","","","","","|","","","CaioDoRoblox","D","$12,500,000","","Tottenham Hotspur","","Loan Out","","Cleared","$15,625,000","","","","","","","","","","","Brazil","Hajduk Split","","",""
"","","","","","","","","","|","","","AitNourii","D","$12,500,000","","AFC Ajax","","Player","","Cleared","$15,625,000","","","","","","","","","","","Algeria","Paris FC","","",""
"","","","","","","","","","|","","","vankue","D","$12,500,000","","Jagiellonia","","Player","","Cleared","$15,625,000","","","","","","","","","","","Poland","AC Milan","","",""
"","","","","","","","","","|","","","lGotNoWifi","D","$12,500,000","","Hamrun Spartans","","Player","","Cleared","$15,625,000","","","","","","","","","","","Argentina","Club Brugge","","",""
"","","","","","","","","","|","","","RayenITAMaster","D","$12,500,000","","Basel","","Player","","Cleared","$15,625,000","","","","","","","","","","","Italy","Club Brugge","","",""
"","","","","","","","","","|","","","rosalocalover","D","$12,500,000","","Free Agent","","Player","","Cleared","$15,625,000","","","","","","","","","","","England","BSC Young Boys","","",""
"","","","","","","","","","|","","","ezemateo04","D","$12,500,000","","Olympiacos","","Assistant","","Cleared","$15,625,000","","","","","","","","","","","Argentina","Free Agent","","",""
"","","","","","","","","","|","","","Xenizyn","D","$12,500,000","","Atletico Madrid","","Player","","Cleared","$15,625,000","","","","","","","","","","","Canada","Free Agent","","",""
"","","","","","","","","","|","","","aknicc","D","$12,500,000","","Dinamo Zagreb","","Player","","Cleared","$15,625,000","","","","","","","","","","","Argentina","Hajduk Split","","",""
"","","","","","","","","","|","","","youngvampmikey","D","$12,500,000","","Bayern Munich","","Manager","","Cleared","$15,625,000","","","","","","","","","","","England","Inter Milan","","",""
"","","","","","","","","","|","","","Xotziq","D","$12,500,000","","Free Agent","","Player","","Cleared","$15,625,000","","","","","","","","","","","Singapore","Hamrun Spartans","","",""
"","","","","","","","","","|","","","lsmiAli","D","$12,500,000","","Jagiellonia","","Player","","Cleared","$15,625,000","","","","","","","","","","","France","Inter Milan","","",""
"","","","","","","","","","|","","","IIRushXI","D","$12,500,000","","Napoli","","Player","","Cleared","$15,625,000","","","","","","","","","","","Belgium","PSV Eindhoven","","",""
"","","","","","","","","","|","","","NikeBRvip10","D","$12,500,000","","Jagiellonia","","Player","","Cleared","$15,625,000","","","","","","","","","","","Brazil","Manchester United","","",""
"","","","","","","","","","|","","","Mavivonoeu","D","$12,500,000","","SLB Benfica","","Player","","Cleared","$15,625,000","","","","","","","","","","","Brazil","RB Salzburg","","",""
"","","","","","","","","","|","","","gussjrr","D","$12,500,000","","Free Agent","","Player","","Cleared","$15,625,000","","","","","","","","","","","Venezuela","F.C Barcelona","","",""
"","","","","","","","","","|","","","Clinicality","D","$12,500,000","","Rijeka","","Player","","Cleared","$15,625,000","","","","","","","","","","","Ireland","BSC Young Boys","","",""
"","","","","","","","","","|","","","zSameki","D","$12,500,000","","Atletico Madrid","","Player","","Cleared","$15,625,000","","","","","","","","","","","Italy","Pafos FC","","",""
"","","","","","","","","","|","","","Barellinho","D","$12,500,000","","Free Agent","","Player","","Cleared","$15,625,000","","","","","","","","","","","Italy","Jagiellonia","","",""
"","","","","","","","","","|","","","youssavanier","D","$12,500,000","","Atletico Madrid","","Player","","Cleared","$15,625,000","","","","","","","","","","","Egypt","Celtic F.C","","",""
"","","","","","","","","","|","","","ItchyLfc2005","D","$12,500,000","","Hamrun Spartans","","Manager","","Cleared","$15,625,000","","","","","","","","","","","Ireland","Liverpool F.C","","",""
"","","","","","","","","","|","","","weitano","D","$12,500,000","","Free Agent","","Player","","Cleared","$15,625,000","","","","","","","","","","","United States","Club Brugge","","",""
"","","","","","","","","","|","","","a9lire","D","$12,500,000","","Porto","","Player","","Cleared","$15,625,000","","","","","","","","","","","Egypt","Inter Milan","","",""
"","","","","","","","","","|","","","Danilawolk0867","D","$12,500,000","","Free Agent","","Player","","Cleared","$15,625,000","","","","","","","","","","","Russia","Union Saint-Gilloise","","",""
"","","","","","","","","","|","","","6xmwa","D","$12,500,000","","Red Star Belgrade","","Manager","","Cleared","$15,625,000","","","","","","","","","","","Poland","Juventus F.C","","",""
"","","","","","","","","","|","","","danie1879","D","$12,500,000","","Cfr Cluj","","Player","","Cleared","$15,625,000","","","","","","","","","","","Chile","Rangers F.C","","",""
"","","","","","","","","","|","","","Johnteky","D","$12,500,000","","Cfr Cluj","","Assistant","","Cleared","$15,625,000","","","","","","","","","","","Brazil","Dinamo Zagreb","","",""
"","","","","","","","","","|","","","WebHac","D","$12,500,000","","Free Agent","","Player","","Cleared","$15,625,000","","","","","","","","","","","Colombia","AC Milan","","",""
"","","","","","","","","","|","","","TheUnknownDog1","D","$12,500,000","","Jagiellonia","","Player","","Cleared","$15,625,000","","","","","","","","","","","Bosnia and Herzegovina","Inter Milan","","",""
"","","","","","","","","","|","","","whitetiger1912","D","$12,500,000","","Free Agent","","Player","","Cleared","$15,625,000","","","","","","","","","","","Costa Rica","Real Madrid C.F","","",""
"","","","","","","","","","|","","","aconi5basket","D","$12,500,000","","Hearts","","Player","","Cleared","$15,625,000","","","","","","","","","","","Serbia","Hajduk Split","","",""
"","","","","","","","","","|","","","ElMorfadorDeChoripan","D","$12,500,000","","Cfr Cluj","","Assistant","","Cleared","$15,625,000","","","","","","","","","","","Argentina","Dinamo Zagreb","","",""
"","","","","","","","","","|","","","BanMeLmao","D","$12,500,000","","Alaves","","Player","","Cleared","$15,625,000","","","","","","","","","","","Bosnia and Herzegovina","Tottenham Hotspur","","",""
"","","","","","","","","","|","","","adruzo","D","$12,500,000","","Free Agent","","Player","","Cleared","$15,625,000","","","","","","","","","","","Belgium","Celtic F.C","","",""
"","","","","","","","","","|","","","stormseyecontractor","D","$12,500,000","","Porto","","Player","","Cleared","$15,625,000","","","","","","","","","","","Peru","Free Agent","","",""
"","","","","","","","","","|","","","moIochukx","D","$12,500,000","","Dinamo Zagreb","","Manager","","Cleared","$15,625,000","","","","","","","","","","","Peru","Chelsea F.C","","",""
"","","","","","","","","","|","","","scarfaded","D","$12,500,000","","F.C Barcelona","","Player","","Cleared","$15,625,000","","","","","","","","","","","Germany","BSC Young Boys","","",""
"","","","","","","","","","|","","","KemaIAhmet","D","$12,500,000","","Viktoria Plzen","","Player","","Cleared","$15,625,000","","","","","","","","","","","Turkey","Dinamo Zagreb","","",""
"","","","","","","","","","|","","","lewandovvskii","D","$10,000,000","","Go Ahead Eagles","","Manager","","Game Banned","$12,500,000","","","","","","","","","","","England","PSV Eindhoven","","",""
"","","","","","","","","","|","","","mrucce","D","$10,000,000","","Free Agent","","Player","","Cleared","$12,500,000","","","","","","","","","","","Serbia","PSV Eindhoven","","",""
"","","","","","","","","","|","","","S_weetpainn","D","$10,000,000","","Dinamo Zagreb","","Player","","Cleared","$12,500,000","","","","","","","","","","","Colombia","BSC Young Boys","","",""
"","","","","","","","","","|","","","personaje23236","D","$10,000,000","","Club Brugge","","Player","","Cleared","$12,500,000","","","","","","","","","","","Argentina","Free Agent","","",""
"","","","","","","","","","|","","","PumpedCrisXI","D","$10,000,000","","Copenhagen","","Manager","","Cleared","$12,500,000","","","","","","","","","","","Mexico","Marseille","","",""
"","","","","","","","","","|","","","vemeins","D","$10,000,000","","Dinamo Zagreb","","Assistant","","Cleared","$12,500,000","","","","","","","","","","","Panama","Sporting CP","","",""
"","","","","","","","","","|","","","vit1nhaa","D","$10,000,000","","Partizan","","Player","","Cleared","$12,500,000","","","","","","","","","","","Greece","Inter Milan","","",""
"","","","","","","","","","|","","","rebelvax","D","$10,000,000","","Manchester United","","Player","","Cleared","$12,500,000","","","","","","","","","","","Croatia","Borussia Dortmund","","",""
"","","","","","","","","","|","","","mathszuu","D","$10,000,000","","Dinamo Zagreb","","Player","","RESA Ban","$12,500,000","","","","","","","","","","","Peru","RB Salzburg","","",""
"","","","","","","","","","|","","","shaneitoo","D","$10,000,000","","Bayern Munich","","Player","","Cleared","$12,500,000","","","","","","","","","","","England","Free Agent","","",""
"","","","","","","","","","|","","","casillasproinres","D","$10,000,000","","Galatasaray","","Player","","Cleared","$12,500,000","","","","","","","","","","","Mexico","RB Leipzig","","",""
"","","","","","","","","","|","","","RamiroTHEp2","D","$10,000,000","","Feyenoord","","Player","","Cleared","$12,500,000","","","","","","","","","","","Argentina","RB Leipzig","","",""
"","","","","","","","","","|","","","h2htem","D","$10,000,000","","Juventus F.C","","Player","","Cleared","$12,500,000","","","","","","","","","","","Belgium","BSC Young Boys","","",""
"","","","","","","","","","|","","","SamueItx","D","$10,000,000","","Porto","","Player","","Cleared","$12,500,000","","","","","","","","","","","Spain","BSC Young Boys","","",""
"","","","","","","","","","|","","","7rrakk","D","$10,000,000","","Free Agent","","Player","","Cleared","$12,500,000","","","","","","","","","","","Egypt","Hajduk Split","","",""
"","","","","","","","","","|","","","Raminhosgames","D","$10,000,000","","Free Agent","","Player","","Cleared","$12,500,000","","","","","","","","","","","Portugal","Rangers F.C","","",""
"","","","","","","","","","|","","","MO129195","D","$10,000,000","","Manchester United","","Assistant","","Cleared","$12,500,000","","","","","","","","","","","Croatia","Chelsea F.C","","",""
"","","","","","","","","","|","","","Dogesinhoo","D","$10,000,000","","Free Agent","","Player","","Cleared","$12,500,000","","","","","","","","","","","Peru","RB Leipzig","","",""
"","","","","","","","","","|","","","nanoghost788","D","$10,000,000","","Olympique Lyon","","Player","","Cleared","$12,500,000","","","","","","","","","","","Spain","F.C Barcelona","","",""
"","","","","","","","","","|","","","jeffe9931","D","$10,000,000","","Free Agent","","Player","","Cleared","$12,500,000","","","","","","","","","","","England","Free Agent","","",""
"","","","","","","","","","|","","","Fathikong1","D","$10,000,000","","Partizan","","Player","","Cleared","$12,500,000","","","","","","","","","","","Egypt","AFC Ajax","","",""
"","","","","","","","","","|","","","gabriel4560uwu","D","$10,000,000","","Feyenoord","","Assistant","","RESA Ban","$12,500,000","","","","","","","","","","","Argentina","Fenerbahçe","","",""
"","","","","","","","","","|","","","Zoomical","D","$10,000,000","","Rijeka","","Player","","Cleared","$12,500,000","","","","","","","","","","","United States","Jagiellonia","","",""
"","","","","","","","","","|","","","bolinho123456677","D","$10,000,000","","Free Agent","","Player","","Cleared","$12,500,000","","","","","","","","","","","Brazil","Paris FC","","",""
"","","","","","","","","","|","","","timohabelka6077","D","$10,000,000","","Club Brugge","","Assistant","","Cleared","$12,500,000","","","","","","","","","","","Russia","Jagiellonia","","",""
"","","","","","","","","","|","","","8gakpo","D","$10,000,000","","Free Agent","","Player","","Cleared","$12,500,000","","","","","","","","","","","Albania","AS Monaco","","",""
"","","","","","","","","","|","","","kamotodog","D","$10,000,000","","Red Star Belgrade","","Player","","Cleared","$12,500,000","","","","","","","","","","","Poland","Liverpool F.C","","",""
"","","","","","","","","","|","","","qeintessential","D","$10,000,000","","Free Agent","","Player","","Cleared","$12,500,000","","","","","","","","","","","England","Club Brugge","","",""
"","","","","","","","","","|","","","kovanicic","D","$10,000,000","","Free Agent","","Player","","Cleared","$12,500,000","","","","","","","","","","","Croatia","Club Brugge","","",""
"","","","","","","","","","|","","","asd52hoho","D","$10,000,000","","Go Ahead Eagles","","Player","","Cleared","$12,500,000","","","","","","","","","","","Canada","Pafos FC","","",""
"","","","","","","","","","|","","","Cineris","D","$10,000,000","","F.C Barcelona","","Player","","Cleared","$12,500,000","","","","","","","","","","","United States","AFC Ajax","","",""
"","","","","","","","","","|","","","kasyomi","D","$10,000,000","","Viktoria Plzen","","Player","","Cleared","$12,500,000","","","","","","","","","","","Vietnam","Free Agent","","",""
"","","","","","","","","","|","","","FeliZpe_Br15","D","$10,000,000","","Paris Saint-Germain","","Player","","Cleared","$12,500,000","","","","","","","","","","","Brazil","NAC Breda","","",""
"","","","","","","","","","|","","","ahttuso","D","$10,000,000","","Napoli","","Player","","Cleared","$12,500,000","","","","","","","","","","","Egypt","AFC Ajax","","",""
"","","","","","","","","","|","","","itsslothplayz","D","$10,000,000","","Hearts","","Manager","","Cleared","$12,500,000","","","","","","","","","","","England","Free Agent","","",""
"","","","","","","","","","|","","","margoI_l","D","$10,000,000","","Jagiellonia","","Player","","Cleared","$12,500,000","","","","","","","","","","","Spain","Club Brugge","","",""
"","","","","","","","","","|","","","srhguirassy","D","$10,000,000","","Partizan","","Assistant","","Cleared","$12,500,000","","","","","","","","","","","France","Chelsea F.C","","",""
"","","","","","","","","","|","","","DAMULEKPL","D","$10,000,000","","Jagiellonia","","Manager","","Cleared","$12,500,000","","","","","","","","","","","Poland","Bayer Leverkusen","","",""
"","","","","","","","","","|","","","EIJoacoo","D","$10,000,000","","SLB Benfica","","Manager","","Cleared","$12,500,000","","","","","","","","","","","Argentina","Free Agent","","",""
"","","","","","","","","","|","","","invasor_voraz940","D","$10,000,000","","Club Brugge","","Player","","Cleared","$12,500,000","","","","","","","","","","","Colombia","Free Agent","","",""
"","","","","","","","","","|","","","nxrutti","D","$10,000,000","","Free Agent","","Player","","RESA Ban","$12,500,000","","","","","","","","","","","Brazil","Chelsea F.C","","",""
"","","","","","","","","","|","","","1PLlKE140","D","$10,000,000","","F.C Barcelona","","Player","","Cleared","$12,500,000","","","","","","","","","","","France","Paris FC","","",""
"","","","","","","","","","|","","","aIisxi","D","$10,000,000","","Free Agent","","Player","","Cleared","$12,500,000","","","","","","","","","","","Egypt","Free Agent","","",""
"","","","","","","","","","|","","","DanielDeEgg","D","$10,000,000","","Free Agent","","Player","","Cleared","$12,500,000","","","","","","","","","","","Italy","RB Salzburg","","",""
"","","","","","","","","","|","","","MEMPHISCULT1945","D","$10,000,000","","Free Agent","","Player","","Cleared","$12,500,000","","","","","","","","","","","Serbia","Paris FC","","",""
"","","","","","","","","","|","","","DJMaxwell132","D","$10,000,000","","Club Brugge","","Player","","Cleared","$12,500,000","","","","","","","","","","","England","Pafos FC","","",""
"","","","","","","","","","|","","","mikbank","D","$10,000,000","","Alaves","","Player","","Cleared","$12,500,000","","","","","","","","","","","Serbia","Union Saint-Gilloise","","",""
"","","","","","","","","","|","","","JuanDavPAhe","D","$10,000,000","","AC Milan","","Player","","Cleared","$12,500,000","","","","","","","","","","","Colombia","Jagiellonia","","",""
"","","","","","","","","","|","","","3yl9d","D","$10,000,000","","Porto","","Player","","Cleared","$12,500,000","","","","","","","","","","","Russia","Hajduk Split","","",""
"","","","","","","","","","|","","","lzxthal","D","$10,000,000","","Napoli","","Player","","Cleared","$12,500,000","","","","","","","","","","","Jamaica","Free Agent","","",""
"","","","","","","","","","|","","","Russ_Brook0MVP","D","$10,000,000","","Partizan","","Player","","Cleared","$12,500,000","","","","","","","","","","","Georgia","Free Agent","","",""
"","","","","","","","","","|","","","sensvity","D","$10,000,000","","Free Agent","","Player","","Cleared","$12,500,000","","","","","","","","","","","Egypt","Free Agent","","",""
"","","","","","","","","","|","","","badiyaa","D","$10,000,000","","Free Agent","","Player","","Cleared","$12,500,000","","","","","","","","","","","England","Celtic F.C","","",""
"","","","","","","","","","|","","","nxchomaki","D","$10,000,000","","SLB Benfica","","Player","","Cleared","$12,500,000","","","","","","","","","","","Argentina","Hajduk Split","","",""
"","","","","","","","","","|","","","karaagelover","D","$10,000,000","","Free Agent","","Player","","Cleared","$12,500,000","","","","","","","","","","","France","Free Agent","","",""
"","","","","","","","","","|","","","whykamz","D","$10,000,000","","Free Agent","","Player","","Cleared","$12,500,000","","","","","","","","","","","England","BSC Young Boys","","",""
"","","","","","","","","","|","","","cxzrrs","D","$10,000,000","","Tottenham Hotspur","","Player","","Cleared","$12,500,000","","","","","","","","","","","Brazil","Hamrun Spartans","","",""
"","","","","","","","","","|","","","xorveam","D","$10,000,000","","Red Star Belgrade","","Player","","RESA Ban","$12,500,000","","","","","","","","","","","Curacao","Pafos FC","","",""
"","","","","","","","","","|","","","Zynuei_x","D","$10,000,000","","Manchester City","","Player","","Cleared","$12,500,000","","","","","","","","","","","Egypt","Free Agent","","",""
"","","","","","","","","","|","","","Jakethepig87","D","$10,000,000","","Go Ahead Eagles","","Assistant","","Cleared","$12,500,000","","","","","","","","","","","England","Free Agent","","",""
"","","","","","","","","","|","","","Kzidowski","D","$10,000,000","","Jagiellonia","","Player","","Cleared","$12,500,000","","","","","","","","","","","Indonesia","Free Agent","","",""
"","","","","","","","","","|","","","ProCiba099_009","D","$10,000,000","","Basel","","Manager","","Cleared","$12,500,000","","","","","","","","","","","Croatia","Club Brugge","","",""
"","","","","","","","","","|","","","XxPrince_YxX","D","$10,000,000","","Free Agent","","Player","","Cleared","$12,500,000","","","","","","","","","","","Egypt","Dinamo Zagreb","","",""
"","","","","","","","","","|","","","Koolicxcte","D","$10,000,000","","Free Agent","","Player","","Cleared","$12,500,000","","","","","","","","","","","Estonia","Hajduk Split","","",""
"","","","","","","","","","|","","","Danielpro06","D","$10,000,000","","Basel","","Player","","Cleared","$12,500,000","","","","","","","","","","","Sweden","Real Betis","","",""
"","","","","","","","","","|","","","SaturnX7x","D","$10,000,000","","Free Agent","","Player","","Cleared","$12,500,000","","","","","","","","","","","United States","Free Agent","","",""
"","","","","","","","","","|","","","STORMgiannis900","D","$10,000,000","","Free Agent","","Player","","Cleared","$12,500,000","","","","","","","","","","","Greece","Free Agent","","",""
"","","","","","","","","","|","","","uncmusti","D","$10,000,000","","Atletico Madrid","","Player","","Cleared","$12,500,000","","","","","","","","","","","Sweden","Free Agent","","",""
"","","","","","","","","","|","","","Pedroshot_Gaming","D","$10,000,000","","Free Agent","","Player","","Cleared","$12,500,000","","","","","","","","","","","Portugal","Free Agent","","",""
"","","","","","","","","","|","","","NavidParsHakhamneshi","D","$10,000,000","","Hamrun Spartans","","Assistant","","Cleared","$12,500,000","","","","","","","","","","","Sweden","Dinamo Zagreb","","",""
"","","","","","","","","","|","","","iTz_SinoO","D","$10,000,000","","Free Agent","","Player","","Cleared","$12,500,000","","","","","","","","","","","Egypt","Bayer Leverkusen","","",""
"","","","","","","","","","|","","","Gentusso","D","$10,000,000","","Free Agent","","Player","","Cleared","$12,500,000","","","","","","","","","","","Belgium","Real Betis","","",""
"","","","","","","","","","|","","","lolenxen","D","$10,000,000","","Alaves","","Player","","Cleared","$12,500,000","","","","","","","","","","","England","Fenerbahçe","","",""
"","","","","","","","","","|","","","LuckyzTroopz","D","$10,000,000","","Free Agent","","Player","","Cleared","$12,500,000","","","","","","","","","","","Portugal","Hamrun Spartans","","",""
"","","","","","","","","","|","","","tottxii","D","$10,000,000","","Atletico Madrid","","Player","","Cleared","$12,500,000","","","","","","","","","","","Brazil","RB Leipzig","","",""
"","","","","","","","","","|","","","Crimson_Reyes","D","$10,000,000","","Copenhagen","","Player","","Reserve","$12,500,000","","","","","","","","","","","United States","Fenerbahçe","","",""
"","","","","","","","","","|","","","Hrisowskii","D","$10,000,000","","Free Agent","","Player","","Cleared","$12,500,000","","","","","","","","","","","North Macedonia","Free Agent","","",""
"","","","","","","","","","|","","","Raphlna","D","$10,000,000","","Alaves","","Player","","Cleared","$12,500,000","","","","","","","","","","","Kuwait","Free Agent","","",""
"","","","","","","","","","|","","","WillingXWING","D","$10,000,000","","Club Brugge","","Player","","Cleared","$12,500,000","","","","","","","","","","","France","BSC Young Boys","","",""
"","","","","","","","","","|","","","EthicasNicomachea","D","$10,000,000","","Alaves","","Player","","Cleared","$12,500,000","","","","","","","","","","","United States","Club Brugge","","",""
"","","","","","","","","","|","","","Nwanerii","D","$10,000,000","","Free Agent","","Player","","Cleared","$12,500,000","","","","","","","","","","","England","Empoli","","",""
"","","","","","","","","","|","","","IMuhvyz","D","$10,000,000","","Free Agent","","Player","","Cleared","$12,500,000","","","","","","","","","","","Turkey","Hajduk Split","","",""
"","","","","","","","","","|","","","blackmaks21","D","$10,000,000","","Free Agent","","Player","","Cleared","$12,500,000","","","","","","","","","","","Mexico","Rangers F.C","","",""
"","","","","","","","","","|","","","Xinersw","D","$10,000,000","","AC Milan","","Player","","Cleared","$12,500,000","","","","","","","","","","","Tunisia","Jagiellonia","","",""
"","","","","","","","","","|","","","niishu666","D","$10,000,000","","Galatasaray","","Player","","Cleared","$12,500,000","","","","","","","","","","","India","Free Agent","","",""
"","","","","","","","","","|","","","v9nea","D","$10,000,000","","Newcastle United","","Player","","Cleared","$12,500,000","","","","","","","","","","","England","Marseille","","",""
"","","","","","","","","","|","","","vladimirboss","D","$10,000,000","","Hamrun Spartans","","Player","","Cleared","$12,500,000","","","","","","","","","","","Romania","Celtic F.C","","",""
"","","","","","","","","","|","","","fabrituber720","D","$10,000,000","","Club Brugge","","Player","","Cleared","$12,500,000","","","","","","","","","","","Argentina","Free Agent","","",""
"","","","","","","","","","|","","","Betoaranha_8","D","$10,000,000","","Free Agent","","Player","","Cleared","$12,500,000","","","","","","","","","","","Brazil","Free Agent","","",""
"","","","","","","","","","|","","","ErdoZor61","D","$10,000,000","","Viktoria Plzen","","Player","","Cleared","$12,500,000","","","","","","","","","","","Turkey","Free Agent","","",""
"","","","","","","","","","|","","","shuubero","D","$10,000,000","","Free Agent","","Player","","Cleared","$12,500,000","","","","","","","","","","","England","Free Agent","","",""
"","","","","","","","","","|","","","trincao1907","D","$10,000,000","","Free Agent","","Player","","Cleared","$12,500,000","","","","","","","","","","","Canada","Free Agent","","",""
"","","","","","","","","","|","","","cookiedark41","D","$10,000,000","","Feyenoord","","Player","","Cleared","$12,500,000","","","","","","","","","","","Brazil","PSV Eindhoven","","",""
"","","","","","","","","","|","","","MigueLoXinX","D","$10,000,000","","Cfr Cluj","","Loan Out","","Game Banned","$12,500,000","","","","","","","","","","","Mexico","Club Brugge","","",""
"","","","","","","","","","|","","","Gaxovic","D","$10,000,000","","Manchester United","","Player","","Cleared","$12,500,000","","","","","","","","","","","Croatia","Free Agent","","",""
"","","","","","","","","","|","","","bernardogalard0","D","$10,000,000","","Red Star Belgrade","","Player","","Cleared","$12,500,000","","","","","","","","","","","Poland","Free Agent","","",""
"","","","","","","","","","|","","","eb3rechii","D","$10,000,000","","Olympique Lyon","","Manager","","Cleared","$12,500,000","","","","","","","","","","","England","Rangers F.C","","",""
"","","","","","","","","","|","","","Lyrical_Phoenix","D","$10,000,000","","Free Agent","","Player","","Cleared","$12,500,000","","","","","","","","","","","England","PSV Eindhoven","","",""
"","","","","","","","","","|","","","LogicaHD","D","$10,000,000","","Manchester City","","Player","","Cleared","$12,500,000","","","","","","","","","","","Ireland","Free Agent","","",""
"","","","","","","","","","|","","","nouvxIle","D","$10,000,000","","Free Agent","","Player","","Cleared","$12,500,000","","","","","","","","","","","Colombia","Rangers F.C","","",""
"","","","","","","","","","|","","","ShadowzyHDYT","D","$10,000,000","","Free Agent","","Player","","Cleared","$12,500,000","","","","","","","","","","","Peru","Real Madrid C.F","","",""
"","","","","","","","","","|","","","PasitaRodriguez","D","$10,000,000","","Cfr Cluj","","Player","","Cleared","$12,500,000","","","","","","","","","","","Mexico","NAC Breda","","",""
"","","","","","","","","","|","","","SUPERGAMERkaua","D","$10,000,000","","Copenhagen","","Player","","Cleared","$12,500,000","","","","","","","","","","","Brazil","Free Agent","","",""
"","","","","","","","","","|","","","caantona ","D","$10,000,000","","Inter Milan","","Player","","Cleared","$12,500,000","","","","","","","","","","","United States","Free Agent","","",""
"","","","","","","","","","|","","","tris10_m","D","$10,000,000","","Galatasaray","","Player","","Cleared","$12,500,000","","","","","","","","","","","United States","Bayern Munich","","",""
"","","","","","","","","","|","","","BeboisClown","D","$10,000,000","","Free Agent","","Player","","Cleared","$12,500,000","","","","","","","","","","","Egypt","Hajduk Split","","",""
"","","","","","","","","","|","","","egereiz3256","D","$10,000,000","","Dinamo Zagreb","","Player","","Cleared","$12,500,000","","","","","","","","","","","Turkey","Free Agent","","",""
"","","","","","","","","","|","","","Pinbappe","D","$10,000,000","","Free Agent","","Player","","Cleared","$12,500,000","","","","","","","","","","","United States","Empoli","","",""
"","","","","","","","","","|","","","ShazArcalis","D","$10,000,000","","Free Agent","","Player","","Cleared","$12,500,000","","","","","","","","","","","England","Union Saint-Gilloise","","",""
"","","","","","","","","","|","","","theworfer","D","$10,000,000","","Tottenham Hotspur","","Player","","Cleared","$12,500,000","","","","","","","","","","","France","Bayer Leverkusen","","",""
"","","","","","","","","","|","","","jkiller67867282882","D","$10,000,000","","AC Milan","","Player","","Cleared","$12,500,000","","","","","","","","","","","Spain","Free Agent","","",""
"","","","","","","","","","|","","","KxnqNik","D","$10,000,000","","Free Agent","","Player","","Cleared","$12,500,000","","","","","","","","","","","Bulgaria","Union Saint-Gilloise","","",""
"","","","","","","","","","|","","","joacocivile","D","$10,000,000","","Free Agent","","Player","","Cleared","$12,500,000","","","","","","","","","","","Argentina","Free Agent","","",""
"","","","","","","","","","|","","","miljan637","D","$10,000,000","","Olympique Lyon","","Player","","Cleared","$12,500,000","","","","","","","","","","","Serbia","Free Agent","","",""
"","","","","","","","","","|","","","bubbli","D","$10,000,000","","Free Agent","","Player","","Cleared","$12,500,000","","","","","","","","","","","Netherlands","Real Betis","","",""
"","","","","","","","","","|","","","mateiryan","D","$10,000,000","","Free Agent","","Player","","Cleared","$12,500,000","","","","","","","","","","","England","Rangers F.C","","",""
"","","","","","","","","","|","","","Emirtroyaa","D","$10,000,000","","Real Madrid C.F","","Player","","Cleared","$12,500,000","","","","","","","","","","","Peru","Juventus F.C","","",""
"","","","","","","","","","|","","","enisify","D","$10,000,000","","Newcastle United","","Player","","Cleared","$12,500,000","","","","","","","","","","","Turkey","Empoli","","",""
"","","","","","","","","","|","","","stjepogame","D","$10,000,000","","Copenhagen","","Player","","Cleared","$12,500,000","","","","","","","","","","","Croatia","Manchester City","","",""
"","","","","","","","","","|","","","raspyextreme","D","$10,000,000","","Free Agent","","Player","","Cleared","$12,500,000","","","","","","","","","","","Turkey","Pafos FC","","",""
"","","","","","","","","","|","","","immexican33333","D","$10,000,000","","Copenhagen","","Player","","Cleared","$12,500,000","","","","","","","","","","","Mexico","Dinamo Zagreb","","",""
"","","","","","","","","","|","","","TheAIIRounderGod","D","$10,000,000","","Basel","","Assistant","","Cleared","$12,500,000","","","","","","","","","","","Iran","Club Brugge","","",""
"","","","","","","","","","|","","","Victor32377mpj","D","$10,000,000","","Free Agent","","Player","","Cleared","$12,500,000","","","","","","","","","","","Chile","Free Agent","","",""
"","","","","","","","","","|","","","michiestaa","D","$10,000,000","","Free Agent","","Player","","Cleared","$12,500,000","","","","","","","","","","","Indonesia","AS Monaco","","",""
"","","","","","","","","","|","","","tobbid","D","$10,000,000","","Free Agent","","Player","","Cleared","$12,500,000","","","","","","","","","","","Portugal","Tottenham Hotspur","","",""
"","","","","","","","","","|","","","lythienvuong2k3","D","$10,000,000","","Galatasaray","","Player","","Cleared","$12,500,000","","","","","","","","","","","Vietnam","Empoli","","",""
"","","","","","","","","","|","","","worrde","D","$10,000,000","","Newcastle United","","Player","","Cleared","$12,500,000","","","","","","","","","","","France","Free Agent","","",""
"","","","","","","","","","|","","","arthur52hoho","D","$10,000,000","","Go Ahead Eagles","","Player","","Cleared","$12,500,000","","","","","","","","","","","Brazil","Free Agent","","",""
"","","","","","","","","","|","","","harshflux","D","$10,000,000","","Free Agent","","Player","","Cleared","$12,500,000","","","","","","","","","","","Sweden","Marseille","","",""
"","","","","","","","","","|","","","krupxviesa","D","$10,000,000","","Cfr Cluj","","Player","","Cleared","$12,500,000","","","","","","","","","","","Mexico","Chelsea F.C","","",""
"","","","","","","","","","|","","","ruxel_gamerpro","D","$10,000,000","","Feyenoord","","Player","","RESA Ban","$12,500,000","","","","","","","","","","","Colombia","Free Agent","","",""
"","","","","","","","","","|","","","Mrender0110","D","$10,000,000","","Red Star Belgrade","","Player","","Cleared","$12,500,000","","","","","","","","","","","Mexico","Bayern Munich","","",""
"","","","","","","","","","|","","","hashimvax","D","$10,000,000","","Free Agent","","Player","","Cleared","$12,500,000","","","","","","","","","","","Saudi Arabia","Fenerbahçe","","",""
"","","","","","","","","","|","","","William1pa0","D","$10,000,000","","Free Agent","","Player","","Cleared","$12,500,000","","","","","","","","","","","Brazil","AS Monaco","","",""
"","","","","","","","","","|","","","VermantRomeo","D","$10,000,000","","Free Agent","","Player","","Cleared","$12,500,000","","","","","","","","","","","Belgium","PSV Eindhoven","","",""
"","","","","","","","","","|","","","DylanGamer_22","D","$10,000,000","","Free Agent","","Player","","Cleared","$12,500,000","","","","","","","","","","","Argentina","Tottenham Hotspur","","",""
"","","","","","","","","","|","","","smiddarz","D","$10,000,000","","Juventus F.C","","Player","","Cleared","$12,500,000","","","","","","","","","","","England","Paris FC","","",""
"","","","","","","","","","|","","","Fernandinho90","D","$10,000,000","","Red Star Belgrade","","Player","","Cleared","$12,500,000","","","","","","","","","","","Bolivia","Free Agent","","",""
"","","","","","","","","","|","","","sirchonkus","D","$10,000,000","","Free Agent","","Player","","Cleared","$12,500,000","","","","","","","","","","","Germany","BSC Young Boys","","",""
"","","","","","","","","","|","","","dawvii","D","$10,000,000","","Free Agent","","Player","","Cleared","$12,500,000","","","","","","","","","","","Poland","Manchester City","","",""
"","","","","","","","","","|","","","LOUISISAWESOME169","D","$10,000,000","","Free Agent","","Player","","Cleared","$12,500,000","","","","","","","","","","","England","Free Agent","","",""
"","","","","","","","","","|","","","JoaoFelixCFC","D","$10,000,000","","Fiorentina","","Loan Out","","Cleared","$12,500,000","","","","","","","","","","","Poland","RB Salzburg","","",""
"","","","","","","","","","|","","","NickOIij","D","$10,000,000","","Free Agent","","Player","","Cleared","$12,500,000","","","","","","","","","","","Netherlands","Tottenham Hotspur","","",""
"","","","","","","","","","|","","","aibarsebas","D","$10,000,000","","SLB Benfica","","Player","","Cleared","$12,500,000","","","","","","","","","","","Argentina","AFC Ajax","","",""
"","","","","","","","","","|","","","iz_kloodi","D","$10,000,000","","Porto","","Player","","Cleared","$12,500,000","","","","","","","","","","","Saudi Arabia","RB Salzburg","","",""
"","","","","","","","","","|","","","tizongass","D","$10,000,000","","SLB Benfica","","Player","","Cleared","$12,500,000","","","","","","","","","","","Argentina","Free Agent","","",""
"","","","","","","","","","|","","","IKalxdouI","D","$10,000,000","","Hearts","","Player","","Cleared","$12,500,000","","","","","","","","","","","Mexico","Free Agent","","",""
"","","","","","","","","","|","","","shany4ng","D","$10,000,000","","Feyenoord","","Player","","RESA Ban","$12,500,000","","","","","","","","","","","Peru","Free Agent","","",""
"","","","","","","","","","|","","","Tr_ssard","D","$10,000,000","","Free Agent","","Player","","Cleared","$12,500,000","","","","","","","","","","","France","Free Agent","","",""
"","","","","","","","","","|","","","harmoush","D","$10,000,000","","Partizan","","Player","","Cleared","$12,500,000","","","","","","","","","","","Lebanon","Rangers F.C","","",""
"","","","","","","","","","|","","","Mohascred","D","$10,000,000","","Juventus F.C","","Player","","Cleared","$12,500,000","","","","","","","","","","","France","Real Madrid C.F","","",""
"","","","","","","","","","|","","","vtknmelo","D","$10,000,000","","Arsenal F.C","","Player","","Cleared","$12,500,000","","","","","","","","","","","United Arab Emirates","Free Agent","","",""
"","","","","","","","","","|","","","Ayanagi_S","D","$10,000,000","","Tottenham Hotspur","","Player","","Cleared","$12,500,000","","","","","","","","","","","Brazil","Hajduk Split","","",""
"","","","","","","","","","|","","","vanjamilinkovicsavic","D","$10,000,000","","Free Agent","","Player","","Cleared","$12,500,000","","","","","","","","","","","Serbia","RB Leipzig","","",""
"","","","","","","","","","|","","","FireBBombx","D","$10,000,000","","Basel","","Player","","Cleared","$12,500,000","","","","","","","","","","","England","Empoli","","",""
"","","","","","","","","","|","","","INTERCRAK36234","D","$10,000,000","","Hearts","","Player","","Cleared","$12,500,000","","","","","","","","","","","Peru","Pafos FC","","",""
"","","","","","","","","","|","","","Mounstan","D","$10,000,000","","Free Agent","","Player","","Cleared","$12,500,000","","","","","","","","","","","Malaysia","Free Agent","","",""
"","","","","","","","","","|","","","hadjszn","D","$10,000,000","","Free Agent","","Player","","Cleared","$12,500,000","","","","","","","","","","","Netherlands","Free Agent","","",""
"","","","","","","","","","|","","","Xsamuel_Doritos34","D","$10,000,000","","Feyenoord","","Player","","Cleared","$12,500,000","","","","","","","","","","","Colombia","Free Agent","","",""
"","","","","","","","","","|","","","6aggio","D","$10,000,000","","Free Agent","","Player","","Cleared","$12,500,000","","","","","","","","","","","England","Paris FC","","",""
"","","","","","","","","","|","","","asd53hoho","D","$10,000,000","","Olympiacos","","Player","","Cleared","$12,500,000","","","","","","","","","","","United States","Free Agent","","",""
"","","","","","","","","","|","","","jessnaldo","D","$10,000,000","","Real Madrid C.F","","Player","","Cleared","$12,500,000","","","","","","","","","","","United States","Fenerbahçe","","",""
"","","","","","","","","","|","","","stradivalerie","D","$10,000,000","","Cfr Cluj","","Player","","Cleared","$12,500,000","","","","","","","","","","","Ireland","Inter Milan","","",""
"","","","","","","","","","|","","","renaattoo10","D","$10,000,000","","Free Agent","","Player","","Cleared","$12,500,000","","","","","","","","","","","Croatia","Borussia Dortmund","","",""
"","","","","","","","","","|","","","h1z4n6","D","$10,000,000","","Free Agent","","Player","","Cleared","$12,500,000","","","","","","","","","","","Ecuador","Free Agent","","",""
"","","","","","","","","","|","","","ENYELREVENTADOOOR","D","$10,000,000","","Olympiacos","","Player","","Cleared","$12,500,000","","","","","","","","","","","Argentina","RB Leipzig","","",""
"","","","","","","","","","|","","","Alexander963265","D","$10,000,000","","Hearts","","Player","","Lifeban","$12,500,000","","","","","","","","","","","Peru","Liverpool F.C","","",""
"","","","","","","","","","|","","","AidenGB111","D","$10,000,000","","Alaves","","Player","","Cleared","$12,500,000","","","","","","","","","","","United States","Free Agent","","",""
"","","","","","","","","","|","","","zhegr0va","D","$10,000,000","","Viktoria Plzen","","Player","","Cleared","$12,500,000","","","","","","","","","","","Turkey","Pafos FC","","",""
"","","","","","","","","","|","","","Padman1000","D","$10,000,000","","Free Agent","","Player","","Cleared","$12,500,000","","","","","","","","","","","England","Free Agent","","",""
"","","","","","","","","","|","","","jordezzii","D","$10,000,000","","Partizan","","Player","","Cleared","$12,500,000","","","","","","","","","","","France","Chelsea F.C","","",""
"","","","","","","","","","|","","","mateqx1","D","$10,000,000","","Free Agent","","Player","","Cleared","$12,500,000","","","","","","","","","","","Chile","Free Agent","","",""
"","","","","","","","","","|","","","ZarekXen","D","$10,000,000","","SLB Benfica","","Player","","Lifeban","$12,500,000","","","","","","","","","","","Colombia","Free Agent","","",""
"","","","","","","","","","|","","","untitIed05","D","$10,000,000","","Rijeka","","Player","","Cleared","$12,500,000","","","","","","","","","","","United States","Free Agent","","",""
"","","","","","","","","","|","","","veeznoo","D","$10,000,000","","Rijeka","","Player","","Cleared","$12,500,000","","","","","","","","","","","Brazil","Free Agent","","",""
"","","","","","","","","","|","","","Nessuares","D","$10,000,000","","Inter Milan","","Player","","Cleared","$12,500,000","","","","","","","","","","","Wales","Free Agent","","",""
"","","","","","","","","","|","","","Matsiq123","D","$10,000,000","","Free Agent","","Player","","Cleared","$12,500,000","","","","","","","","","","","Peru","Free Agent","","",""
"","","","","","","","","","|","","","CesareCasdei","D","$10,000,000","","Cfr Cluj","","Manager","","Cleared","$12,500,000","","","","","","","","","","","United States","Wolves","","",""
"","","","","","","","","","|","","","RvbMoose","D","$10,000,000","","Free Agent","","Player","","Cleared","$12,500,000","","","","","","","","","","","Netherlands","Hamrun Spartans","","",""
"","","","","","","","","","|","","","usamoi5","D","$10,000,000","","Feyenoord","","Manager","","Cleared","$12,500,000","","","","","","","","","","","Ecuador","Union Saint-Gilloise","","",""
"","","","","","","","","","|","","","RobloxScripterDevLua","D","$10,000,000","","Free Agent","","Player","","Cleared","$12,500,000","","","","","","","","","","","Italy","Fenerbahçe","","",""
"","","","","","","","","","|","","","vtknery","D","$10,000,000","","Arsenal F.C","","Player","","Cleared","$12,500,000","","","","","","","","","","","England","Free Agent","","",""
"","","","","","","","","","|","","","Tekkesh","D","$10,000,000","","Free Agent","","Player","","Cleared","$12,500,000","","","","","","","","","","","England","Jagiellonia","","",""
"","","","","","","","","","|","","","othniel2007","D","$10,000,000","","Free Agent","","Player","","Cleared","$12,500,000","","","","","","","","","","","England","Free Agent","","",""
"","","","","","","","","","|","","","MRXabdoX","D","$10,000,000","","Free Agent","","Player","","Cleared","$12,500,000","","","","","","","","","","","Egypt","Free Agent","","",""
"","","","","","","","","","|","","","jaasui","D","$10,000,000","","Rijeka","","Player","","Cleared","$12,500,000","","","","","","","","","","","Netherlands","Sporting CP","","",""
"","","","","","","","","","|","","","umutddeuchi","D","$10,000,000","","Free Agent","","Player","","Cleared","$12,500,000","","","","","","","","","","","Turkey","Rangers F.C","","",""
"","","","","","","","","","|","","","888wu","D","$10,000,000","","Free Agent","","Player","","Cleared","$12,500,000","","","","","","","","","","","England","AFC Ajax","","",""
"","","","","","","","","","|","","","danielvoetbolas","D","$10,000,000","","Arsenal F.C","","Player","","Cleared","$12,500,000","","","","","","","","","","","Canada","Free Agent","","",""
"","","","","","","","","","|","","","Joshlect","D","$10,000,000","","Hamrun Spartans","","Player","","Cleared","$12,500,000","","","","","","","","","","","England","Free Agent","","",""
"","","","","","","","","","|","","","SixityTime","D","$10,000,000","","Free Agent","","Player","","Cleared","$12,500,000","","","","","","","","","","","Saudi Arabia","Empoli","","",""
"","","","","","","","","","|","","","xu1zo","D","$10,000,000","","Fiorentina","","Player","","Cleared","$12,500,000","","","","","","","","","","","Egypt","Free Agent","","",""
"","","","","","","","","","|","","","nipherus","D","$10,000,000","","Real Madrid C.F","","Player","","Cleared","$12,500,000","","","","","","","","","","","England","Free Agent","","",""
"","","","","","","","","","|","","","Kaimook_TH123","D","$10,000,000","","Jagiellonia","","Player","","Cleared","$12,500,000","","","","","","","","","","","Thailand","BSC Young Boys","","",""
"","","","","","","","","","|","","","Bamvaam","D","$10,000,000","","Porto","","Player","","Cleared","$12,500,000","","","","","","","","","","","Peru","Juventus F.C","","",""
"","","","","","","","","","|","","","trovao16","D","$10,000,000","","Free Agent","","Player","","Cleared","$12,500,000","","","","","","","","","","","Brazil","Tottenham Hotspur","","",""
"","","","","","","","","","|","","","ShawnxMonaco","D","$10,000,000","","Rijeka","","Player","","Cleared","$12,500,000","","","","","","","","","","","Egypt","Free Agent","","",""
"","","","","","","","","","|","","","smike3334","D","$10,000,000","","Olympiacos","","Player","","Cleared","$12,500,000","","","","","","","","","","","Dominican Republic","Dinamo Zagreb","","",""
"","","","","","","","","","|","","","elcrack1245","D","$10,000,000","","Go Ahead Eagles","","Player","","Cleared","$12,500,000","","","","","","","","","","","Ecuador","Union Saint-Gilloise","","",""
"","","","","","","","","","|","","","MohamedSaidBenrahma","D","$10,000,000","","Free Agent","","Player","","Cleared","$12,500,000","","","","","","","","","","","United States","Free Agent","","",""
"","","","","","","","","","|","","","thronefall","D","$10,000,000","","Free Agent","","Player","","Cleared","$12,500,000","","","","","","","","","","","Vietnam","Rangers F.C","","",""
"","","","","","","","","","|","","","SalOpsz","D","$10,000,000","","Free Agent","","Player","","Cleared","$12,500,000","","","","","","","","","","","Argentina","Dinamo Zagreb","","",""
"","","","","","","","","","|","","","Wiinchxster","D","$10,000,000","","Free Agent","","Player","","Cleared","$12,500,000","","","","","","","","","","","England","Free Agent","","",""
"","","","","","","","","","|","","","Y2oung","D","$10,000,000","","Free Agent","","Player","","Cleared","$12,500,000","","","","","","","","","","","Indonesia","RB Leipzig","","",""
"","","","","","","","","","|","","","XenoSuperEscalibur","D","$10,000,000","","AFC Ajax","","Player","","Cleared","$12,500,000","","","","","","","","","","","France","Dinamo Zagreb","","",""
"","","","","","","","","","|","","","Xorbanys","D","$10,000,000","","F.C Barcelona","","Manager","","Cleared","$12,500,000","","","","","","","","","","","England","Free Agent","","",""
"","","","","","","","","","|","","","ManLikeStam","D","$10,000,000","","Free Agent","","Player","","Cleared","$12,500,000","","","","","","","","","","","England","Free Agent","","",""
"","","","","","","","","","|","","","Dantemanol","D","$10,000,000","","Porto","","Player","","Cleared","$12,500,000","","","","","","","","","","","Peru","Free Agent","","",""
"","","","","","","","","","|","","","Dantzgoat","D","$10,000,000","","Free Agent","","Player","","Cleared","$12,500,000","","","","","","","","","","","Australia","Union Saint-Gilloise","","",""
"","","","","","","","","","|","","","Yunami27X","D","$10,000,000","","Free Agent","","Player","","Cleared","$12,500,000","","","","","","","","","","","Mexico","Free Agent","","",""
"","","","","","","","","","|","","","SaeEgoistx","D","$10,000,000","","Free Agent","","Player","","Cleared","$12,500,000","","","","","","","","","","","Ecuador","Free Agent","","",""
"","","","","","","","","","|","","","bxdghggjj31","D","$10,000,000","","Copenhagen","","Player","","Cleared","$12,500,000","","","","","","","","","","","Russia","Free Agent","","",""
"","","","","","","","","","|","","","jerrlets","D","$10,000,000","","Porto","","Player","","Cleared","$12,500,000","","","","","","","","","","","Peru","NAC Breda","","",""
"","","","","","","","","","|","","","MF7UP","D","$10,000,000","","Arsenal F.C","","Player","","Cleared","$12,500,000","","","","","","","","","","","Panama","Free Agent","","",""
"","","","","","","","","","|","","","Hakermar03","D","$10,000,000","","Olympiacos","","Player","","Cleared","$12,500,000","","","","","","","","","","","Dominican Republic","RB Leipzig","","",""
"","","","","","","","","","|","","","bau5z","D","$10,000,000","","Dinamo Zagreb","","Player","","RESA Ban","$12,500,000","","","","","","","","","","","Argentina","Union Saint-Gilloise","","",""
"","","","","","","","","","|","","","qatariaen","D","$10,000,000","","Free Agent","","Player","","Cleared","$12,500,000","","","","","","","","","","","Canada","Chelsea F.C","","",""
"","","","","","","","","","|","","","d4nieeI","D","$10,000,000","","Free Agent","","Player","","Cleared","$12,500,000","","","","","","","","","","","Colombia","NAC Breda","","",""
"","","","","","","","","","|","","","niieenow","D","$10,000,000","","Free Agent","","Player","","Cleared","$12,500,000","","","","","","","","","","","Brazil","Union Saint-Gilloise","","",""
"","","","","","","","","","|","","","nokzq_xv","D","$10,000,000","","Hearts","","Player","","Cleared","$12,500,000","","","","","","","","","","","England","Free Agent","","",""
"","","","","","","","","","|","","","VeloxEdge","D","$10,000,000","","AC Milan","","Player","","Cleared","$12,500,000","","","","","","","","","","","Croatia","Free Agent","","",""
"","","","","","","","","","|","","","sp9rta","D","$10,000,000","","Free Agent","","Player","","Cleared","$12,500,000","","","","","","","","","","","Northern Ireland","Free Agent","","",""
"","","","","","","","","","|","","","bellpeppa","D","$10,000,000","","Free Agent","","Player","","Cleared","$12,500,000","","","","","","","","","","","Brazil","Pafos FC","","",""
"","","","","","","","","","|","","","PedroGoncalves","D","$10,000,000","","Free Agent","","Player","","Cleared","$12,500,000","","","","","","","","","","","United States","Manchester United","","",""
"","","","","","","","","","|","","","modenphrog","D","$10,000,000","","Free Agent","","Player","","Cleared","$12,500,000","","","","","","","","","","","South Korea","Empoli","","",""
"","","","","","","","","","|","","","Reiss_Nelson2","D","$10,000,000","","Go Ahead Eagles","","Player","","Cleared","$12,500,000","","","","","","","","","","","United States","Free Agent","","",""
"","","","","","","","","","|","","","Kxrious","D","$10,000,000","","Free Agent","","Player","","Cleared","$12,500,000","","","","","","","","","","","England","Club Brugge","","",""
"","","","","","","","","","|","","","BloodhoundAntx","D","$10,000,000","","AFC Ajax","","Manager","","Cleared","$12,500,000","","","","","","","","","","","United States","Free Agent","","",""
"","","","","","","","","","|","","","MatiasKaporoom","D","$10,000,000","","Free Agent","","Player","","Cleared","$12,500,000","","","","","","","","","","","Argentina","Manchester City","","",""
"","","","","","","","","","|","","","fIorineI","D","$10,000,000","","Free Agent","","Player","","Cleared","$12,500,000","","","","","","","","","","","Romania","Free Agent","","",""
"","","","","","","","","","|","","","S_haddai","D","$10,000,000","","Free Agent","","Player","","Cleared","$12,500,000","","","","","","","","","","","Colombia","Free Agent","","",""
"","","","","","","","","","|","","","aguzzj","D","$10,000,000","","F.C Barcelona","","Player","","Cleared","$12,500,000","","","","","","","","","","","Chile","Free Agent","","",""
"","","","","","","","","","|","","","2AliveGeekPackk","D","$10,000,000","","Free Agent","","Player","","Cleared","$12,500,000","","","","","","","","","","","England","Free Agent","","",""
"","","","","","","","","","|","","","gokuzeiro12","D","$10,000,000","","Free Agent","","Player","","Cleared","$12,500,000","","","","","","","","","","","Brazil","Free Agent","","",""
"","","","","","","","","","|","","","monahinho","D","$10,000,000","","Free Agent","","Player","","Cleared","$12,500,000","","","","","","","","","","","Russia","Bayern Munich","","",""
"","","","","","","","","","|","","","SerpzCustos","D","$10,000,000","","Free Agent","","Player","","Cleared","$12,500,000","","","","","","","","","","","Argentina","Free Agent","","",""
"","","","","","","","","","|","","","Mehzzi","D","$10,000,000","","Partizan","","Player","","Cleared","$12,500,000","","","","","","","","","","","England","Paris FC","","",""
"","","","","","","","","","|","","","freshermarrow77","D","$10,000,000","","Club Brugge","","Player","","Cleared","$12,500,000","","","","","","","","","","","England","RB Leipzig","","",""
"","","","","","","","","","|","","","pinguinitotroll","D","$10,000,000","","Free Agent","","Player","","Cleared","$12,500,000","","","","","","","","","","","Peru","Free Agent","","",""
"","","","","","","","","","|","","","daramyy","D","$10,000,000","","Free Agent","","Player","","Cleared","$12,500,000","","","","","","","","","","","Denmark","Free Agent","","",""
"","","","","","","","","","|","","","MK1zl","D","$10,000,000","","Free Agent","","Player","","Cleared","$12,500,000","","","","","","","","","","","England","Free Agent","","",""
"","","","","","","","","","|","","","trickvyy","D","$10,000,000","","Free Agent","","Player","","Cleared","$12,500,000","","","","","","","","","","","Brazil","Free Agent","","",""
"","","","","","","","","","|","","","LuNatsuLu","D","$10,000,000","","Free Agent","","Player","","Cleared","$12,500,000","","","","","","","","","","","Russia","Free Agent","","",""
"","","","","","","","","","|","","","Ronbon99","D","$10,000,000","","Free Agent","","Player","","Cleared","$12,500,000","","","","","","","","","","","Germany","Paris FC","","",""
"","","","","","","","","","|","","","iiPlutoski","D","$10,000,000","","Free Agent","","Player","","Cleared","$12,500,000","","","","","","","","","","","United States","Free Agent","","",""
"","","","","","","","","","|","","","mirac7104","D","$10,000,000","","Go Ahead Eagles","","Player","","Cleared","$12,500,000","","","","","","","","","","","Turkey","Marseille","","",""
"","","","","","","","","","|","","","Mynamekap112","D","$10,000,000","","Free Agent","","Player","","Cleared","$12,500,000","","","","","","","","","","","Poland","Free Agent","","",""
"","","","","","","","","","|","","","linozkr","D","$10,000,000","","Free Agent","","Player","","Cleared","$12,500,000","","","","","","","","","","","France","Manchester United","","",""
"","","","","","","","","","|","","","Zarkzos","D","$10,000,000","","Basel","","Player","","Cleared","$12,500,000","","","","","","","","","","","France","Empoli","","",""
"","","","","","","","","","|","","","disparru","D","$10,000,000","","Free Agent","","Player","","Cleared","$12,500,000","","","","","","","","","","","United States","Free Agent","","",""
"","","","","","","","","","|","","","Kintooo","D","$10,000,000","","Free Agent","","Player","","Cleared","$12,500,000","","","","","","","","","","","United States","Free Agent","","",""
"","","","","","","","","","|","","","bI_ck","D","$10,000,000","","Free Agent","","Player","","Cleared","$12,500,000","","","","","","","","","","","United States","RB Leipzig","","",""
"","","","","","","","","","|","","","Uged","D","$10,000,000","","Free Agent","","Player","","Cleared","$12,500,000","","","","","","","","","","","England","Free Agent","","",""
"","","","","","","","","","|","","","lastdisco","D","$10,000,000","","Free Agent","","Player","","Cleared","$12,500,000","","","","","","","","","","","Russia","Free Agent","","",""
"","","","","","","","","","|","","","wlNams","D","$10,000,000","","Free Agent","","Player","","Game Banned","$12,500,000","","","","","","","","","","","France","Free Agent","","",""
"","","","","","","","","","|","","","EgyptianKing1232","D","$10,000,000","","Free Agent","","Player","","Cleared","$12,500,000","","","","","","","","","","","Albania","Bayern Munich","","",""
"","","","","","","","","","|","","","KenanYiIdizz","D","$10,000,000","","AFC Ajax","","Player","","Cleared","$12,500,000","","","","","","","","","","","Malta","Free Agent","","",""
"","","","","","","","","","|","","","TheSmurfTheGood","D","$10,000,000","","Free Agent","","Player","","Cleared","$12,500,000","","","","","","","","","","","Egypt","Free Agent","","",""
"","","","","","","","","","|","","","tumanze","D","$10,000,000","","Free Agent","","Player","","Cleared","$12,500,000","","","","","","","","","","","Russia","Free Agent","","",""
"","","","","","","","","","|","","","andrade20001","D","$10,000,000","","Inter Milan","","Player","","Cleared","$12,500,000","","","","","","","","","","","Argentina","Dinamo Zagreb","","",""
"","","","","","","","","","|","","","superHaloxd","D","$10,000,000","","Free Agent","","Player","","Cleared","$12,500,000","","","","","","","","","","","Peru","Free Agent","","",""
"","","","","","","","","","|","","","ShadowDefenderXII","D","$10,000,000","","Free Agent","","Player","","Cleared","$12,500,000","","","","","","","","","","","Belgium","Hajduk Split","","",""
"","","","","","","","","","|","","","master454512","D","$10,000,000","","SLB Benfica","","Player","","Cleared","$12,500,000","","","","","","","","","","","Peru","Manchester City","","",""
"","","","","","","","","","|","","","psitulasek2211","D","$10,000,000","","Free Agent","","Player","","Cleared","$12,500,000","","","","","","","","","","","Poland","Free Agent","","",""
"","","","","","","","","","|","","","Planbaza","D","$10,000,000","","Viktoria Plzen","","Manager","","Cleared","$12,500,000","","","","","","","","","","","Russia","Free Agent","","",""
"","","","","","","","","","|","","","zerix_360","D","$10,000,000","","SLB Benfica","","Assistant","","Cleared","$12,500,000","","","","","","","","","","","Chile","Free Agent","","",""
"","","","","","","","","","|","","","roxodoshadownoob21","D","$10,000,000","","Free Agent","","Player","","Cleared","$12,500,000","","","","","","","","","","","Peru","Free Agent","","",""
"","","","","","","","","","|","","","o4600sa","D","$10,000,000","","Free Agent","","Player","","Cleared","$12,500,000","","","","","","","","","","","Russia","Free Agent","","",""
"","","","","","","","","","|","","","Yordkxz","D","$10,000,000","","Real Madrid C.F","","Player","","Cleared","$12,500,000","","","","","","","","","","","Peru","Liverpool F.C","","",""
"","","","","","","","","","|","","","ElchuchoPerez","D","$10,000,000","","Olympiacos","","Player","","Cleared","$12,500,000","","","","","","","","","","","Colombia","Union Saint-Gilloise","","",""
"","","","","","","","","","|","","","Eduarcraftim1","D","$10,000,000","","AC Milan","","Player","","Cleared","$12,500,000","","","","","","","","","","","Venezuela","Bayer Leverkusen","","",""
"","","","","","","","","","|","","","JosmellGamers","D","$10,000,000","","Free Agent","","Player","","Cleared","$12,500,000","","","","","","","","","","","Peru","Free Agent","","",""
"","","","","","","","","","|","","","zaketti","D","$10,000,000","","Free Agent","","Player","","Cleared","$12,500,000","","","","","","","","","","","Scotland","Free Agent","","",""
"","","","","","","","","","|","","","Raaahim7","D","$10,000,000","","Free Agent","","Player","","Cleared","$12,500,000","","","","","","","","","","","Australia","Free Agent","","",""
"","","","","","","","","","|","","","matgame972","D","$10,000,000","","Free Agent","","Player","","Cleared","$12,500,000","","","","","","","","","","","Martinique","AFC Ajax","","",""
"","","","","","","","","","|","","","TheWitherPl","D","$10,000,000","","Rijeka","","Player","","Cleared","$12,500,000","","","","","","","","","","","Poland","Pafos FC","","",""
"","","","","","","","","","|","","","PEDROLERIGOLO","D","$10,000,000","","Free Agent","","Player","","Cleared","$12,500,000","","","","","","","","","","","France","Free Agent","","",""
"","","","","","","","","","|","","","wakandamooo","D","$10,000,000","","F.C Barcelona","","Player","","Lifeban","$12,500,000","","","","","","","","","","","Peru","Free Agent","","",""
"","","","","","","","","","|","","","cwoiz","D","$10,000,000","","Free Agent","","Player","","Cleared","$12,500,000","","","","","","","","","","","Germany","Free Agent","","",""
"","","","","","","","","","|","","","AlinRK","D","$10,000,000","","Free Agent","","Player","","Cleared","$12,500,000","","","","","","","","","","","Romania","Juventus F.C","","",""
"","","","","","","","","","|","","","amrmalekelboss","D","$10,000,000","","Free Agent","","Player","","Cleared","$12,500,000","","","","","","","","","","","Egypt","Free Agent","","",""
"","","","","","","","","","|","","","sebbvetteI","D","$10,000,000","","Free Agent","","Player","","Cleared","$12,500,000","","","","","","","","","","","England","Jagiellonia","","",""
"","","","","","","","","","|","","","TsekInPuo","D","$10,000,000","","Free Agent","","Player","","Cleared","$12,500,000","","","","","","","","","","","France","Free Agent","","",""
"","","","","","","","","","|","","","SalaHasCookie","D","$10,000,000","","Partizan","","Player","","Cleared","$12,500,000","","","","","","","","","","","Georgia","Real Madrid C.F","","",""
"","","","","","","","","","|","","","toneIli","D","$10,000,000","","Jagiellonia","","Player","","Cleared","$12,500,000","","","","","","","","","","","Brazil","Free Agent","","",""
"","","","","","","","","","|","","","themightyjesse","D","$10,000,000","","Free Agent","","Player","","Cleared","$12,500,000","","","","","","","","","","","United States","Free Agent","","",""
"","","","","","","","","","|","","","Rayquazathepro","D","$10,000,000","","Free Agent","","Player","","Cleared","$12,500,000","","","","","","","","","","","United States","Free Agent","","",""
"","","","","","","","","","|","","","plaetini","D","$10,000,000","","Free Agent","","Player","","Cleared","$12,500,000","","","","","","","","","","","England","Sporting CP","","",""
"","","","","","","","","","|","","","Realuct","D","$10,000,000","","Free Agent","","Player","","Cleared","$12,500,000","","","","","","","","","","","England","Celtic F.C","","",""
"","","","","","","","","","|","","","marianoycamila08","D","$10,000,000","","Olympiacos","","Player","","Cleared","$12,500,000","","","","","","","","","","","Argentina","Pafos FC","","",""
"","","","","","","","","","|","","","Fraudrian","D","$10,000,000","","Basel","","Player","","Cleared","$12,500,000","","","","","","","","","","","Latvia","Free Agent","","",""
"","","","","","","","","","|","","","michell_2011","D","$10,000,000","","Free Agent","","Player","","Cleared","$12,500,000","","","","","","","","","","","Brazil","Tottenham Hotspur","","",""
"","","","","","","","","","|","","","FranElCapo24","D","$10,000,000","","Real Madrid C.F","","Player","","Cleared","$12,500,000","","","","","","","","","","","Uruguay","Paris FC","","",""
"","","","","","","","","","|","","","MemoEgy","D","$10,000,000","","Free Agent","","Player","","Cleared","$12,500,000","","","","","","","","","","","Egypt","NAC Breda","","",""
"","","","","","","","","","|","","","OnepunchZv","D","$10,000,000","","Free Agent","","Player","","Cleared","$12,500,000","","","","","","","","","","","Turkey","Jagiellonia","","",""
"","","","","","","","","","|","","","otxxkk","D","$10,000,000","","Cfr Cluj","","Player","","Cleared","$12,500,000","","","","","","","","","","","Brazil","NAC Breda","","",""
"","","","","","","","","","|","","","8bein8","D","$10,000,000","","Olympiacos","","Player","","Cleared","$12,500,000","","","","","","","","","","","Argentina","Free Agent","","",""
"","","","","","","","","","|","","","JzzSenn","D","$10,000,000","","Feyenoord","","Player","","Cleared","$12,500,000","","","","","","","","","","","Argentina","AFC Ajax","","",""
"","","","","","","","","","|","","","papucraft_43","D","$10,000,000","","SLB Benfica","","Player","","RESA Ban","$12,500,000","","","","","","","","","","","Ecuador","Free Agent","","",""
"","","","","","","","","","|","","","yossefessa","D","$10,000,000","","Free Agent","","Player","","Cleared","$12,500,000","","","","","","","","","","","Egypt","Celtic F.C","","",""
"","","","","","","","","","|","","","R3scerns","D","$10,000,000","","Manchester City","","Player","","Cleared","$12,500,000","","","","","","","","","","","England","Free Agent","","",""
"","","","","","","","","","|","","","imthemeatballzzz","D","$10,000,000","","Viktoria Plzen","","Assistant","","Cleared","$12,500,000","","","","","","","","","","","Hong Kong","Free Agent","","",""
"","","","","","","","","","|","","","Iam_Owen","D","$10,000,000","","Rijeka","","Player","","Cleared","$12,500,000","","","","","","","","","","","United States","Free Agent","","",""
"","","","","","","","","","|","","","MrHiko_Yt","D","$10,000,000","","Basel","","Player","","Cleared","$12,500,000","","","","","","","","","","","Russia","RB Salzburg","","",""
"","","","","","","","","","|","","","Synicalz_x","D","$10,000,000","","Free Agent","","Player","","Cleared","$12,500,000","","","","","","","","","","","England","PSV Eindhoven","","",""
"","","","","","","","","","|","","","LVRAFLEUZE","D","$10,000,000","","Free Agent","","Player","","Cleared","$12,500,000","","","","","","","","","","","France","Free Agent","","",""
"","","","","","","","","","|","","","JezuGreen","D","$10,000,000","","Inter Milan","","Player","","Cleared","$12,500,000","","","","","","","","","","","England","Free Agent","","",""
"","","","","","","","","","|","","","Semkokozluca3","D","$10,000,000","","Free Agent","","Player","","Cleared","$12,500,000","","","","","","","","","","","Turkey","Free Agent","","",""
"","","","","","","","","","|","","","Maximo_2016","D","$10,000,000","","Free Agent","","Player","","Cleared","$12,500,000","","","","","","","","","","","Chile","Free Agent","","",""
"","","","","","","","","","|","","","Ymazing1","D","$10,000,000","","Free Agent","","Player","","Cleared","$12,500,000","","","","","","","","","","","England","Free Agent","","",""
"","","","","","","","","","|","","","The_Zomboss47 ","D","$10,000,000","","Alaves","","Player","","Cleared","$12,500,000","","","","","","","","","","","Slovakia","Free Agent","","",""
"","","","","","","","","","|","","","TerminatorBat123","D","$10,000,000","","Free Agent","","Player","","Cleared","$12,500,000","","","","","","","","","","","Austria","Free Agent","","",""
"","","","","","","","","","|","","","EricRB321","D","$10,000,000","","Free Agent","","Player","","Cleared","$12,500,000","","","","","","","","","","","Brazil","Free Agent","","",""
"","","","","","","","","","|","","","neuerszn","D","$10,000,000","","Feyenoord","","Player","","Cleared","$12,500,000","","","","","","","","","","","Netherlands","Free Agent","","",""
"","","","","","","","","","|","","","DonTavera","D","$10,000,000","","Free Agent","","Player","","Cleared","$12,500,000","","","","","","","","","","","United States","Free Agent","","",""
"","","","","","","","","","|","","","lsmJ0shva","D","$10,000,000","","Free Agent","","Player","","Cleared","$12,500,000","","","","","","","","","","","France","Free Agent","","",""
"","","","","","","","","","|","","","DagerDark","D","$10,000,000","","Free Agent","","Player","","Cleared","$12,500,000","","","","","","","","","","","United States","Free Agent","","",""
"","","","","","","","","","|","","","vveald","D","$10,000,000","","Free Agent","","Player","","Cleared","$12,500,000","","","","","","","","","","","England","Free Agent","","",""
"","","","","","","","","","|","","","ILGOT","D","$10,000,000","","Free Agent","","Player","","Cleared","$12,500,000","","","","","","","","","","","Finland","Free Agent","","",""
"","","","","","","","","","|","","","barbkoumpo","D","$10,000,000","","Bayern Munich","","Player","","Cleared","$12,500,000","","","","","","","","","","","Portugal","Free Agent","","",""
"","","","","","","","","","|","","","destzard","D","$10,000,000","","Free Agent","","Player","","Cleared","$12,500,000","","","","","","","","","","","Brazil","Free Agent","","",""
"","","","","","","","","","|","","","ryanreverse","D","$10,000,000","","Free Agent","","Player","","Cleared","$12,500,000","","","","","","","","","","","Brazil","AFC Ajax","","",""
"","","","","","","","","","|","","","leonardocp7","D","$10,000,000","","Free Agent","","Player","","Cleared","$12,500,000","","","","","","","","","","","Brazil","Hamrun Spartans","","",""
"","","","","","","","","","|","","","3qu","D","$10,000,000","","Free Agent","","Player","","Cleared","$12,500,000","","","","","","","","","","","Portugal","Free Agent","","",""
"","","","","","","","","","|","","","spaniardfalcon","D","$10,000,000","","Free Agent","","Player","","Cleared","$12,500,000","","","","","","","","","","","Brazil","Free Agent","","",""
"","","","","","","","","","|","","","pIatinii","D","$10,000,000","","Free Agent","","Player","","Cleared","$12,500,000","","","","","","","","","","","Brazil","Free Agent","","",""
"","","","","","","","","","|","","","vandebeek_6","D","$10,000,000","","Basel","","Player","","Cleared","$12,500,000","","","","","","","","","","","Netherlands","Hamrun Spartans","","",""
"","","","","","","","","","|","","","Rafo_ux","D","$10,000,000","","Free Agent","","Player","","Cleared","$12,500,000","","","","","","","","","","","Turkey","Free Agent","","",""
"","","","","","","","","","|","","","24sevo","D","$10,000,000","","Free Agent","","Player","","Cleared","$12,500,000","","","","","","","","","","","England","Free Agent","","",""
"","","","","","","","","","|","","","Atagyh","D","$10,000,000","","Galatasaray","","Player","","Cleared","$12,500,000","","","","","","","","","","","Turkey","Pafos FC","","",""
"","","","","","","","","","|","","","4reseet","D","$10,000,000","","Free Agent","","Player","","RESA Ban","$12,500,000","","","","","","","","","","","France","Free Agent","","",""
"","","","","","","","","","|","","","princessmohid","D","$10,000,000","","Free Agent","","Player","","Cleared","$12,500,000","","","","","","","","","","","England","Free Agent","","",""
"","","","","","","","","","|","","","xxProGamer777xx","D","$10,000,000","","Rijeka","","Player","","Cleared","$12,500,000","","","","","","","","","","","Bangladesh","Free Agent","","",""
"","","","","","","","","","|","","","BlobbyRejection","D","$10,000,000","","Hamrun Spartans","","Player","","Cleared","$12,500,000","","","","","","","","","","","Northern Ireland","Free Agent","","",""
"","","","","","","","","","|","","","xaxors22","D","$10,000,000","","Free Agent","","Player","","Cleared","$12,500,000","","","","","","","","","","","Argentina","Free Agent","","",""
"","","","","","","","","","|","","","Gl6vion","D","$10,000,000","","Free Agent","","Player","","Cleared","$12,500,000","","","","","","","","","","","Portugal","RB Leipzig","","",""
"","","","","","","","","","|","","","Javigamer845","D","$10,000,000","","Viktoria Plzen","","Player","","Cleared","$12,500,000","","","","","","","","","","","Spain","Free Agent","","",""
"","","","","","","","","","|","","","PatrickWheels","D","$10,000,000","","Free Agent","","Player","","Cleared","$12,500,000","","","","","","","","","","","England","Free Agent","","",""
"","","","","","","","","","|","","","6skyr6","D","$10,000,000","","Free Agent","","Player","","Cleared","$12,500,000","","","","","","","","","","","England","Free Agent","","",""
"","","","","","","","","","|","","","superboys121","D","$10,000,000","","Free Agent","","Player","","Cleared","$12,500,000","","","","","","","","","","","England","Free Agent","","",""
"","","","","","","","","","|","","","earwax9000","D","$10,000,000","","Rijeka","","Player","","Cleared","$12,500,000","","","","","","","","","","","United States","Free Agent","","",""
"","","","","","","","","","|","","","GolanBall","D","$10,000,000","","Free Agent","","Player","","Cleared","$12,500,000","","","","","","","","","","","Ghana","Free Agent","","",""
"","","","","","","","","","|","","","bueeeeeeeeeeeeno","D","$10,000,000","","Olympiacos","","Player","","Cleared","$12,500,000","","","","","","","","","","","Argentina","Free Agent","","",""
"","","","","","","","","","|","","","bxleronheim","D","$10,000,000","","Club Brugge","","Player","","Cleared","$12,500,000","","","","","","","","","","","Spain","","","",""
"","","","","","","","","","|","","","AIqueqe","D","$10,000,000","","Free Agent","","Player","","Game Banned","$12,500,000","","","","","","","","","","","Argentina","","","",""
"","","","","","","","","","|","","","08lxg","D","$10,000,000","","Dinamo Zagreb","","Assistant","","Cleared","$12,500,000","","","","","","","","","","","Peru","","","",""
"","","","","","","","","","|","","","kwambala","D","$10,000,000","","F.C Barcelona","","Player","","Cleared","$12,500,000","","","","","","","","","","","Armenia","","","",""
"","","","","","","","","","|","","","Iastviolin","D","$10,000,000","","Free Agent","","Player","","Cleared","$12,500,000","","","","","","","","","","","Russia","","","",""
"","","","","","","","","","|","","","k9vrz","D","$10,000,000","","Free Agent","","Player","","Cleared","$12,500,000","","","","","","","","","","","England","","","",""
"","","","","","","","","","|","","","WATBEETLE","D","$10,000,000","","Free Agent","","Player","","Cleared","$12,500,000","","","","","","","","","","","England","","","",""
"","","","","","","","","","|","","","duburn","D","$10,000,000","","SLB Benfica","","Player","","Cleared","$12,500,000","","","","","","","","","","","United States","","","",""
"","","","","","","","","","|","","","merwan_78","D","$10,000,000","","Porto","","Player","","Cleared","$12,500,000","","","","","","","","","","","France","","","",""
"","","","","","","","","","|","","","Iep_ro","D","$10,000,000","","Free Agent","","Player","","Game Banned","$12,500,000","","","","","","","","","","","Belgium","","","",""
"","","","","","","","","","|","","","eythannem2","D","$10,000,000","","Free Agent","","Player","","Cleared","$12,500,000","","","","","","","","","","","Peru","","","",""
"","","","","","","","","","|","","","RebeIinq","D","$10,000,000","","Real Madrid C.F","","Player","","Cleared","$12,500,000","","","","","","","","","","","England","","","",""
"","","","","","","","","","|","","","fvzaro","D","$10,000,000","","Free Agent","","Player","","Cleared","$12,500,000","","","","","","","","","","","Brazil","","","",""
"","","","","","","","","","|","","","nien0w","D","$10,000,000","","Free Agent","","Player","","Cleared","$12,500,000","","","","","","","","","","","Brazil","","","",""
"","","","","","","","","","|","","","Villehenia","D","$10,000,000","","Go Ahead Eagles","","Player","","Cleared","$12,500,000","","","","","","","","","","","Trinidad and Tobago","","","",""
"","","","","","","","","","|","","","chunkymojak","D","$10,000,000","","Free Agent","","Player","","Game Banned","$12,500,000","","","","","","","","","","","England","","","",""
"","","","","","","","","","|","","","entracting","D","$10,000,000","","Free Agent","","Player","","Cleared","$12,500,000","","","","","","","","","","","Israel","","","",""
"","","","","","","","","","|","","","3xilno","D","$10,000,000","","AC Milan","","Player","","Cleared","$12,500,000","","","","","","","","","","","Morocco","","","",""
"","","","","","","","","","|","","","Speedyzv","D","$10,000,000","","AC Milan","","Player","","Cleared","$12,500,000","","","","","","","","","","","Sweden","","","",""
"","","","","","","","","","|","","","swzrox","D","$10,000,000","","Free Agent","","Player","","Cleared","$12,500,000","","","","","","","","","","","Romania","","","",""
"","","","","","","","","","|","","","slimboyfat5","D","$10,000,000","","Free Agent","","Player","","Cleared","$12,500,000","","","","","","","","","","","Germany","","","",""
"","","","","","","","","","|","","","CARLOSAAFR","D","$10,000,000","","Free Agent","","Player","","Cleared","$12,500,000","","","","","","","","","","","Honduras","","","",""
"","","","","","","","","","|","","","liokujin","D","$10,000,000","","Free Agent","","Player","","Cleared","$12,500,000","","","","","","","","","","","Germany","","","",""
"","","","","","","","","","|","","","Eduardcraftim1","D","$10,000,000","","Free Agent","","Player","","Cleared","$12,500,000","","","","","","","","","","","Venezuela","","","",""
"","","","","","","","","","|","","","braxcrack","D","$10,000,000","","Free Agent","","Player","","Cleared","$12,500,000","","","","","","","","","","","Argentina","","","",""
"","","","","","","","","","|","","","DemianEze123","D","$10,000,000","","Free Agent","","Player","","Cleared","$12,500,000","","","","","","","","","","","Argentina","","","",""
"","","","","","","","","","|","","","RUFAT36_14","D","$10,000,000","","Free Agent","","Player","","Cleared","$12,500,000","","","","","","","","","","","Belgium","","","",""
"","","","","","","","","","|","","","Drakzorv","D","$10,000,000","","Copenhagen","","Player","","Cleared","$12,500,000","","","","","","","","","","","United States","","","",""
"","","","","","","","","","|","","","1echeryy","D","$10,000,000","","Free Agent","","Player","","Cleared","$12,500,000","","","","","","","","","","","Portugal","","","",""
"","","","","","","","","","|","","","hnvh61","D","$10,000,000","","Basel","","Player","","Cleared","$12,500,000","","","","","","","","","","","Vietnam","","","",""
"","","","","","","","","","|","","","Ousmane_Dembele2","D","$10,000,000","","Free Agent","","Player","","Cleared","$12,500,000","","","","","","","","","","","England","","","",""
"","","","","","","","","","|","","","SwaySwayboii_II","D","$10,000,000","","Free Agent","","Player","","Cleared","$12,500,000","","","","","","","","","","","South Africa","","","",""
"","","","","","","","","","|","","","Wertbiceps","D","$10,000,000","","Free Agent","","Player","","Cleared","$12,500,000","","","","","","","","","","","England","","","",""
"","","","","","","","","","|","","","AlmightyCato","D","$10,000,000","","Hearts","","Player","","Cleared","$12,500,000","","","","","","","","","","","Netherlands","","","",""
"","","","","","","","","","|","","","Mohamadpar4528","D","$10,000,000","","Basel","","Player","","Cleared","$12,500,000","","","","","","","","","","","Iran","","","",""
"","","","","","","","","","|","","","10rvp","D","$10,000,000","","Free Agent","","Player","","Cleared","$12,500,000","","","","","","","","","","","Italy","","","",""
"","","","","","","","","","|","","","armeniodbest","D","$10,000,000","","Hamrun Spartans","","Player","","Cleared","$12,500,000","","","","","","","","","","","Malta","","","",""
"","","","","","","","","","|","","","AidanDevz","D","$10,000,000","","Free Agent","","Player","","Cleared","$12,500,000","","","","","","","","","","","Northern Ireland","","","",""
"","","","","","","","","","|","","","bxnetic","D","$10,000,000","","Free Agent","","Player","","Cleared","$12,500,000","","","","","","","","","","","England","","","",""
"","","","","","","","","","|","","","Domosaur_Tim","D","$10,000,000","","Hamrun Spartans","","Player","","Cleared","$12,500,000","","","","","","","","","","","Netherlands","","","",""
"","","","","","","","","","|","","","Hansej","D","$10,000,000","","Hamrun Spartans","","Player","","Cleared","$12,500,000","","","","","","","","","","","Sweden","","","",""
"","","","","","","","","","|","","","ollman22","D","$10,000,000","","Free Agent","","Player","","Cleared","$12,500,000","","","","","","","","","","","England","","","",""
"","","","","","","","","","|","","","superroblox321","D","$10,000,000","","Hamrun Spartans","","Player","","Cleared","$12,500,000","","","","","","","","","","","England","","","",""
"","","","","","","","","","|","","","x86Havoc","D","$10,000,000","","Free Agent","","Player","","Cleared","$12,500,000","","","","","","","","","","","Poland","","","",""
"","","","","","","","","","|","","","szemuveg_gaming","D","$10,000,000","","Dinamo Zagreb","","Player","","Cleared","$12,500,000","","","","","","","","","","","Hungary","","","",""
"","","","","","","","","","|","","","XxFelipexX7w7","D","$10,000,000","","Free Agent","","Player","","Cleared","$12,500,000","","","","","","","","","","","Colombia","","","",""
"","","","","","","","","","|","","","zemblyrnn","D","$10,000,000","","Basel","","Loan Out","","Cleared","$12,500,000","","","","","","","","","","","England","","","",""
"","","","","","","","","","|","","","jezyk4519","D","$10,000,000","","Red Star Belgrade","","Player","","Cleared","$12,500,000","","","","","","","","","","","Poland","","","",""
"","","","","","","","","","|","","","Vaalahh","D","$10,000,000","","Free Agent","","Player","","Cleared","$12,500,000","","","","","","","","","","","Romania","","","",""
"","","","","","","","","","|","","","verissed","D","$10,000,000","","Viktoria Plzen","","Player","","Cleared","$12,500,000","","","","","","","","","","","Serbia","","","",""
"","","","","","","","","","|","","","sincerelyjays","D","$10,000,000","","Juventus F.C","","Player","","Cleared","$12,500,000","","","","","","","","","","","Denmark","","","",""
"","","","","","","","","","|","","","HasHikO_PriMexS","D","$10,000,000","","Club Brugge","","Player","","Cleared","$12,500,000","","","","","","","","","","","Colombia","","","",""
"","","","","","","","","","|","","","DarkFoXXDie","D","$10,000,000","","Free Agent","","Player","","Cleared","$12,500,000","","","","","","","","","","","Argentina","","","",""
"","","","","","","","","","|","","","WEksnmw","D","$10,000,000","","Real Madrid C.F","","Player","","Cleared","$12,500,000","","","","","","","","","","","Peru","","","",""
"","","","","","","","","","|","","","Ax3lXIO","D","$10,000,000","","Cfr Cluj","","Player","","Cleared","$12,500,000","","","","","","","","","","","Uruguay","","","",""
"","","","","","","","","","|","","","aymericIaporte","D","$10,000,000","","Cfr Cluj","","Player","","Cleared","$12,500,000","","","","","","","","","","","Brazil","","","",""
"","","","","","","","","","|","","","Rm8w","D","$10,000,000","","Newcastle United","","Player","","Cleared","$12,500,000","","","","","","","","","","","Qatar","","","",""
"","","","","","","","","","|","","","teyix","D","$10,000,000","","Free Agent","","Player","","Cleared","$12,500,000","","","","","","","","","","","England","","","",""
"","","","","","","","","","|","","","SirWayneMarshal","D","$10,000,000","","Juventus F.C","","Player","","Cleared","$12,500,000","","","","","","","","","","","United States","","","",""
"","","","","","","","","","|","","","minwager","D","$10,000,000","","Bayern Munich","","Player","","Cleared","$12,500,000","","","","","","","","","","","England","","","",""
"","","","","","","","","","|","","","MonkiSeb","D","$10,000,000","","Free Agent","","Player","","Cleared","$12,500,000","","","","","","","","","","","Norway","","","",""
"","","","","","","","","","|","","","lxgendv","D","$10,000,000","","Paris Saint-Germain","","Player","","Cleared","$12,500,000","","","","","","","","","","","Russia","","","",""
"","","","","","","","","","|","","","ForisHD","D","$10,000,000","","Porto","","Player","","Cleared","$12,500,000","","","","","","","","","","","Slovakia","","","",""
"","","","","","","","","","|","","","62kats","D","$10,000,000","","Fiorentina","","Assistant","","Cleared","$12,500,000","","","","","","","","","","","Israel","","","",""
"","","","","","","","","","|","","","golangoal","D","$10,000,000","","Free Agent","","Player","","Cleared","$12,500,000","","","","","","","","","","","Israel","","","",""
"","","","","","","","","","|","","","EMKO123","D","$10,000,000","","Free Agent","","Player","","Cleared","$12,500,000","","","","","","","","","","","Bulgaria","","","",""
"","","","","","","","","","|","","","reddlined","D","$10,000,000","","Inter Milan","","Player","","Cleared","$12,500,000","","","","","","","","","","","Czechia","","","",""
"","","","","","","","","","|","","","46xkuni","D","$10,000,000","","Arsenal F.C","","Player","","Cleared","$12,500,000","","","","","","","","","","","England","","","",""
"","","","","","","","","","|","","","Bonk993","D","$10,000,000","","Bayern Munich","","Player","","Cleared","$12,500,000","","","","","","","","","","","Portugal","","","",""
"","","","","","","","","","|","","","kmainoo","D","$10,000,000","","Manchester City","","Player","","Cleared","$12,500,000","","","","","","","","","","","Bahrain","","","",""
"","","","","","","","","","|","","","shonyu456","D","$10,000,000","","Free Agent","","Player","","Cleared","$12,500,000","","","","","","","","","","","Peru","","","",""
"","","","","","","","","","|","","","Smashwolf007","D","$10,000,000","","Free Agent","","Player","","Cleared","$12,500,000","","","","","","","","","","","Slovenia","","","",""
"","","","","","","","","","|","","","oscarvrc","D","$10,000,000","","Inter Milan","","Player","","Cleared","$12,500,000","","","","","","","","","","","England","","","",""
"","","","","","","","","","|","","","IValendinhoI","D","$10,000,000","","Free Agent","","Player","","Cleared","$12,500,000","","","","","","","","","","","Mexico","","","",""
"","","","","","","","","","|","","","vronaIdo","D","$10,000,000","","Red Star Belgrade","","Player","","Cleared","$12,500,000","","","","","","","","","","","Brazil","","","",""
"","","","","","","","","","|","","","EUSOUMBOLINHO1234","D","$10,000,000","","Tottenham Hotspur","","Player","","Cleared","$12,500,000","","","","","","","","","","","Brazil","","","",""
"","","","","","","","","","|","","","3versonnn","D","$10,000,000","","Real Madrid C.F","","Player","","Cleared","$12,500,000","","","","","","","","","","","United States","","","",""
"","","","","","","","","","|","","","Khojent","D","$10,000,000","","Free Agent","","Player","","Cleared","$12,500,000","","","","","","","","","","","Netherlands","","","",""
"","","","","","","","","","|","","","vloteq","D","$10,000,000","","Free Agent","","Player","","Cleared","$12,500,000","","","","","","","","","","","Albania","","","",""
"","","","","","","","","","|","","","3amekC1NCO","D","$10,000,000","","Free Agent","","Player","","Cleared","$12,500,000","","","","","","","","","","","Netherlands","","","",""
"","","","","","","","","","|","","","Ignite_bally","D","$10,000,000","","Free Agent","","Player","","Cleared","$12,500,000","","","","","","","","","","","England","","","",""
"","","","","","","","","","|","","","ValennqRodriguez
","D","$10,000,000","","Galatasaray","","Player","","Cleared","$12,500,000","","","","","","","","","","","Spain","","","",""
"","","","","","","","","","|","","","MoonYaps","D","$10,000,000","","Free Agent","","Player","","Cleared","$12,500,000","","","","","","","","","","","Peru","","","",""
"","","","","","","","","","|","","","fabretzko","D","$10,000,000","","Manchester City","","Player","","Cleared","$12,500,000","","","","","","","","","","","Peru","","","",""
"","","","","","","","","","|","","","bztibo ","D","$10,000,000","","Go Ahead Eagles","","Player","","Cleared","$12,500,000","","","","","","","","","","","Italy","","","",""
"","","","","","","","","","|","","","Megadaquebradaa","D","$10,000,000","","Free Agent","","Player","","Cleared","$12,500,000","","","","","","","","","","","Brazil","","","",""
"","","","","","","","","","|","","","xXammyXx9","D","$10,000,000","","Free Agent","","Player","","Cleared","$12,500,000","","","","","","","","","","","England","","","",""
"","","","","","","","","","|","","","larry_maguire","D","$10,000,000","","Free Agent","","Player","","Cleared","$12,500,000","","","","","","","","","","","Argentina","","","",""
"","","","","","","","","","|","","","alicx_675","D","$10,000,000","","Go Ahead Eagles","","Player","","Cleared","$12,500,000","","","","","","","","","","","Saudi Arabia","","","",""
"","","","","","","","","","|","","","vegzinho ","D","$10,000,000","","Dinamo Zagreb","","Player","","Cleared","$12,500,000","","","","","","","","","","","Chile","","","",""
"","","","","","","","","","|","","","Sami3494","D","$10,000,000","","Hamrun Spartans","","Player","","Cleared","$12,500,000","","","","","","","","","","","England","","","",""
"","","","","","","","","","|","","","notan0ma1y ","D","$10,000,000","","Cfr Cluj","","Player","","Cleared","$12,500,000","","","","","","","","","","","Russia","","","",""
"","","","","","","","","","|","","","shineIover","D","$10,000,000","","Newcastle United","","Player","","Cleared","$12,500,000","","","","","","","","","","","Brazil","","","",""
"","","","","","","","","","|","","","KingJohnn0","D","$10,000,000","","Free Agent","","Player","","Cleared","$12,500,000","","","","","","","","","","","England","","","",""
"","","","","","","","","","|","","","arbeIoa","D","$10,000,000","","Olympique Lyon","","Player","","Cleared","$12,500,000","","","","","","","","","","","Argentina","","","",""
"","","","","","","","","","|","","","Poaxngh","D","$10,000,000","","Hearts","","Player","","Cleared","$12,500,000","","","","","","","","","","","Brazil","","","",""
"","","","","","","","","","|","","","gravenberrch","D","$10,000,000","","Cfr Cluj","","Player","","Cleared","$12,500,000","","","","","","","","","","","England","","","",""
"","","","","","","","","","|","","","Qytherra","D","$10,000,000","","AC Milan","","Player","","Cleared","$12,500,000","","","","","","","","","","","Tunisia","","","",""
"","","","","","","","","","|","","","IMpulseflash09","D","$10,000,000","","Go Ahead Eagles","","Player","","Cleared","$12,500,000","","","","","","","","","","","Turkey","","","",""
"","","","","","","","","","|","","","spiritfalI","D","$10,000,000","","Free Agent","","Player","","Cleared","$12,500,000","","","","","","","","","","","Brazil","","","",""
"","","","","","","","","","|","","","ZohShiia","D","$10,000,000","","Hamrun Spartans","","Player","","Cleared","$12,500,000","","","","","","","","","","","Portugal","","","",""
"","","","","","","","","","|","","","liorated","D","$10,000,000","","Red Star Belgrade","","Player","","Cleared","$12,500,000","","","","","","","","","","","Argentina","","","",""
"","","","","","","","","","|","","","spainpzqq ","D","$10,000,000","","Free Agent","","Player","","Cleared","$12,500,000","","","","","","","","","","","Spain","","","",""
"","","","","","","","","","|","","","Bertox1_7 ","D","$10,000,000","","Free Agent","","Player","","Cleared","$12,500,000","","","","","","","","","","","Spain","","","",""
"","","","","","","","","","|","","","masegoheart","D","$10,000,000","","Viktoria Plzen","","Player","","Cleared","$12,500,000","","","","","","","","","","","Vietnam","","","",""
"","","","","","","","","","|","","","07Frovyn ","D","$10,000,000","","Olympique Lyon","","Player","","Cleared","$12,500,000","","","","","","","","","","","Canada","","","",""
"","","","","","","","","","|","","","Arubaza","D","$10,000,000","","Fiorentina","","Player","","Cleared","$12,500,000","","","","","","","","","","","United States","","","",""
"","","","","","","","","","|","","","Cxsemiro","D","$10,000,000","","Free Agent","","Player","","Cleared","$12,500,000","","","","","","","","","","","England","","","",""
"","","","","","","","","","|","","","kunagvero ","D","$10,000,000","","Olympique Lyon","","Player","","Cleared","$12,500,000","","","","","","","","","","","England","","","",""
"","","","","","","","","","|","","","xOVxmpire","D","$10,000,000","","Rijeka","","Assistant","","Cleared","$12,500,000","","","","","","","","","","","Canada","","","",""
"","","","","","","","","","|","","","SantanBenZ","D","$10,000,000","","Newcastle United","","Player","","Cleared","$12,500,000","","","","","","","","","","","England","","","",""
"","","","","","","","","","|","","","Womvalen_22","D","$10,000,000","","Free Agent","","Player","","Cleared","$12,500,000","","","","","","","","","","","Argentina","","","",""
"","","","","","","","","","|","","","Tsumao_chara","D","$10,000,000","","Copenhagen","","Player","","Cleared","$12,500,000","","","","","","","","","","","Switzerland","","","",""
"","","","","","","","","","|","","","fabakovic","D","$10,000,000","","Free Agent","","Player","","Cleared","$12,500,000","","","","","","","","","","","Austria","","","",""
"","","","","","","","","","|","","","Danyadubh","D","$10,000,000","","Free Agent","","Player","","Cleared","$12,500,000","","","","","","","","","","","England","","","",""
"","","","","","","","","","|","","","BJKShadoWW","D","$10,000,000","","Basel","","Player","","Cleared","$12,500,000","","","","","","","","","","","Turkey","","","",""
"","","","","","","","","","|","","","mikezua","D","$10,000,000","","Free Agent","","Player","","Cleared","$12,500,000","","","","","","","","","","","Turkey","","","",""
"","","","","","","","","","|","","","66xix","D","$10,000,000","","Free Agent","","Player","","Cleared","$12,500,000","","","","","","","","","","","South Africa","","","",""
"","","","","","","","","","|","","","Pahrinho","D","$10,000,000","","Copenhagen","","Player","","Cleared","$12,500,000","","","","","","","","","","","Indonesia","","","",""
"","","","","","","","","","|","","","dybalafuturo10
","D","$10,000,000","","Manchester United","","Player","","Cleared","$12,500,000","","","","","","","","","","","Argentina","","","",""
"","","","","","","","","","|","","","Lakierkes","D","$10,000,000","","Free Agent","","Player","","Cleared","$12,500,000","","","","","","","","","","","Lithuania","","","",""
"","","","","","","","","","|","","","Rive11ino","D","$10,000,000","","Free Agent","","Player","","Cleared","$12,500,000","","","","","","","","","","","Pakistan","","","",""
"","","","","","","","","","|","","","chaamarcelo","D","$10,000,000","","Free Agent","","Player","","Cleared","$12,500,000","","","","","","","","","","","Pakistan","","","",""
"","","","","","","","","","|","","","Wind_TPS","D","$10,000,000","","Free Agent","","Player","","Cleared","$12,500,000","","","","","","","","","","","Guatemala","","","",""
"","","","","","","","","","|","","","ROBLOXSENSIBLENOOB","D","$10,000,000","","Free Agent","","Player","","Cleared","$12,500,000","","","","","","","","","","","Nicaragua","","","",""
"","","","","","","","","","|","","","ezequielmanu","D","$10,000,000","","Porto","","Player","","Cleared","$12,500,000","","","","","","","","","","","Argentina","","","",""
"","","","","","","","","","|","","","1uisChilavert","D","$10,000,000","","Free Agent","","Player","","Cleared","$12,500,000","","","","","","","","","","","Paraguay","","","",""
"","","","","","","","","","|","","","GoldinatorBat123","D","$10,000,000","","Free Agent","","Player","","Cleared","$12,500,000","","","","","","","","","","","Lithuania","","","",""
"","","","","","","","","","|","","","nutkhung","D","$10,000,000","","Basel","","Player","","Cleared","$12,500,000","","","","","","","","","","","Turkey","","","",""
"","","","","","","","","","|","","","Le_ThugDuBled","D","$10,000,000","","Copenhagen","","Player","","Cleared","$12,500,000","","","","","","","","","","","Switzerland","","","",""
"","","","","","","","","","|","","","waygiu","D","$10,000,000","","F.C Barcelona","","Player","","Cleared","$12,500,000","","","","","","","","","","","Argentina","","","",""
"","","","","","","","","","|","","","sjaak11","D","$10,000,000","","Club Brugge","","Player","","Cleared","$12,500,000","","","","","","","","","","","Netherlands","","","",""
"","","","","","","","","","|","","","mimithug12","D","$10,000,000","","Copenhagen","","Player","","Cleared","$12,500,000","","","","","","","","","","","Switzerland","","","",""
"","","","","","","","","","|","","","gamerproinres","D","$10,000,000","","Free Agent","","Player","","Cleared","$12,500,000","","","","","","","","","","","El Salvador","","","",""
"","","","","","","","","","|","","","Subek2016","D","$10,000,000","","Copenhagen","","Player","","Cleared","$12,500,000","","","","","","","","","","","Poland","","","",""
"","","","","","","","","","|","","","","","","","","","","","","","","","","","","","","","","","","","","",""
"","","","","","","","","","|","","","","","","","","","","","","","","","","","","","","","","","","","","",""
"","","","","","","","","","|","","","","","","","","","","","","","","","","","","","","","","","","","","",""
"","","","","","","","","","|","","","","","","","","","","","","","","","","","","","","","","","","","","",""
"","","","","","","","","","|","","","","","","","","","","","","","","","","","","","","","","","","","","",""
"","","","","","","","","","|","","","","","","","","","","","","","","","","","","","","","","","","","","",""
"","","","","","","","","","|","","","","","","","","","","","","","","","","","","","","","","","","","","",""
"","","","","","","","","","|","","","","","","","","","","","","","","","","","","","","","","","","","","",""
"","","","","","","","","","|","","","","","","","","","","","","","","","","","","","","","","","","","","",""
"","","","","","","","","","|","","","","","","","","","","","","","","","","","","","","","","","","","","",""
"","","","","","","","","","|","","","","","","","","","","","","","","","","","","","","","","","","","","",""
"","","","","","","","","","|","","","","","","","","","","","","","","","","","","","","","","","","","","",""
"","","","","","","","","","|","","","","","","","","","","","","","","","","","","","","","","","","","","",""
"","","","","","","","","","|","","","","","","","","","","","","","","","","","","","","","","","","","","",""
"","","","","","","","","","|","","","","","","","","","","","","","","","","","","","","","","","","","","",""
"","","","","","","","","","|","","","","","","","","","","","","","","","","","","","","","","","","","","",""
"","","","","","","","","","|","","","","","","","","","","","","","","","","","","","","","","","","","","",""
"","","","","","","","","","|","","","","","","","","","","","","","","","","","","","","","","","","","","",""
"","","","","","","","","","|","","","","","","","","","","","","","","","","","","","","","","","","","","",""
"","","","","","","","","","|","","","","","","","","","","","","","","","","","","","","","","","","","","",""
"","","","","","","","","","|","","","","","","","","","","","","","","","","","","","","","","","","","","",""
"","","","","","","","","","|","","","","","","","","","","","","","","","","","","","","","","","","","","",""
"","","","","","","","","","|","","","","","","","","","","","","","","","","","","","","","","","","","","",""
"","","","","","","","","","|","","","","","","","","","","","","","","","","","","","","","","","","","","",""
"","","","","","","","","","|","","","","","","","","","","","","","","","","","","","","","","","","","","",""
"","","","","","","","","","|","","","","","","","","","","","","","","","","","","","","","","","","","","",""
"","","","","","","","","","|","","","","","","","","","","","","","","","","","","","","","","","","","","",""
"","","","","","","","","","|","","","","","","","","","","","","","","","","","","","","","","","","","","",""
"","","","","","","","","","|","","","","","","","","","","","","","","","","","","","","","","","","","","",""
"","","","","","","","","","|","","","","","","","","","","","","","","","","","","","","","","","","","","",""
"","","","","","","","","","|","","","","","","","","","","","","","","","","","","","","","","","","","","",""
"","","","","","","","","","|","","","","","","","","","","","","","","","","","","","","","","","","","","",""
"","","","","","","","","","|","","","","","","","","","","","","","","","","","","","","","","","","","","",""
"","","","","","","","","","|","","","","","","","","","","","","","","","","","","","","","","","","","","",""
"","","","","","","","","","|","","","","","","","","","","","","","","","","","","","","","","","","","","",""
"","","","","","","","","","|","","","","","","","","","","","","","","","","","","","","","","","","","","",""
"","","","","","","","","","|","","","","","","","","","","","","","","","","","","","","","","","","","","",""
"","","","","","","","","","|","","","","","","","","","","","","","","","","","","","","","","","","","","",""
"","","","","","","","","","|","","","","","","","","","","","","","","","","","","","","","","","","","","",""
"","","","","","","","","","|","","","","","","","","","","","","","","","","","","","","","","","","","","",""
"","","","","","","","","","|","","","","","","","","","","","","","","","","","","","","","","","","","","",""
"","","","","","","","","","|","","","","","","","","","","","","","","","","","","","","","","","","","","",""
"","","","","","","","","","|","","","","","","","","","","","","","","","","","","","","","","","","","","",""
"","","","","","","","","","|","","","","","","","","","","","","","","","","","","","","","","","","","","",""
"","","","","","","","","","|","","","","","","","","","","","","","","","","","","","","","","","","","","",""
"","","","","","","","","","|","","","","","","","","","","","","","","","","","","","","","","","","","","",""
"","","","","","","","","","|","","","","","","","","","","","","","","","","","","","","","","","","","","",""
"","","","","","","","","","|","","","","","","","","","","","","","","","","","","","","","","","","","","",""
"","","","","","","","","","|","","","","","","","","","","","","","","","","","","","","","","","","","","",""
"","","","","","","","","","|","","","","","","","","","","","","","","","","","","","","","","","","","","",""
"","","","","","","","","","|","","","","","","","","","","","","","","","","","","","","","","","","","","",""
"","","","","","","","","","|","","","","","","","","","","","","","","","","","","","","","","","","","","",""
"","","","","","","","","","|","","","","","","","","","","","","","","","","","","","","","","","","","","",""
"","","","","","","","","","|","","","","","","","","","","","","","","","","","","","","","","","","","","",""
"","","","","","","","","","|","","","","","","","","","","","","","","","","","","","","","","","","","","",""
"","","","","","","","","","|","","","","","","","","","","","","","","","","","","","","","","","","","","",""
"","","","","","","","","","|","","","","","","","","","","","","","","","","","","","","","","","","","","",""
"","","","","","","","","","|","","","","","","","","","","","","","","","","","","","","","","","","","","",""
"","","","","","","","","","|","","","","","","","","","","","","","","","","","","","","","","","","","","",""
"","","","","","","","","","|","","","","","","","","","","","","","","","","","","","","","","","","","","",""
"","","","","","","","","","|","","","","","","","","","","","","","","","","","","","","","","","","","","",""
"","","","","","","","","","|","","","","","","","","","","","","","","","","","","","","","","","","","","",""
"","","","","","","","","","|","","","","","","","","","","","","","","","","","","","","","","","","","","",""
"","","","","","","","","","|","","","","","","","","","","","","","","","","","","","","","","","","","","",""
"","","","","","","","","","|","","","","","","","","","","","","","","","","","","","","","","","","","","",""
"","","","","","","","","","|","","","","","","","","","","","","","","","","","","","","","","","","","","",""
"","","","","","","","","","|","","","","","","","","","","","","","","","","","","","","","","","","","","",""
"","","","","","","","","","|","","","","","","","","","","","","","","","","","","","","","","","","","","",""
"","","","","","","","","","|","","","","","","","","","","","","","","","","","","","","","","","","","","",""
"","","","","","","","","","|","","","","","","","","","","","","","","","","","","","","","","","","","","",""
"","","","","","","","","","|","","","","","","","","","","","","","","","","","","","","","","","","","","",""
"","","","","","","","","","|","","","","","","","","","","","","","","","","","","","","","","","","","","",""
"","","","","","","","","","|","","","","","","","","","","","","","","","","","","","","","","","","","","",""
"","","","","","","","","","|","","","","","","","","","","","","","","","","","","","","","","","","","","",""
"","","","","","","","","","|","","","","","","","","","","","","","","","","","","","","","","","","","","",""
"","","","","","","","","","|","","","","","","","","","","","","","","","","","","","","","","","","","","",""
"","","","","","","","","","|","","","","","","","","","","","","","","","","","","","","","","","","","","",""
"","","","","","","","","","|","","","","","","","","","","","","","","","","","","","","","","","","","","",""
"","","","","","","","","","|","","","","","","","","","","","","","","","","","","","","","","","","","","",""
"","","","","","","","","","|","","","","","","","","","","","","","","","","","","","","","","","","","","",""
"","","","","","","","","","|","","","","","","","","","","","","","","","","","","","","","","","","","","",""
"","","","","","","","","","|","","","","","","","","","","","","","","","","","","","","","","","","","","",""
"","","","","","","","","","|","","","","","","","","","","","","","","","","","","","","","","","","","","",""
"","","","","","","","","","|","","","","","","","","","","","","","","","","","","","","","","","","","","",""
"","","","","","","","","","|","","","","","","","","","","","","","","","","","","","","","","","","","","",""
"","","","","","","","","","|","","","","","","","","","","","","","","","","","","","","","","","","","","",""
"","","","","","","","","","|","","","","","","","","","","","","","","","","","","","","","","","","","","",""
"","","","","","","","","","|","","","","","","","","","","","","","","","","","","","","","","","","","","",""
"","","","","","","","","","|","","","","","","","","","","","","","","","","","","","","","","","","","","",""
"","","","","","","","","","|","","","","","","","","","","","","","","","","","","","","","","","","","","",""
"","","","","","","","","","|","","","","","","","","","","","","","","","","","","","","","","","","","","",""
"","","","","","","","","","|","","","","","","","","","","","","","","","","","","","","","","","","","","",""
"","","","","","","","","","|","","","","","","","","","","","","","","","","","","","","","","","","","","",""
"","","","","","","","","","|","","","","","","","","","","","","","","","","","","","","","","","","","","",""
"","","","","","","","","","|","","","","","","","","","","","","","","","","","","","","","","","","","","",""
"","","","","","","","","","|","","","","","","","","","","","","","","","","","","","","","","","","","","",""
"","","","","","","","","","|","","","","","","","","","","","","","","","","","","","","","","","","","","",""
"","","","","","","","","","|","","","","","","","","","","","","","","","","","","","","","","","","","","",""
"","","","","","","","","","|","","","","","","","","","","","","","","","","","","","","","","","","","","",""
"","","","","","","","","","|","","","","","","","","","","","","","","","","","","","","","","","","","","",""
"","","","","","","","","","|","","","","","","","","","","","","","","","","","","","","","","","","","","",""
"","","","","","","","","","|","","","","","","","","","","","","","","","","","","","","","","","","","","",""
"","","","","","","","","","|","","","","","","","","","","","","","","","","","","","","","","","","","","",""
"","","","","","","","","","|","","","","","","","","","","","","","","","","","","","","","","","","","","",""
"","","","","","","","","","|","","","","","","","","","","","","","","","","","","","","","","","","","","",""
"","","","","","","","","","|","","","","","","","","","","","","","","","","","","","","","","","","","","",""
"","","","","","","","","","|","","","","","","","","","","","","","","","","","","","","","","","","","","",""
"","","","","","","","","","|","","","","","","","","","","","","","","","","","","","","","","","","","","",""
"","","","","","","","","","|","","","","","","","","","","","","","","","","","","","","","","","","","","",""
"","","","","","","","","","|","","","","","","","","","","","","","","","","","","","","","","","","","","",""
"","","","","","","","","","|","","","","","","","","","","","","","","","","","","","","","","","","","","",""
"","","","","","","","","","|","","","","","","","","","","","","","","","","","","","","","","","","","","",""
"","","","","","","","","","|","","","","","","","","","","","","","","","","","","","","","","","","","","",""
"","","","","","","","","","|","","","","","","","","","","","","","","","","","","","","","","","","","","",""
"","","","","","","","","","|","","","","","","","","","","","","","","","","","","","","","","","","","","",""
"","","","","","","","","","|","","","","","","","","","","","","","","","","","","","","","","","","","","",""
"","","","","","","","","","|","","","","","","","","","","","","","","","","","","","","","","","","","","",""
"","","","","","","","","","|","","","","","","","","","","","","","","","","","","","","","","","","","","",""
"","","","","","","","","","|","","","","","","","","","","","","","","","","","","","","","","","","","","",""
"","","","","","","","","","|","","","","","","","","","","","","","","","","","","","","","","","","","","",""
"","","","","","","","","","|","","","","","","","","","","","","","","","","","","","","","","","","","","",""
"","","","","","","","","","|","","","","","","","","","","","","","","","","","","","","","","","","","","",""
"","","","","","","","","","|","","","","","","","","","","","","","","","","","","","","","","","","","","",""
"","","","","","","","","","|","","","","","","","","","","","","","","","","","","","","","","","","","","",""
"","","","","","","","","","|","","","","","","","","","","","","","","","","","","","","","","","","","","",""
"","","","","","","","","","|","","","","","","","","","","","","","","","","","","","","","","","","","","",""
"","","","","","","","","","|","","","","","","","","","","","","","","","","","","","","","","","","","","",""
"","","","","","","","","","|","","","","","","","","","","","","","","","","","","","","","","","","","","",""
"","","","","","","","","","|","","","","","","","","","","","","","","","","","","","","","","","","","","",""
"","","","","","","","","","|","","","","","","","","","","","","","","","","","","","","","","","","","","",""
"","","","","","","","","","|","","","","","","","","","","","","","","","","","","","","","","","","","","",""
"","","","","","","","","","|","","","","","","","","","","","","","","","","","","","","","","","","","","",""
"","","","","","","","","","|","","","","","","","","","","","","","","","","","","","","","","","","","","",""
"","","","","","","","","","|","","","","","","","","","","","","","","","","","","","","","","","","","","",""
"","","","","","","","","","|","","","","","","","","","","","","","","","","","","","","","","","","","","",""
"","","","","","","","","","|","","","","","","","","","","","","","","","","","","","","","","","","","","",""
"","","","","","","","","","|","","","","","","","","","","","","","","","","","","","","","","","","","","",""
"","","","","","","","","","|","","","","","","","","","","","","","","","","","","","","","","","","","","",""
"","","","","","","","","","|","","","","","","","","","","","","","","","","","","","","","","","","","","",""
"","","","","","","","","","|","","","","","","","","","","","","","","","","","","","","","","","","","","",""
"","","","","","","","","","|","","","","","","","","","","","","","","","","","","","","","","","","","","",""
"","","","","","","","","","|","","","","","","","","","","","","","","","","","","","","","","","","","","",""
"","","","","","","","","","|","","","","","","","","","","","","","","","","","","","","","","","","","","",""
"","","","","","","","","","|","","","","","","","","","","","","","","","","","","","","","","","","","","",""
"","","","","","","","","","|","","","","","","","","","","","","","","","","","","","","","","","","","","",""
"","","","","","","","","","|","","","","","","","","","","","","","","","","","","","","","","","","","","",""
"","","","","","","","","","|","","","","","","","","","","","","","","","","","","","","","","","","","","",""
"","","","","","","","","","|","","","","","","","","","","","","","","","","","","","","","","","","","","",""
"","","","","","","","","","|","","","","","","","","","","","","","","","","","","","","","","","","","","",""
"","","","","","","","","","|","","","","","","","","","","","","","","","","","","","","","","","","","","",""
"","","","","","","","","","|","","","","","","","","","","","","","","","","","","","","","","","","","","",""
"","","","","","","","","","|","","","","","","","","","","","","","","","","","","","","","","","","","","",""
"","","","","","","","","","|","","","","","","","","","","","","","","","","","","","","","","","","","","",""
"","","","","","","","","","|","","","","","","","","","","","","","","","","","","","","","","","","","","",""
"","","","","","","","","","|","","","","","","","","","","","","","","","","","","","","","","","","","","",""
"","","","","","","","","","|","","","","","","","","","","","","","","","","","","","","","","","","","","",""
"","","","","","","","","","|","","","","","","","","","","","","","","","","","","","","","","","","","","",""
"","","","","","","","","","|","","","","","","","","","","","","","","","","","","","","","","","","","","",""
"","","","","","","","","","|","","","","","","","","","","","","","","","","","","","","","","","","","","",""
"","","","","","","","","","|","","","","","","","","","","","","","","","","","","","","","","","","","","",""
"","","","","","","","","","|","","","","","","","","","","","","","","","","","","","","","","","","","","",""
"","","","","","","","","","|","","","","","","","","","","","","","","","","","","","","","","","","","","",""
"","","","","","","","","","|","","","","","","","","","","","","","","","","","","","","","","","","","","",""
"","","","","","","","","","|","","","","","","","","","","","","","","","","","","","","","","","","","","",""
"","","","","","","","","","|","","","","","","","","","","","","","","","","","","","","","","","","","","",""
"","","","","","","","","","|","","","","","","","","","","","","","","","","","","","","","","","","","","",""
"","","","","","","","","","|","","","","","","","","","","","","","","","","","","","","","","","","","","",""
"","","","","","","","","","|","","","","","","","","","","","","","","","","","","","","","","","","","","",""
"","","","","","","","","","|","","","","","","","","","","","","","","","","","","","","","","","","","","",""
"","","","","","","","","","|","","","","","","","","","","","","","","","","","","","","","","","","","","",""
"","","","","","","","","","|","","","","","","","","","","","","","","","","","","","","","","","","","","",""
"","","","","","","","","","|","","","","","","","","","","","","","","","","","","","","","","","","","","",""
"","","","","","","","","","|","","","","","","","","","","","","","","","","","","","","","","","","","","",""
"","","","","","","","","","|","","","","","","","","","","","","","","","","","","","","","","","","","","",""
"","","","","","","","","","|","","","","","","","","","","","","","","","","","","","","","","","","","","",""
"","","","","","","","","","|","","","","","","","","","","","","","","","","","","","","","","","","","","",""
"","","","","","","","","","|","","","","","","","","","","","","","","","","","","","","","","","","","","",""
"","","","","","","","","","|","","","","","","","","","","","","","","","","","","","","","","","","","","",""
"","","","","","","","","","|","","","","","","","","","","","","","","","","","","","","","","","","","","",""
"","","","","","","","","","|","","","","","","","","","","","","","","","","","","","","","","","","","","",""
"","","","","","","","","","|","","","","","","","","","","","","","","","","","","","","","","","","","","",""
"","","","","","","","","","|","","","","","","","","","","","","","","","","","","","","","","","","","","",""
"","","","","","","","","","|","","","","","","","","","","","","","","","","","","","","","","","","","","",""
"","","","","","","","","","|","","","","","","","","","","","","","","","","","","","","","","","","","","",""
"","","","","","","","","","|","","","","","","","","","","","","","","","","","","","","","","","","","","",""
"","","","","","","","","","|","","","","","","","","","","","","","","","","","","","","","","","","","","",""
"","","","","","","","","","|","","","","","","","","","","","","","","","","","","","","","","","","","","",""
"","","","","","","","","","|","","","","","","","","","","","","","","","","","","","","","","","","","","",""
"","","","","","","","","","|","","","","","","","","","","","","","","","","","","","","","","","","","","",""
"","","","","","","","","","|","","","","","","","","","","","","","","","","","","","","","","","","","","",""
"","","","","","","","","","|","","","","","","","","","","","","","","","","","","","","","","","","","","",""
"","","","","","","","","","|","","","","","","","","","","","","","","","","","","","","","","","","","","",""
"","","","","","","","","","|","","","","","","","","","","","","","","","","","","","","","","","","","","",""
"","","","","","","","","","|","","","","","","","","","","","","","","","","","","","","","","","","","","",""
"","","","","","","","","","|","","","","","","","","","","","","","","","","","","","","","","","","","","",""
"","","","","","","","","","|","","","","","","","","","","","","","","","","","","","","","","","","","","",""
"","","","","","","","","","|","","","","","","","","","","","","","","","","","","","","","","","","","","",""
"","","","","","","","","","|","","","","","","","","","","","","","","","","","","","","","","","","","","",""
"","","","","","","","","","|","","","","","","","","","","","","","","","","","","","","","","","","","","",""
"","","","","","","","","","|","","","","","","","","","","","","","","","","","","","","","","","","","","",""
"","","","","","","","","","|","","","","","","","","","","","","","","","","","","","","","","","","","","",""
"","","","","","","","","","|","","","","","","","","","","","","","","","","","","","","","","","","","","",""
"","","","","","","","","","|","","","","","","","","","","","","","","","","","","","","","","","","","","",""
"","","","","","","","","","|","","","","","","","","","","","","","","","","","","","","","","","","","","",""
"","","","","","","","","","|","","","","","","","","","","","","","","","","","","","","","","","","","","",""
"","","","","","","","","","|","","","","","","","","","","","","","","","","","","","","","","","","","","",""
"","","","","","","","","","|","","","","","","","","","","","","","","","","","","","","","","","","","","",""