"","","","","RESA SEASON 19 PLAYERSHEET ","","","Username  ","Rank ","Rating ","Value ","Team ","","Role ","Status ","","","",""
"","","","","","","|","PumpedSoccerkid789","X","92","$120,000,000","","F.C Barcelona","Assistant","Cleared","","","",""
"","","X","8","","","|","MFSHAD","X","92","$120,000,000","","Arsenal F.C","Manager","Cleared","","Icon Signification","",""
"","","A","17","","","|","nepzos","X","91","$115,000,000","","Athletic Bilbao","Player","Cleared","","","Manager",""
"","","B","49","","","|","freeze22m","X","91","$115,000,000","","Villarreal C.F","Assistant","Cleared","","","",""
"","","C","157","","","|","dannyvoetballer","X","91","$115,000,000","","Aston Villa","Player","Cleared","","","Assistant",""
"","","D","26","","","|","Maluzur","X","91","$115,000,000","","Chelsea F.C","Player","Cleared","","","",""
"","","","","","","|","hojIuund","X","90","$110,000,000","","Real Betis Balompié","Assistant","Cleared","","","Player",""
"","","","","","","|","Izuukinata","X","90","$110,000,000","","Free Agent","Player","Lifeban","","","",""
"","","","","","","|","examessi","A","89","$90,000,000","","Newcastle United","Player","Cleared","","","Cleared",""
"","","","","","","|","gingikel","A","89","$90,000,000","","Newcastle United","Manager","Cleared","","","",""
"","","DIV A","","DIV B","DIV C","|","darkuiv","A","89","$90,000,000","","Athletic Bilbao","Player","Cleared","","","RC League",""
"","X","1","0","X","X","|","Idk_Scout","A","88","$85,000,000","","Manchester United","Player","Cleared","","","",""
"","A","1","2","1","X","|","soIbelbe","A","88","$85,000,000","","Atletico Madrid","Player","Cleared","","","RC UEFA",""
"","B","INF","","INF","X","|","SebzqRodriguez","A","88","$85,000,000","","Atletico Madrid","Assistant","Cleared","","","",""
"","C","INF","","INF","3","|","MakeIeIe","A","88","$85,000,000","","Arsenal F.C","Player","Cleared","","","RC Cup",""
"","D","INF","","INF","INF","|","Smokey3121","A","88","$85,000,000","","Liverpool F.C","Player","Cleared","","","",""
"","Value Budget","$440M","","$375M","$200M","|","pipojoelcrack","A","88","$85,000,000","","Villarreal C.F","Player","Cleared","","","Suspended",""
"","","","","","","|","babatopcuu","A","88","$85,000,000","","S.S Lazio","Player","Cleared","","","",""
"","","","","","","|","irineudosparanaue","A","87","$80,000,000","","Free Agent","Player","RESA Ban","","","Loan Out",""
"","","","","","","|","tommy33gun","A","87","$80,000,000","","Aston Villa","Player","Cleared","","","",""
"","","","","","","|","NeoxRodriguez","A","87","$80,000,000","","Free Agent","Player","SSN Ban","","","",""
"","","","","","","|","nonexistenalcries","A","87","$80,000,000","","Chelsea F.C","Manager","Cleared","","","",""
"","","","","","","|","retenzu","A","87","$80,000,000","","Free Agent","Player","Cleared","","","",""
"","","","","","","|","fazaldo","A","87","$80,000,000","","Girona","Assistant","Cleared","","","",""
"","","","","","","|","lucasjbss","A","87","$80,000,000","","Girona","Manager","Cleared","","","",""
"","","","","","","|","Iisandroo","B","86","$65,000,000","","Newcastle United","Assistant","Cleared","","","",""
"","","","","","","|","fIoveranda","B","86","$65,000,000","","SSC Napoli","Assistant","Cleared","","","",""
"","","","","","","|","fivestarisco","B","86","$65,000,000","","Manchester United","Player","Cleared","","","",""
"","","","","","","|","FeltzGodXI","B","86","$65,000,000","","Athletic Bilbao","Assistant","Cleared","","","",""
"","","","","","","|","Franksank2222","B","85","$60,000,000","","Valencia C.F","Assistant","Cleared","","","",""
"","","","","","","|","UISUAI6U1","B","85","$60,000,000","","Free Agent","Player","Cleared","","","",""
"","","","","","","|","HjaItee","B","85","$60,000,000","","S.S Lazio","Manager","Cleared","","","",""
"","","","","","","|","smottii","B","85","$60,000,000","","F.C Barcelona","Player","Cleared","","","",""
"","","","","","","|","moshu_q","B","85","$60,000,000","","Chelsea F.C","Player","Cleared","","","",""
"","","","","","","|","Mood_Ramos","B","85","$60,000,000","","Real Madrid C.F","Manager","Cleared","","","",""
"","","","","","","|","floveramon","B","85","$60,000,000","","Girona","Player","Cleared","","","",""
"","","","","","","|","Iuczz","B","85","$60,000,000","","Manchester United","Player","Cleared","","","",""
"","","","","","","|","toddzzj","B","85","$60,000,000","","Union Berlin","Player","Cleared","","","",""
"","","","","","","|","CrisstobaI","B","85","$60,000,000","","Atletico Madrid","Player","Cleared","","","",""
"","","","","","","|","xfibion","B","85","$60,000,000","","Real Madrid C.F","Player","Cleared","","","",""
"","","","","","","|","7ronaIdoo","B","85","$60,000,000","","RB Leipzig","Loan Out","Cleared","","","",""
"","","","","","","|","Nazotiy","B","84","$55,000,000","","Real Betis Balompié","Assistant","Cleared","","","",""
"","","","","","","|","parlayhunter","B","84","$55,000,000","","Real Betis Balompié","Player","Cleared","","","",""
"","","","","","","|","Gigo564","B","84","$55,000,000","","Newcastle United","Player","Cleared","","","",""
"","","","","","","|","kentroya","B","84","$55,000,000","","Villarreal C.F","Manager","Cleared","","","",""
"","","","","","","|","Pionieers","B","84","$55,000,000","","Free Agent","Player","Cleared","","","",""
"","","","","","","|","Rokessi","B","84","$55,000,000","","Aston Villa","Player","Cleared","","","",""
"","","","","","","|","agarnacho_7","B","84","$55,000,000","","SSC Napoli","Assistant","Cleared","","","",""
"","","","","","","|","frieztaa","B","84","$55,000,000","","Real Betis Balompié","Manager","Cleared","","","",""
"","","","","","","|","koltoure","B","84","$55,000,000","","Free Agent","Player","RESA Ban","","","",""
"","","","","","","|","LHS_Acenko","B","84","$55,000,000","","Free Agent","Player","Cleared","","","",""
"","","","","","","|","ocelowski","B","84","$55,000,000","","Arsenal F.C","Player","Cleared","","","",""
"","","","","","","|","PumpedSoccerkid234","B","84","$55,000,000","","F.C Barcelona","Player","Cleared","","","",""
"","","","","","","|","hjl","B","84","$55,000,000","","Manchester City","Player","Cleared","","","",""
"","","","","","","|","dakibo","B","84","$55,000,000","","Real Madrid C.F","Player","Cleared","","","",""
"","","","","","","|","RobertLewandowski38","B","84","$55,000,000","","AS Roma","Player","Cleared","","","",""
"","","","","","","|","Malik_Dan","B","84","$55,000,000","","Real Madrid C.F","Player","Cleared","","","",""
"","","","","","","|","KittyLover29293","B","84","$55,000,000","","Manchester City","Player","Cleared","","","",""
"","","","","","","|","smokjzzo","B","84","$55,000,000","","Free Agent","Player","Cleared","","","",""
"","","","","","","|","aresefgod","B","84","$55,000,000","","Manchester City","Assistant","Cleared","","","",""
"","","","","","","|","dibuIon","B","84","$55,000,000","","Aston Villa","Player","SSN Ban","","","",""
"","","","","","","|","47Weirdo","B","84","$55,000,000","","Free Agent","Player","RESA Ban","","","",""
"","","","","","","|","finjoshi","B","84","$55,000,000","","Juventus FC","Assistant","Cleared","","","",""
"","","","","","","|","Vsmaqq","B","84","$55,000,000","","Athletic Bilbao","Player","Cleared","","","",""
"","","","","","","|","luukzzy","B","83","$50,000,000","","Atletico Madrid","Player","Cleared","","","",""
"","","","","","","|","clumsythings","B","83","$50,000,000","","Juventus FC","Player","Cleared","","","",""
"","","","","","","|","Carlorzei","B","83","$50,000,000","","Villarreal C.F","Player","Cleared","","","",""
"","","","","","","|","Behrazy","B","83","$50,000,000","","Atletico Madrid","Manager","Cleared","","","",""
"","","","","","","|","xtraXII","B","83","$50,000,000","","S.S Lazio","Player","Cleared","","","",""
"","","","","","","|","zrucce","B","83","$50,000,000","","Juventus FC","Player","Cleared","","","",""
"","","","","","","|","WachinnGoat","B","83","$50,000,000","","Girona","Player","Cleared","","","",""
"","","","","","","|","seitano","B","83","$50,000,000","","Real Madrid C.F","Assistant","Cleared","","","",""
"","","","","","","|","Kxyzino","B","83","$50,000,000","","SSC Napoli","Player","Cleared","","","",""
"","","","","","","|","yurijbss","B","83","$50,000,000","","AC Milan","Assistant","Cleared","","","",""
"","","","","","","|","nvmcobain","C","82","$35,000,000","","Villarreal C.F","Player","Cleared","","","",""
"","","","","","","|","PumpedSoccerkid456","C","82","$35,000,000","","F.C Barcelona","Manager","Cleared","","","",""
"","","","","","","|","svenzio","C","82","$35,000,000","","Free Agent","Player","Cleared","","","",""
"","","","","","","|","evil33pro","C","82","$35,000,000","","Juventus FC","Player","Cleared","","","",""
"","","","","","","|","t_osen","C","82","$35,000,000","","Real Betis Balompié","Player","Cleared","","","",""
"","","","","","","|","Wintrreza","C","82","$35,000,000","","Juventus FC","Assistant","Cleared","","","",""
"","","","","","","|","BoldProdigy","C","82","$35,000,000","","Liverpool F.C","Assistant","Cleared","","","",""
"","","","","","","|","2296EEE","C","82","$35,000,000","","Valencia C.F","Manager","Cleared","","","",""
"","","","","","","|","ziaderzi","C","82","$35,000,000","","Chelsea F.C","Player","Cleared","","","",""
"","","","","","","|","Badsiq","C","81","$35,000,000","","Girona","Player","Cleared","","","",""
"","","","","","","|","coolestwilliam","C","81","$35,000,000","","Walsall F.C","Assistant","Cleared","","","",""
"","","","","","","|","jesuscrack50","C","81","$35,000,000","","Liverpool F.C","Assistant","Cleared","","","",""
"","","","","","","|","KittyLover29294","C","81","$35,000,000","","Udinese Calcio","Player","Cleared","","","",""
"","","","","","","|","LimiDantoneIIi","C","81","$35,000,000","","Bayer 04 Leverkusen","Player","Cleared","","","",""
"","","","","","","|","migueatp","C","81","$35,000,000","","Free Agent","Player","Cleared","","","",""
"","","","","","","|","Rippxh","C","81","$35,000,000","","S.S Lazio","Assistant","Cleared","","","",""
"","","","","","","|","sir_aimbot012","C","81","$35,000,000","","Liverpool F.C","Player","Cleared","","","",""
"","","","","","","|","tafeljas","C","81","$35,000,000","","Manchester City","Manager","Cleared","","","",""
"","","","","","","|","yakarll","C","81","$35,000,000","","Free Agent","Player","Cleared","","","",""
"","","","","","","|","Merknazer","C","80","$30,000,000","","Chelsea F.C","Player","Cleared","","","",""
"","","","","","","|","Carlosgarvar","C","80","$30,000,000","","Real Betis Balompié","Player","Cleared","","","",""
"","","","","","","|","ezequielmanu","C","80","$30,000,000","","Free Agent","Player","Cleared","","","",""
"","","","","","","|","eIdibuu","C","80","$30,000,000","","Free Agent","Player","RESA Ban","","","",""
"","","","","","","|","Artishpro31","C","80","$30,000,000","","Free Agent","Player","SSN Ban","","","",""
"","","","","","","|","lukekakuu","C","80","$30,000,000","","Newcastle United","Player","Cleared","","","",""
"","","","","","","|","nunzball","C","80","$30,000,000","","SSC Napoli","Manager","Cleared","","","",""
"","","","","","","|","virgilvanzyrso","C","80","$30,000,000","","Atletico Madrid","Player","Cleared","","","",""
"","","","","","","|","UberLeo","C","80","$30,000,000","","Manchester City","Player","Cleared","","","",""
"","","","","","","|","FIazingArrow","C","80","$30,000,000","","Free Agent","Player","Cleared","","","",""
"","","","","","","|","Uziuqq","C","80","$30,000,000","","AC Milan","Player","Cleared","","","",""
"","","","","","","|","eviluded","C","80","$30,000,000","","SSC Napoli","Player","Cleared","","","",""
"","","","","","","|","essskettiitt","C","80","$30,000,000","","Valencia C.F","Player","Cleared","","","",""
"","","","","","","|","IILowkeyXI","C","80","$30,000,000","","AS Roma","Player","Cleared","","","",""
"","","","","","","|","haakkimi","C","80","$30,000,000","","SSC Napoli","Player","Cleared","","","",""
"","","","","","","|","Jeremy_Zoku","C","80","$30,000,000","","Walsall F.C","Player","Cleared","","","",""
"","","","","","","|","emvrre","C","80","$30,000,000","","S.S Lazio","Player","Cleared","","","",""
"","","","","","","|","EyeSolotionVx","C","80","$30,000,000","","Liverpool F.C","Player","Cleared","","","",""
"","","","","","","|","IISarimXI","C","80","$30,000,000","","Free Agent","Player","Cleared","","","",""
"","","","","","","|","yhyatic","C","80","$30,000,000","","Free Agent","Player","Cleared","","","",""
"","","","","","","|","22FRAGG","C","80","$30,000,000","","Arsenal F.C","Assistant","Cleared","","","",""
"","","","","","","|","RighteousEquivocate","C","79","$30,000,000","","Free Agent","Player","Cleared","","","",""
"","","","","","","|","origamiempresss","C","79","$30,000,000","","AC Milan","Player","Cleared","","","",""
"","","","","","","|","seriaImogger","C","79","$30,000,000","","Free Agent","Player","Cleared","","","",""
"","","","","","","|","bauti38err","C","79","$30,000,000","","RB Leipzig","Player","Cleared","","","",""
"","","","","","","|","boiadeeiro","C","79","$30,000,000","","Real Madrid C.F","Player","Cleared","","","",""
"","","","","","","|","isaque123456677","C","79","$30,000,000","","RB Leipzig","Player","Cleared","","","",""
"","","","","","","|","Vinxnyy","C","79","$30,000,000","","Real Madrid C.F","Player","Cleared","","","",""
"","","","","","","|","SalQuender","C","79","$30,000,000","","Liverpool F.C","Player","Cleared","","","",""
"","","","","","","|","JoeIinton","C","79","$30,000,000","","Juventus FC","Player","Cleared","","","",""
"","","","","","","|","CriticalClip","C","79","$30,000,000","","Juventus FC","Player","Cleared","","","",""
"","","","","","","|","Emirtroyaa","C","79","$30,000,000","","Villarreal C.F","Player","Cleared","","","",""
"","","","","","","|","SuIeex","C","79","$30,000,000","","Newcastle United","Player","Cleared","","","",""
"","","","","","","|","Cerueno","C","79","$30,000,000","","Free Agent","Player","Cleared","","","",""
"","","","","","","|","lxgendv","C","79","$30,000,000","","F.C Bayern München","Player","Cleared","","","",""
"","","","","","","|","Zinrall","C","79","$30,000,000","","Juventus FC","Assistant","Cleared","","","",""
"","","","","","","|","IIJake_XI","C","79","$30,000,000","","SSC Napoli","Player","Cleared","","","",""
"","","","","","","|","puyafon","C","79","$30,000,000","","Girona","Player","Cleared","","","",""
"","","","","","","|","hutyrr","C","79","$30,000,000","","Inter Milan","Player","Cleared","","","",""
"","","","","","","|","Barellinho","C","79","$30,000,000","","Borussia Dortmund","Player","Cleared","","","",""
"","","","","","","|","22leddest","C","79","$30,000,000","","Borussia Dortmund","Manager","Cleared","","","",""
"","","","","","","|","dabillingham","C","79","$30,000,000","","AC Milan","Player","Cleared","","","",""
"","","","","","","|","Stephano_093","C","79","$30,000,000","","Eintracht Frankfurt","Assistant","Cleared","","","",""
"","","","","","","|","luviesta","C","79","$30,000,000","","Real Madrid C.F","Assistant","Cleared","","","",""
"","","","","","","|","Jack924833","C","79","$30,000,000","","Arsenal F.C","Player","Cleared","","","",""
"","","","","","","|","ourmoney888","C","79","$30,000,000","","Aston Villa","Player","Cleared","","","",""
"","","","","","","|","dansakii","C","79","$30,000,000","","Chelsea F.C","Player","Cleared","","","",""
"","","","","","","|","estce1","C","79","$30,000,000","","Free Agent","Player","Cleared","","","",""
"","","","","","","|","rewriteeyes","C","79","$30,000,000","","Bayer 04 Leverkusen","Manager","Cleared","","","",""
"","","","","","","|","niovc","C","78","$25,000,000","","Liverpool F.C","Player","Cleared","","","",""
"","","","","","","|","CauansOuedraogo","C","78","$25,000,000","","Girona","Player","Cleared","","","",""
"","","","","","","|","DanielDeEgg","C","78","$25,000,000","","Aston Villa","Player","Cleared","","","",""
"","","","","","","|","retinzu","C","78","$25,000,000","","Free Agent","Player","Cleared","","","",""
"","","","","","","|","NikeBRvip10","C","78","$25,000,000","","Union Berlin","Manager","Cleared","","","",""
"","","","","","","|","lGotNoWifi","C","78","$25,000,000","","Girona","Player","Cleared","","","",""
"","","","","","","|","Spook3d","C","78","$25,000,000","","Chelsea F.C","Player","Cleared","","","",""
"","","","","","","|","FIashlback","C","78","$25,000,000","","Free Agent","Player","Cleared","","","",""
"","","","","","","|","MARTlNELLI","C","78","$25,000,000","","Newcastle United","Player","Cleared","","","",""
"","","","","","","|","Tupapachiro","C","78","$25,000,000","","Free Agent","Player","Cleared","","","",""
"","","","","","","|","Santiago813","C","78","$25,000,000","","Free Agent","Player","Cleared","","","",""
"","","","","","","|","Danielpro06","C","78","$25,000,000","","Free Agent","Player","Cleared","","","",""
"","","","","","","|","Helziy","C","78","$25,000,000","","F.C Bayern München","Player","Cleared","","","",""
"","","","","","","|","mete7104","C","78","$25,000,000","","Free Agent","Player","Cleared","","","",""
"","","","","","","|","Splashx321","C","78","$25,000,000","","Free Agent","Player","Cleared","","","",""
"","","","","","","|","Xyeqe","C","78","$25,000,000","","Juventus FC","Player","Cleared","","","",""
"","","","","","","|","JoaKoR15","C","78","$25,000,000","","Bayer 04 Leverkusen","Player","Cleared","","","",""
"","","","","","","|","luisblox040909","C","78","$25,000,000","","Union Berlin","Player","Cleared","","","",""
"","","","","","","|","J4xovic","C","78","$25,000,000","","Liverpool F.C","Player","Cleared","","","",""
"","","","","","","|","bolinho123456677","C","78","$25,000,000","","Cordoba CF","Assistant","Cleared","","","",""
"","","","","","","|","mokilkopop","C","78","$25,000,000","","Valencia C.F","Player","Cleared","","","",""
"","","","","","","|","sombiat","C","78","$25,000,000","","Tottenham Hotspur","Manager","Cleared","","","",""
"","","","","","","|","BulutKrh52","C","78","$25,000,000","","Udinese Calcio","Player","Cleared","","","",""
"","","","","","","|","A7HARR","C","78","$25,000,000","","AS Roma","Assistant","Reserve","","","",""
"","","","","","","|","scarfaded","C","78","$25,000,000","","VFB Stuttgart","Player","Cleared","","","",""
"","","","","","","|","umutt7104","C","78","$25,000,000","","Free Agent","Player","Cleared","","","",""
"","","","","","","|","believant","C","78","$25,000,000","","VFB Stuttgart","Manager","Cleared","","","",""
"","","","","","","|","zeqhyrin","C","78","$25,000,000","","Bayer 04 Leverkusen","Assistant","Cleared","","","",""
"","","","","","","|","skazbu","C","78","$25,000,000","","Arsenal F.C","Assistant","Cleared","","","",""
"","","","","","","|","ElChinoShob","C","78","$25,000,000","","Real Betis Balompié","Player","Cleared","","","",""
"","","","","","","|","dsacszpro","C","78","$25,000,000","","Udinese Calcio","Player","Cleared","","","",""
"","","","","","","|","mathztical","C","78","$25,000,000","","Cordoba CF","Manager","Cleared","","","",""
"","","","","","","|","revaeis","C","78","$25,000,000","","Free Agent","Player","Cleared","","","",""
"","","","","","","|","bovcola","C","78","$25,000,000","","Stoke City","Manager","Cleared","","","",""
"","","","","","","|","wolokru","C","77","$25,000,000","","Arsenal F.C","Player","Cleared","","","",""
"","","","","","","|","stefiscoco","C","77","$25,000,000","","Porto F.C","Player","Cleared","","","",""
"","","","","","","|","jetixpro","C","77","$25,000,000","","RB Leipzig","Player","Cleared","","","",""
"","","","","","","|","xFixLeox","C","77","$25,000,000","","Tottenham Hotspur","Player","Cleared","","","",""
"","","","","","","|","reiulent","C","77","$25,000,000","","Manchester City","Player","Cleared","","","",""
"","","","","","","|","NickOIij","C","77","$25,000,000","","Free Agent","Player","Cleared","","","",""
"","","","","","","|","Lex935","C","77","$25,000,000","","Valencia C.F","Player","Cleared","","","",""
"","","","","","","|","ConstantinopleGreek","C","77","$25,000,000","","Valencia C.F","Player","Cleared","","","",""
"","","","","","","|","RayenITAMaster","C","77","$25,000,000","","VFB Stuttgart","Player","Cleared","","","",""
"","","","","","","|","ElMorfadorDeChoripan","C","77","$25,000,000","","RB Leipzig","Assistant","Cleared","","","",""
"","","","","","","|","MilanceMile12","C","77","$25,000,000","","F.C Bayern München","Player","Cleared","","","",""
"","","","","","","|","SPRVLNZ","C","77","$25,000,000","","SSC Napoli","Player","Cleared","","","",""
"","","","","","","|","ZodiacMat","C","77","$25,000,000","","Manchester City","Player","Cleared","","","",""
"","","","","","","|","jxviproz","C","77","$25,000,000","","AC Milan","Player","Cleared","","","",""
"","","","","","","|","zSameki","C","77","$25,000,000","","Chelsea F.C","Player","Cleared","","","",""
"","","","","","","|","agxszy","C","77","$25,000,000","","Athletic Bilbao","Player","Cleared","","","",""
"","","","","","","|","asi2726","C","77","$25,000,000","","S.S Lazio","Assistant","Cleared","","","",""
"","","","","","","|","Xsamuel_Doritos34","C","77","$25,000,000","","AC Milan","Player","Cleared","","","",""
"","","","","","","|","CreitimDo_Grau123","C","77","$25,000,000","","Union Berlin","Assistant","Reserve","","","",""
"","","","","","","|","meteturkic","C","77","$25,000,000","","Real Betis Balompié","Player","Cleared","","","",""
"","","","","","","|","19mwt","C","77","$25,000,000","","F.C Bayern München","Manager","Cleared","","","",""
"","","","","","","|","ItchyLfc2005","C","76","$20,000,000","","Manchester United","Player","Cleared","","","",""
"","","","","","","|","themightyjesse","C","76","$20,000,000","","AC Milan","Player","Cleared","","","",""
"","","","","","","|","M_ailon","C","76","$20,000,000","","Free Agent","Player","Cleared","","","",""
"","","","","","","|","henkaraIhoo","C","76","$20,000,000","","VFL Wolfsburg","Player","Cleared","","","",""
"","","","","","","|","BudderBomb45","C","76","$20,000,000","","Free Agent","Player","Cleared","","","",""
"","","","","","","|","NavidParsHakhamneshi","C","76","$20,000,000","","AC Milan","Player","Cleared","","","",""
"","","","","","","|","adruzo","C","76","$20,000,000","","Free Agent","Player","Cleared","","","",""
"","","","","","","|","firesinan","C","76","$20,000,000","","Manchester City","Player","Cleared","","","",""
"","","","","","","|","lero_me","C","76","$20,000,000","","Free Agent","Player","Cleared","","","",""
"","","","","","","|","umutwalley","C","76","$20,000,000","","Free Agent","Player","Cleared","","","",""
"","","","","","","|","Painshinratensei","C","76","$20,000,000","","Free Agent","Player","Cleared","","","",""
"","","","","","","|","tris10_m","C","76","$20,000,000","","Free Agent","Player","Cleared","","","",""
"","","","","","","|","JoaoFelixCFC","C","76","$20,000,000","","Atletico Madrid","Assistant","Cleared","","","",""
"","","","","","","|","Stackzify","C","76","$20,000,000","","Free Agent","Player","SSN Ban","","","",""
"","","","","","","|","qguilehrme","C","76","$20,000,000","","Free Agent","Player","Cleared","","","",""
"","","","","","","|","cara_futbol","C","76","$20,000,000","","Udinese Calcio","Player","Cleared","","","",""
"","","","","","","|","jakenaIdo","C","76","$20,000,000","","Tottenham Hotspur","Player","SSN Ban","","","",""
"","","","","","","|","pooooooooooooer","C","76","$20,000,000","","Union Berlin","Player","Cleared","","","",""
"","","","","","","|","LuigiDosGameCraft","C","76","$20,000,000","","Cordoba CF","Assistant","Cleared","","","",""
"","","","","","","|","AbsalomAbstract","C","75","$20,000,000","","Free Agent","Player","Cleared","","","",""
"","","","","","","|","IMuhvyz","C","75","$20,000,000","","Free Agent","Player","Cleared","","","",""
"","","","","","","|","Lasseboss","C","75","$20,000,000","","AS Roma","Assistant","Cleared","","","",""
"","","","","","","|","Koolicxcte","C","75","$20,000,000","","Stoke City","Player","Cleared","","","",""
"","","","","","","|","ahmedmomoa","C","75","$20,000,000","","Valencia C.F","Player","Cleared","","","",""
"","","","","","","|","SteadyFreddie31","C","75","$20,000,000","","F.C Bayern München","Player","Cleared","","","",""
"","","","","","","|","Xenizyn","C","75","$20,000,000","","Free Agent","Player","Cleared","","","",""
"","","","","","","|","IrnJoseph","C","75","$20,000,000","","FCSB","Player","Cleared","","","",""
"","","","","","","|","filipcc12","C","75","$20,000,000","","Borussia Dortmund","Player","Cleared","","","",""
"","","","","","","|","XxleonardodadaxX","C","75","$20,000,000","","Arsenal F.C","Player","Cleared","","","",""
"","","","","","","|","cynosn","C","75","$20,000,000","","Walsall F.C","Manager","Cleared","","","",""
"","","","","","","|","POLSKAFUTBOL","C","75","$20,000,000","","Borussia Dortmund","Player","Cleared","","","",""
"","","","","","","|","Dogesinhoo","C","75","$20,000,000","","Porto F.C","Player","Cleared","","","",""
"","","","","","","|","Syqxnzl","C","75","$20,000,000","","Girona","Player","Cleared","","","",""
"","","","","","","|","IOnlySuat","C","75","$20,000,000","","Bayer 04 Leverkusen","Player","Cleared","","","",""
"","","","","","","|","Uzilus","D","74","$12,500,000","","Free Agent","Player","Cleared","","","",""
"","","","","","","|","Gameomg_RBLX","D","74","$12,500,000","","F.C Barcelona","Player","Cleared","","","",""
"","","","","","","|","Klouvzyy","D","74","$12,500,000","","Free Agent","Player","Cleared","","","",""
"","","","","","","|","uncbenny","D","74","$12,500,000","","Union Berlin","Player","Cleared","","","",""
"","","","","","","|","Cineris","D","74","$12,500,000","","Aston Villa","Player","Cleared","","","",""
"","","","","","","|","ilenikhenaa","D","74","$12,500,000","","Free Agent","Player","Cleared","","","",""
"","","","","","","|","youssavanier","D","74","$12,500,000","","F.C Barcelona","Player","Cleared","","","",""
"","","","","","","|","maraztyy","D","74","$12,500,000","","Walsall F.C","Player","Cleared","","","",""
"","","","","","","|","LucasBergvaII","D","74","$12,500,000","","Manchester City","Player","Cleared","","","",""
"","","","","","","|","ImCristianXD","D","73","$12,500,000","","Free Agent","Player","Cleared","","","",""
"","","","","","","|","LuckyzTroopz","D","73","$12,500,000","","SSC Napoli","Player","Cleared","","","",""
"","","","","","","|","zyArthxr","D","73","$12,500,000","","Stoke City","Player","Cleared","","","",""
"","","","","","","|","MEMPHISCULT1945","D","73","$12,500,000","","Free Agent","Player","Cleared","","","",""
"","","","","","","|","Destadze","D","73","$12,500,000","","Free Agent","Player","Cleared","","","",""
"","","","","","","|","Alqueqe","D","73","$12,500,000","","Free Agent","Player","Cleared","","","",""
"","","","","","","|","danie1879","D","73","$12,500,000","","Juventus FC","Player","Cleared","","","",""
"","","","","","","|","Clinicality","D","73","$12,500,000","","Free Agent","Player","Cleared","","","",""
"","","","","","","|","whitetiger1912","D","73","$12,500,000","","Free Agent","Player","Cleared","","","",""
"","","","","","","|","SamueItx","D","73","$12,500,000","","Cordoba CF","Player","Cleared","","","",""
"","","","","","","|","Zynuei_x","D","73","$12,500,000","","Porto F.C","Player","Cleared","","","",""
"","","","","","","|","disparru","D","73","$12,500,000","","Borussia Dortmund","Player","Cleared","","","",""
"","","","","","","|","MISHIPRAXDYT2","D","73","$12,500,000","","Eintracht Frankfurt","Manager","Cleared","","","",""
"","","","","","","|","salshorty507","D","73","$12,500,000","","Udinese Calcio","Player","Cleared","","","",""
"","","","","","","|","vKxka_XI","D","73","$12,500,000","","Athletic Bilbao","Player","Cleared","","","",""
"","","","","","","|","asd52hoho","D","73","$12,500,000","","Stoke City","Player","Cleared","","","",""
"","","","","","","|","punzzj","D","73","$12,500,000","","Free Agent","Player","Cleared","","","",""
"","","","","","","|","hollowintheeyes","D","73","$12,500,000","","Chelsea F.C","Assistant","Cleared","","","",""
"","","","","","","|","SaturnX7x","D","73","$12,500,000","","Liverpool F.C","Manager","Cleared","","","",""
"","","","","","","|","rosalocalover","D","73","$12,500,000","","Atletico Madrid","Player","Cleared","","","",""
"","","","","","","|","rebelvax","D","73","$12,500,000","","Chelsea F.C","Player","Cleared","","","",""
"","","","","","","|","WebHac","D","73","$12,500,000","","Valencia C.F","Player","Cleared","","","",""
"","","","","","","|","ItsVillaneuvaC","D","73","$12,500,000","","Real Betis Balompié","Player","Cleared","","","",""
"","","","","","","|","XxPrince_YxX","D","73","$12,500,000","","Free Agent","Player","Cleared","","","",""
"","","","","","","|","eIizte","D","73","$12,500,000","","F.C Barcelona","Player","Cleared","","","",""
"","","","","","","|","twistza","D","73","$12,500,000","","Real Madrid C.F","Player","Cleared","","","",""
"","","","","","","|","gothlucent","D","73","$12,500,000","","VFB Stuttgart","Assistant","Cleared","","","",""
"","","","","","","|","fredocega","D","73","$12,500,000","","FCSB","Player","Cleared","","","",""
"","","","","","","|","LogicaHD","D","73","$12,500,000","","Juventus FC","Player","Cleared","","","",""
"","","","","","","|","8gakpo","D","73","$12,500,000","","Juventus FC","Player","Cleared","","","",""
"","","","","","","|","shaneitoo","D","73","$12,500,000","","Porto F.C","Player","Cleared","","","",""
"","","","","","","|","aybars7104","D","73","$12,500,000","","Free Agent","Player","RESA Ban","","","",""
"","","","","","","|","badiyaa","D","73","$12,500,000","","Free Agent","Player","Cleared","","","",""
"","","","","","","|","Humberto_4268","D","72","$12,500,000","","Bayer 04 Leverkusen","Player","Cleared","","","",""
"","","","","","","|","casillasproinres","D","72","$12,500,000","","Liverpool F.C","Player","Cleared","","","",""
"","","","","","","|","personaje23236","D","72","$12,500,000","","Free Agent","Player","Cleared","","","",""
"","","","","","","|","alanchetauu","D","72","$12,500,000","","Free Agent","Player","Cleared","","","",""
"","","","","","","|","RamiroTHEp2","D","72","$12,500,000","","Atletico Madrid","Player","Cleared","","","",""
"","","","","","","|","zynevii","D","72","$12,500,000","","Walsall F.C","Player","Cleared","","","",""
"","","","","","","|","shuubero","D","72","$12,500,000","","Free Agent","Player","Cleared","","","",""
"","","","","","","|","arbeIoa","D","72","$12,500,000","","Bayer 04 Leverkusen","Player","Cleared","","","",""
"","","","","","","|","gabipagabo3000","D","72","$12,500,000","","Borussia Dortmund","Assistant","Cleared","","","",""
"","","","","","","|","STORMgiannis900","D","72","$12,500,000","","SSC Napoli","Player","Cleared","","","",""
"","","","","","","|","7rrakk","D","72","$12,500,000","","AC Milan","Assistant","Cleared","","","",""
"","","","","","","|","caantona","D","72","$12,500,000","","Free Agent","Player","Cleared","","","",""
"","","","","","","|","harshflux","D","72","$12,500,000","","Saburtalo Tbilisi","Player","Cleared","","","",""
"","","","","","","|","Gaxovic","D","72","$12,500,000","","Valencia C.F","Player","Cleared","","","",""
"","","","","","","|","DJMaxwell132","D","72","$12,500,000","","VFB Stuttgart","Player","Cleared","","","",""
"","","","","","","|","Nwanerii","D","72","$12,500,000","","Free Agent","Player","Cleared","","","",""
"","","","","","","|","zanyest","D","72","$12,500,000","","Aston Villa","Manager","Cleared","","","",""
"","","","","","","|","n7shu","D","72","$12,500,000","","Arsenal F.C","Player","Cleared","","","",""
"","","","","","","|","Lyrical_Phoenix","D","72","$12,500,000","","Free Agent","Player","Cleared","","","",""
"","","","","","","|","kluzeni","D","72","$12,500,000","","Free Agent","Player","Cleared","","","",""
"","","","","","","|","BanMeLmao","D","72","$12,500,000","","Inter Milan","Player","Cleared","","","",""
"","","","","","","|","akturkogIu","D","72","$12,500,000","","S.S Lazio","Player","Cleared","","","",""
"","","","","","","|","kyubbz","D","72","$12,500,000","","Newcastle United","Player","Cleared","","","",""
"","","","","","","|","4donnxs","D","72","$12,500,000","","Free Agent","Player","Cleared","","","",""
"","","","","","","|","Actikek","D","72","$12,500,000","","F.C Barcelona","Player","Cleared","","","",""
"","","","","","","|","Tufizzs","D","72","$12,500,000","","Valencia C.F","Player","Cleared","","","",""
"","","","","","","|","GokuSSGSS323","D","72","$12,500,000","","Villarreal C.F","Player","Cleared","","","",""
"","","","","","","|","ixLioMessiX","D","72","$12,500,000","","Free Agent","Player","Cleared","","","",""
"","","","","","","|","Memorientes","D","72","$12,500,000","","Bayer 04 Leverkusen","Player","Cleared","","","",""
"","","","","","","|","t9shiin","D","72","$12,500,000","","Stoke City","Player","Cleared","","","",""
"","","","","","","|","aIisxi","D","72","$12,500,000","","Free Agent","Player","Cleared","","","",""
"","","","","","","|","katngha","D","72","$12,500,000","","Free Agent","Player","Cleared","","","",""
"","","","","","","|","Luhzeriii","D","72","$12,500,000","","Free Agent","Player","Lifeban","","","",""
"","","","","","","|","CaioDoRoblox","D","71","$12,500,000","","Union Berlin","Assistant","Cleared","","","",""
"","","","","","","|","TheUnknownDog1","D","71","$12,500,000","","Inter Milan","Player","Cleared","","","",""
"","","","","","","|","DAMULEKPL","D","71","$12,500,000","","F.C Bayern München","Player","Cleared","","","",""
"","","","","","","|","akavaIen","D","71","$12,500,000","","Free Agent","Player","RESA Ban","","","",""
"","","","","","","|","BIoxinhooo","D","71","$12,500,000","","F.C Bayern München","Player","Cleared","","","",""
"","","","","","","|","alexandderr","D","71","$12,500,000","","Free Agent","Player","Cleared","","","",""
"","","","","","","|","Danilawolk0867","D","71","$12,500,000","","Valencia C.F","Player","Cleared","","","",""
"","","","","","","|","Fathikong1","D","71","$12,500,000","","Walsall F.C","Loan Out","Cleared","","","",""
"","","","","","","|","hellbIaza","D","71","$12,500,000","","Saburtalo Tbilisi","Manager","Cleared","","","",""
"","","","","","","|","sounddyt","D","71","$12,500,000","","Girona","Player","Cleared","","","",""
"","","","","","","|","arisumnn","D","71","$12,500,000","","Free Agent","Player","Cleared","","","",""
"","","","","","","|","Igor_Akinfeev35","D","71","$12,500,000","","Borussia Dortmund","Player","Cleared","","","",""
"","","","","","","|","nsuo456","D","71","$12,500,000","","Villarreal C.F","Assistant","Cleared","","","",""
"","","","","","","|","enisify","D","71","$12,500,000","","Udinese Calcio","Player","Cleared","","","",""
"","","","","","","|","iluvrealsyy","D","71","$12,500,000","","Bayer 04 Leverkusen","Player","Cleared","","","",""
"","","","","","","|","lau5da","D","71","$12,500,000","","Free Agent","Player","Cleared","","","",""
"","","","","","","|","CanceIooo","D","71","$12,500,000","","Feyenoord","Player","Cleared","","","",""
"","","","","","","|","dineifu123BR","D","71","$12,500,000","","AS Roma","Player","Cleared","","","",""
"","","","","","","|","MaruchinesuRikarudo","D","71","$12,500,000","","Free Agent","Player","Cleared","","","",""
"","","","","","","|","SanTser780_5","D","71","$12,500,000","","AS Roma","Player","Cleared","","","",""
"","","","","","","|","15Tesla1","D","71","$12,500,000","","Porto F.C","Assistant","Cleared","","","",""
"","","","","","","|","dxniellls","D","71","$12,500,000","","Free Agent","Player","Cleared","","","",""
"","","","","","","|","kovanicic","D","71","$12,500,000","","Free Agent","Player","Cleared","","","",""
"","","","","","","|","Stefdino","D","71","$12,500,000","","Free Agent","Player","Cleared","","","",""
"","","","","","","|","babamohammedMOM","D","71","$12,500,000","","Free Agent","Player","Lifeban","","","",""
"","","","","","","|","krupxviesa","D","71","$12,500,000","","Free Agent","Player","Cleared","","","",""
"","","","","","","|","0kochaa","D","71","$12,500,000","","Free Agent","Player","Cleared","","","",""
"","","","","","","|","cyanarzo","D","71","$12,500,000","","Free Agent","Player","Cleared","","","",""
"","","","","","","|","darixthebestmaster","D","71","$12,500,000","","Free Agent","Player","Cleared","","","",""
"","","","","","","|","IIRushXI","D","71","$12,500,000","","Real Madrid C.F","Player","Cleared","","","",""
"","","","","","","|","iTz_SinoO","D","71","$12,500,000","","Inter Milan","Assistant","Cleared","","","",""
"","","","","","","|","KemaIAhmet","D","71","$12,500,000","","Free Agent","Player","Cleared","","","",""
"","","","","","","|","lolenxen","D","71","$12,500,000","","Newcastle United","Player","Cleared","","","",""
"","","","","","","|","IIAIexXI","D","71","$12,500,000","","Free Agent","Player","Cleared","","","",""
"","","","","","","|","cakelover58","D","71","$12,500,000","","Free Agent","Player","Cleared","","","",""
"","","","","","","|","mznnyy","D","71","$12,500,000","","Cordoba CF","Loan Out","Cleared","","","",""
"","","","","","","|","moIochuk","D","71","$12,500,000","","Udinese Calcio","Player","Cleared","","","",""
"","","","","","","|","Pinbappe","D","71","$12,500,000","","Free Agent","Player","Cleared","","","",""
"","","","","","","|","raspyextreme","D","71","$12,500,000","","Free Agent","Player","Cleared","","","",""
"","","","","","","|","sirchonkus","D","71","$12,500,000","","Free Agent","Player","Cleared","","","",""
"","","","","","","|","06kAlan","D","71","$12,500,000","","Free Agent","Player","Cleared","","","",""
"","","","","","","|","bubbli","D","71","$12,500,000","","Free Agent","Player","Cleared","","","",""
"","","","","","","|","jxzyboi","D","71","$12,500,000","","Stoke City","Assistant","Cleared","","","",""
"","","","","","","|","vanjamilinkovicsavic","D","71","$12,500,000","","Free Agent","Player","Cleared","","","",""
"","","","","","","|","Gentusso","D","71","$12,500,000","","Atletico Madrid","Player","Cleared","","","",""
"","","","","","","|","felzzr","D","71","$12,500,000","","PAOK","Player","Cleared","","","",""
"","","","","","","|","SonVictxrr","D","71","$12,500,000","","Free Agent","Player","Cleared","","","",""
"","","","","","","|","offbanes","D","71","$12,500,000","","Free Agent","Player","Cleared","","","",""
"","","","","","","|","s1akaa","D","71","$12,500,000","","Borussia Dortmund","Player","Cleared","","","",""
"","","","","","","|","soXer_Q","D","71","$12,500,000","","Bayer 04 Leverkusen","Player","Cleared","","","",""
"","","","","","","|","uncmusti","D","71","$12,500,000","","AS Roma","Player","Cleared","","","",""
"","","","","","","|","ErdoZor61","D","71","$12,500,000","","Free Agent","Player","Cleared","","","",""
"","","","","","","|","rocha90","D","71","$12,500,000","","Union Berlin","Player","Cleared","","","",""
"","","","","","","|","Zoomical","D","71","$12,500,000","","AC Milan","Manager","Cleared","","","",""
"","","","","","","|","bielsjbss","D","71","$12,500,000","","AS Roma","Player","Cleared","","","",""
"","","","","","","|","soIskajaer","D","71","$12,500,000","","VFB Stuttgart","Assistant","Cleared","","","",""
"","","","","","","|","jenlon55","D","71","$12,500,000","","Feyenoord","Player","Cleared","","","",""
"","","","","","","|","MoonYaps","D","71","$12,500,000","","Atletico Madrid","Player","Cleared","","","",""
"","","","","","","|","sbatibo09","D","71","$12,500,000","","Free Agent","Player","Cleared","","","",""
"","","","","","","|","AriseRevanz","D","71","$12,500,000","","VFL Wolfsburg","Assistant","Cleared","","","",""
"","","","","","","|","m_rtusinn","D","71","$12,500,000","","VFL Wolfsburg","Player","Cleared","","","",""
"","","","","","","|","R3scerns","D","71","$12,500,000","","Free Agent","Player","Cleared","","","",""
"","","","","","","|","Bars20087","D","71","$12,500,000","","RB Leipzig","Player","Cleared","","","",""
"","","","","","","|","IDavidLIII","D","71","$12,500,000","","Feyenoord","Player","Cleared","","","",""
"","","","","","","|","itsslothplayz","D","71","$12,500,000","","AC Milan","Player","Cleared","","","",""
"","","","","","","|","nxchomaki","D","71","$12,500,000","","Porto F.C","Assistant","Cleared","","","",""
"","","","","","","|","gabiiizzy","D","71","$12,500,000","","Eintracht Frankfurt","Player","Cleared","","","",""
"","","","","","","|","tizongass","D","70","$12,500,000","","Porto F.C","Manager","Cleared","","","",""
"","","","","","","|","superHaloxd","D","70","$12,500,000","","Tottenham Hotspur","Player","Cleared","","","",""
"","","","","","","|","RebeIinq","D","70","$12,500,000","","Free Agent","Player","Cleared","","","",""
"","","","","","","|","Mounstan","D","70","$12,500,000","","Cordoba CF","Player","Cleared","","","",""
"","","","","","","|","trulzo","D","70","$12,500,000","","Free Agent","Player","Cleared","","","",""
"","","","","","","|","Danishdanoooo","D","70","$12,500,000","","Atletico Madrid","Player","Cleared","","","",""
"","","","","","","|","BigFrankLover","D","70","$12,500,000","","SSC Napoli","Player","Cleared","","","",""
"","","","","","","|","ShazArcalis","D","70","$12,500,000","","Real Betis Balompié","Player","Cleared","","","",""
"","","","","","","|","Bennyblanco4","D","70","$12,500,000","","Free Agent","Player","Cleared","","","",""
"","","","","","","|","SergioRomero2017","D","70","$12,500,000","","Parma Calcio 1913","Player","Cleared","","","",""
"","","","","","","|","danieIfly","D","70","$12,500,000","","Free Agent","Player","Cleared","","","",""
"","","","","","","|","PLOKOLOL_BROTHER5","D","70","$12,500,000","","Tottenham Hotspur","Assistant","Cleared","","","",""
"","","","","","","|","daniil_212","D","70","$12,500,000","","Free Agent","Player","Cleared","","","",""
"","","","","","","|","bernardogalard0","D","70","$12,500,000","","VFB Stuttgart","Player","Cleared","","","",""
"","","","","","","|","apathica","D","70","$12,500,000","","Free Agent","Player","Cleared","","","",""
"","","","","","","|","danieImunozz","D","70","$12,500,000","","Inter Milan","Assistant","Cleared","","","",""
"","","","","","","|","firipee","D","70","$12,500,000","","Free Agent","Player","Cleared","","","",""
"","","","","","","|","gabriel4560uwu","D","70","$12,500,000","","Borussia Dortmund","Player","Cleared","","","",""
"","","","","","","|","sacchyv","D","70","$12,500,000","","Free Agent","Player","Cleared","","","",""
"","","","","","","|","VoteDeniedX","D","70","$12,500,000","","Free Agent","Player","Cleared","","","",""
"","","","","","","|","MigueLoXinX","D","70","$12,500,000","","Borussia Dortmund","Player","Cleared","","","",""
"","","","","","","|","margoI_l","D","70","$12,500,000","","Free Agent","Player","Cleared","","","",""
"","","","","","","|","LuvThatChicken","D","70","$12,500,000","","Walsall F.C","Player","Cleared","","","",""
"","","","","","","|","ShadowzyHDYT","D","70","$12,500,000","","RB Leipzig","Player","Cleared","","","",""
"","","","","","","|","GodValenG","D","70","$12,500,000","","Atletico Madrid","Player","Cleared","","","",""
"","","","","","","|","MartinaIkishima","D","70","$12,500,000","","Parma Calcio 1913","Manager","Cleared","","","",""
"","","","","","","|","INTERCRAK36234","D","70","$12,500,000","","Free Agent","Player","Cleared","","","",""
"","","","","","","|","Jakethepig87","D","70","$12,500,000","","S.S Lazio","Player","Cleared","","","",""
"","","","","","","|","EIMachin","D","70","$12,500,000","","Villarreal C.F","Player","Cleared","","","",""
"","","","","","","|","lzxthal","D","70","$12,500,000","","Free Agent","Player","Cleared","","","",""
"","","","","","","|","xYAgustinYx","D","70","$12,500,000","","Free Agent","Player","Cleared","","","",""
"","","","","","","|","lsmiAli","D","70","$12,500,000","","F.C Barcelona","Player","Cleared","","","",""
"","","","","","","|","C3sual","D","70","$12,500,000","","S.S Lazio","Player","Cleared","","","",""
"","","","","","","|","EgyptianKing1232","D","70","$12,500,000","","Free Agent","Player","Cleared","","","",""
"","","","","","","|","Destroyer1612","D","70","$12,500,000","","Cordoba CF","Player","Cleared","","","",""
"","","","","","","|","02dxnn","D","70","$12,500,000","","Free Agent","Player","Cleared","","","",""
"","","","","","","|","AdamXseven7","D","70","$12,500,000","","Free Agent","Player","Cleared","","","",""
"","","","","","","|","adaptisrogue","D","70","$12,500,000","","AC Milan","Player","Cleared","","","",""
"","","","","","","|","Aikyn2008","D","70","$12,500,000","","Free Agent","Player","Cleared","","","",""
"","","","","","","|","camovinga","D","70","$12,500,000","","Free Agent","Player","Cleared","","","",""
"","","","","","","|","nicoIobarella","D","70","$12,500,000","","Free Agent","Player","Cleared","","","",""
"","","","","","","|","othniel2007","D","70","$12,500,000","","Free Agent","Player","Cleared","","","",""
"","","","","","","|","Raphlna","D","70","$12,500,000","","F.C Bayern München","Player","Cleared","","","",""
"","","","","","","|","rykiraa","D","70","$12,500,000","","Free Agent","Player","Cleared","","","",""
"","","","","","","|","SalOpsz","D","70","$12,500,000","","PAOK","Player","Cleared","","","",""
"","","","","","","|","samuelsj23","D","70","$12,500,000","","Free Agent","Player","Cleared","","","",""
"","","","","","","|","egereiz3256","D","70","$12,500,000","","Udinese Calcio","Player","Cleared","","","",""
"","","","","","","|","abdodarwish","D","70","$12,500,000","","Free Agent","Player","Cleared","","","",""
"","","","","","","|","02Addo","D","70","$12,500,000","","Free Agent","Player","Cleared","","","",""
"","","","","","","|","grienzemann","D","70","$12,500,000","","Stoke City","Player","Cleared","","","",""
"","","","","","","|","h1z4n6","D","70","$12,500,000","","Free Agent","Player","Cleared","","","",""
"","","","","","","|","golangoal","D","70","$12,500,000","","Free Agent","Player","Cleared","","","",""
"","","","","","","|","Diwgo","D","70","$12,500,000","","Free Agent","Player","Cleared","","","",""
"","","","","","","|","Furiousawsome","D","70","$12,500,000","","Free Agent","Player","Cleared","","","",""
"","","","","","","|","66xix","D","70","$12,500,000","","Free Agent","Player","Cleared","","","",""
"","","","","","","|","AFOSINHOROBLOX","D","70","$12,500,000","","Free Agent","Player","Cleared","","","",""
"","","","","","","|","coolmanww1","D","70","$12,500,000","","Free Agent","Player","Cleared","","","",""
"","","","","","","|","0smaqsoo","D","70","$12,500,000","","Athletic Bilbao","Loan Out","Cleared","","","",""
"","","","","","","|","barbkoumpo","D","70","$12,500,000","","Free Agent","Player","Cleared","","","",""
"","","","","","","|","hikezinhoo","D","70","$12,500,000","","Free Agent","Player","Cleared","","","",""
"","","","","","","|","mariodz102","D","70","$12,500,000","","F.C Bayern München","Player","Cleared","","","",""
"","","","","","","|","spider_jr23","D","70","$12,500,000","","RB Leipzig","Player","Cleared","","","",""
"","","","","","","|","Biel261010_2","D","70","$12,500,000","","VFL Wolfsburg","Player","Cleared","","","",""
"","","","","","","|","Mavivonoeu","D","70","$12,500,000","","VFB Stuttgart","Player","Cleared","","","",""
"","","","","","","|","Nezmerised","D","70","$12,500,000","","Free Agent","Player","Cleared","","","",""
"","","","","","","|","OPERAISAWESOME169","D","69","$12,500,000","","Real Madrid C.F","Player","Cleared","","","",""
"","","","","","","|","koal_second","D","69","$12,500,000","","Free Agent","Player","Cleared","","","",""
"","","","","","","|","Padman1000","D","69","$12,500,000","","Free Agent","Player","Cleared","","","",""
"","","","","","","|","gussjrr","D","69","$12,500,000","","Eintracht Frankfurt","Assistant","Cleared","","","",""
"","","","","","","|","Benji_Price3","D","69","$12,500,000","","Free Agent","Player","Cleared","","","",""
"","","","","","","|","joacocivile","D","69","$12,500,000","","Athletic Bilbao","Player","Cleared","","","",""
"","","","","","","|","invasor_voraz940","D","69","$12,500,000","","Feyenoord","Player","Cleared","","","",""
"","","","","","","|","KakaViBritannia","D","69","$12,500,000","","Arsenal F.C","Player","Cleared","","","",""
"","","","","","","|","Dim131","D","69","$12,500,000","","Porto F.C","Player","Cleared","","","",""
"","","","","","","|","Dantzgoat","D","69","$12,500,000","","Parma Calcio 1913","Player","Cleared","","","",""
"","","","","","","|","PasitaRodriguez","D","69","$12,500,000","","Porto F.C","Player","Cleared","","","",""
"","","","","","","|","RodrigoElPro777RG","D","69","$12,500,000","","Manchester United","Player","Cleared","","","",""
"","","","","","","|","Yordkxz","D","69","$12,500,000","","Free Agent","Player","Cleared","","","",""
"","","","","","","|","Kylian_McFrappa","D","69","$12,500,000","","AS Roma","Player","Cleared","","","",""
"","","","","","","|","DrissaoZoo","D","69","$12,500,000","","Tottenham Hotspur","Player","Cleared","","","",""
"","","","","","","|","fabrituber720","D","69","$12,500,000","","PAOK","Manager","Cleared","","","",""
"","","","","","","|","IGiolx","D","69","$12,500,000","","Free Agent","Player","Cleared","","","",""
"","","","","","","|","IncaGoat","D","69","$12,500,000","","Free Agent","Player","Cleared","","","",""
"","","","","","","|","jareerio","D","69","$12,500,000","","Free Agent","Player","Cleared","","","",""
"","","","","","","|","danieeIz","D","69","$12,500,000","","Feyenoord","Manager","Cleared","","","",""
"","","","","","","|","Doyle_Lim","D","69","$12,500,000","","Free Agent","Player","Cleared","","","",""
"","","","","","","|","naim_76","D","69","$12,500,000","","VFB Stuttgart","Player","Cleared","","","",""
"","","","","","","|","peruano122","D","69","$12,500,000","","Free Agent","Player","Cleared","","","",""
"","","","","","","|","Lazare67","D","69","$12,500,000","","Bayer 04 Leverkusen","Player","Cleared","","","",""
"","","","","","","|","DragonTwisterSword","D","69","$12,500,000","","VFL Wolfsburg","Player","Cleared","","","",""
"","","","","","","|","bI_ck","D","69","$12,500,000","","Free Agent","Player","Cleared","","","",""
"","","","","","","|","AlinRK","D","69","$12,500,000","","FCSB","Assistant","Cleared","","","",""
"","","","","","","|","Arubaze","D","69","$12,500,000","","Free Agent","Player","Cleared","","","",""
"","","","","","","|","Baconsprosez","D","69","$12,500,000","","Real Madrid C.F","Player","Cleared","","","",""
"","","","","","","|","1PLlKE140","D","69","$12,500,000","","Parma Calcio 1913","Player","Cleared","","","",""
"","","","","","","|","endcrim","D","69","$12,500,000","","Real Madrid C.F","Player","Cleared","","","",""
"","","","","","","|","flaandre_scarlet","D","69","$12,500,000","","Free Agent","Player","Cleared","","","",""
"","","","","","","|","Mehzzi","D","69","$12,500,000","","Free Agent","Player","Cleared","","","",""
"","","","","","","|","TimohaBelkaCR07","D","69","$12,500,000","","Free Agent","Player","Cleared","","","",""
"","","","","","","|","Vurelixs","D","69","$12,500,000","","Free Agent","Player","Cleared","","","",""
"","","","","","","|","MrDamDan","D","69","$12,500,000","","F.C Barcelona","Assistant","Cleared","","","",""
"","","","","","","|","Ronbon99","D","69","$12,500,000","","Free Agent","Player","Cleared","","","",""
"","","","","","","|","THEREALMOOSEMANNN","D","69","$12,500,000","","AC Milan","Player","Cleared","","","",""
"","","","","","","|","TheAIIRounderGod","D","69","$12,500,000","","VFL Wolfsburg","Manager","Cleared","","","",""
"","","","","","","|","ruxel_gamerpro","D","69","$12,500,000","","VFB Stuttgart","Player","Cleared","","","",""
"","","","","","","|","fall0466","D","69","$12,500,000","","Tottenham Hotspur","Player","Cleared","","","",""
"","","","","","","|","spartsui","D","69","$12,500,000","","Saburtalo Tbilisi","Player","Cleared","","","",""
"","","","","","","|","roarchaki2402","D","69","$12,500,000","","Free Agent","Player","Cleared","","","",""
"","","","","","","|","Ronzii","D","69","$12,500,000","","Free Agent","Player","Cleared","","","",""
"","","","","","","|","RvbMoose","D","69","$12,500,000","","Free Agent","Player","Cleared","","","",""
"","","","","","","|","Belinghaaam","D","69","$12,500,000","","Free Agent","Player","Cleared","","","",""
"","","","","","","|","Wiinchxster","D","69","$12,500,000","","Athletic Bilbao","Player","Cleared","","","",""
"","","","","","","|","epicrionboy","D","69","$12,500,000","","Free Agent","Player","Cleared","","","",""
"","","","","","","|","SECONDACCOUNT_SOUP","D","69","$12,500,000","","Free Agent","Player","Cleared","","","",""
"","","","","","","|","Spac0wski","D","69","$12,500,000","","Aston Villa","Player","Cleared","","","",""
"","","","","","","|","19mws","D","69","$12,500,000","","F.C Bayern München","Assistant","Cleared","","","",""
"","","","","","","|","crysty82","D","69","$12,500,000","","Free Agent","Player","Cleared","","","",""
"","","","","","","|","p3nngg9","D","69","$12,500,000","","AS Roma","Manager","Cleared","","","",""
"","","","","","","|","a9lire","D","69","$12,500,000","","Valencia C.F","Player","Cleared","","","",""
"","","","","","","|","awakenaldo","D","69","$12,500,000","","Saburtalo Tbilisi","Player","Cleared","","","",""
"","","","","","","|","AAOAOOAOA_123","D","69","$12,500,000","","Feyenoord","Player","Cleared","","","",""
"","","","","","","|","asamuiaractioncoco","D","69","$12,500,000","","Atletico Madrid","Player","Cleared","","","",""
"","","","","","","|","CriticalLio","D","69","$12,500,000","","FCSB","Player","Cleared","","","",""
"","","","","","","|","EIJoacooo","D","69","$12,500,000","","Juventus FC","Player","Cleared","","","",""
"","","","","","","|","ilIshootyou","D","69","$12,500,000","","Saburtalo Tbilisi","Player","Cleared","","","",""
"","","","","","","|","immexican33333","D","69","$12,500,000","","Borussia Dortmund","Player","Cleared","","","",""
"","","","","","","|","ksacszpro","D","69","$12,500,000","","Free Agent","Player","Cleared","","","",""
"","","","","","","|","aguzzj","D","69","$12,500,000","","Real Betis Balompié","Player","Cleared","","","",""
"","","","","","","|","sebasdeleon","D","69","$12,500,000","","Liverpool F.C","Player","Cleared","","","",""
"","","","","","","|","TerminatorBat123","D","68","$12,500,000","","Free Agent","Player","Cleared","","","",""
"","","","","","","|","Danyadubh","D","68","$12,500,000","","S.S Lazio","Player","Cleared","","","",""
"","","","","","","|","Ignite_bally","D","68","$12,500,000","","RB Leipzig","Player","Cleared","","","",""
"","","","","","","|","mateiryan","D","68","$12,500,000","","Free Agent","Player","Cleared","","","",""
"","","","","","","|","liorzei","D","68","$12,500,000","","Free Agent","Player","Cleared","","","",""
"","","","","","","|","huso_masterTR","D","68","$12,500,000","","Free Agent","Player","Cleared","","","",""
"","","","","","","|","Dennis_Orosco10","D","68","$12,500,000","","PAOK","Player","Cleared","","","",""
"","","","","","","|","Filcioch","D","68","$12,500,000","","Manchester City","Player","Cleared","","","",""
"","","","","","","|","elcrack1245","D","68","$12,500,000","","Free Agent","Player","Reserve","","","",""
"","","","","","","|","ferrari599gt","D","68","$12,500,000","","Free Agent","Player","Cleared","","","",""
"","","","","","","|","EricRB321","D","68","$12,500,000","","Free Agent","Player","Cleared","","","",""
"","","","","","","|","feltharoo","D","68","$12,500,000","","Free Agent","Player","Cleared","","","",""
"","","","","","","|","Jenlon54","D","68","$12,500,000","","Free Agent","Player","Cleared","","","",""
"","","","","","","|","PEDROLERIGOLO","D","68","$12,500,000","","Union Berlin","Player","Cleared","","","",""
"","","","","","","|","Eduardcraftim1","D","68","$12,500,000","","Tottenham Hotspur","Player","Cleared","","","",""
"","","","","","","|","Garelinho","D","68","$12,500,000","","Free Agent","Player","Cleared","","","",""
"","","","","","","|","mrucce","D","68","$12,500,000","","Inter Milan","Manager","Cleared","","","",""
"","","","","","","|","MRXabdoX","D","68","$12,500,000","","Free Agent","Player","Cleared","","","",""
"","","","","","","|","Rm8w","D","68","$12,500,000","","FCSB","Player","Cleared","","","",""
"","","","","","","|","hashimvax","D","68","$12,500,000","","Free Agent","Player","Cleared","","","",""
"","","","","","","|","Lakierkes","D","68","$12,500,000","","Free Agent","Player","Cleared","","","",""
"","","","","","","|","liverpoolBVB","D","68","$12,500,000","","Feyenoord","Player","Cleared","","","",""
"","","","","","","|","ShadowDefenderXII","D","68","$12,500,000","","VFL Wolfsburg","Player","Cleared","","","",""
"","","","","","","|","gamerproinres","D","68","$12,500,000","","Free Agent","Player","SSN Ban","","","",""
"","","","","","","|","Iechpremium","D","68","$12,500,000","","Free Agent","Player","Cleared","","","",""
"","","","","","","|","cookiedark41","D","68","$12,500,000","","AC Milan","Player","Cleared","","","",""
"","","","","","","|","YZYTommy","D","68","$12,500,000","","Aston Villa","Player","Cleared","","","",""
"","","","","","","|","ZaeIouss","D","68","$12,500,000","","Juventus FC","Manager","Cleared","","","",""
"","","","","","","|","9Haaaland","D","68","$12,500,000","","Udinese Calcio","Player","Cleared","","","",""
"","","","","","","|","Atagyh","D","68","$12,500,000","","Free Agent","Player","Cleared","","","",""
"","","","","","","|","vegzinho","D","68","$12,500,000","","Real Betis Balompié","Player","Cleared","","","",""
"","","","","","","|","Hrisowskii","D","68","$12,500,000","","Free Agent","Player","Cleared","","","",""
"","","","","","","|","Pedroshot_Gaming","D","68","$12,500,000","","S.S Lazio","Player","Cleared","","","",""
"","","","","","","|","preytic","D","68","$12,500,000","","Free Agent","Player","Cleared","","","",""
"","","","","","","|","warrenzairemery","D","68","$12,500,000","","Free Agent","Player","Cleared","","","",""
"","","","","","","|","Jaxadcyre","D","67","$12,500,000","","Arsenal F.C","Player","Cleared","","","",""
"","","","","","","|","FireBBombx","D","67","$12,500,000","","Free Agent","Player","Cleared","","","",""
"","","","","","","|","wOkamiii","D","67","$12,500,000","","Free Agent","Player","Cleared","","","",""
"","","","","","","|","uthex","D","67","$12,500,000","","Free Agent","Player","Cleared","","","",""
"","","","","","","|","ImnikXD","D","67","$12,500,000","","Free Agent","Player","Cleared","","","",""
"","","","","","","|","nikdinii","D","67","$12,500,000","","Chelsea F.C","Player","Cleared","","","",""
"","","","","","","|","chotungo","D","67","$12,500,000","","Walsall F.C","Assistant","Cleared","","","",""
"","","","","","","|","JohnTeky","D","67","$12,500,000","","Inter Milan","Assistant","Cleared","","","",""
"","","","","","","|","axeIdisasii","D","67","$12,500,000","","Inter Milan","Player","Cleared","","","",""
"","","","","","","|","44bobz","D","67","$12,500,000","","VFB Stuttgart","Player","Cleared","","","",""
"","","","","","","|","Brian0vskii","D","67","$12,500,000","","Free Agent","Player","Cleared","","","",""
"","","","","","","|","OnepunchZv","D","67","$12,500,000","","Free Agent","Player","Cleared","","","",""
"","","","","","","|","miljan637","D","67","$12,500,000","","Chelsea F.C","Player","Cleared","","","",""
"","","","","","","|","GalaxyLays","D","67","$12,500,000","","Free Agent","Player","Cleared","","","",""
"","","","","","","|","kamotodog","D","67","$12,500,000","","Walsall F.C","Player","Cleared","","","",""
"","","","","","","|","datunnnnaaa","D","67","$12,500,000","","Free Agent","Player","Cleared","","","",""
"","","","","","","|","esteban300132","D","67","$12,500,000","","Free Agent","Player","Cleared","","","",""
"","","","","","","|","Mohascred","D","67","$12,500,000","","S.S Lazio","Player","Cleared","","","",""
"","","","","","","|","monahinho","D","67","$12,500,000","","Valencia C.F","Player","Cleared","","","",""
"","","","","","","|","MrHiko_Yt","D","67","$12,500,000","","S.S Lazio","Player","Cleared","","","",""
"","","","","","","|","areunx","D","67","$12,500,000","","Stoke City","Player","Cleared","","","",""
"","","","","","","|","calebenews","D","67","$12,500,000","","Cordoba CF","Player","Cleared","","","",""
"","","","","","","|","SixityTime","D","67","$12,500,000","","Free Agent","Player","Cleared","","","",""
"","","","","","","|","andrade20001","D","67","$12,500,000","","Parma Calcio 1913","Player","Cleared","","","",""
"","","","","","","|","socraattes","D","67","$12,500,000","","RB Leipzig","Player","Cleared","","","",""
"","","","","","","|","ProCiba099_009","D","67","$12,500,000","","VFL Wolfsburg","Assistant","Cleared","","","",""
"","","","","","","|","punchlife1","D","67","$12,500,000","","Walsall F.C","Player","Cleared","","","",""
"","","","","","","|","RedHoomanYT","D","67","$12,500,000","","Free Agent","Player","Cleared","","","",""
"","","","","","","|","cxzrrs","D","67","$12,500,000","","Cordoba CF","Player","Cleared","","","",""
"","","","","","","|","Dogzzii","D","67","$12,500,000","","Free Agent","Player","Cleared","","","",""
"","","","","","","|","Kvzowski","D","67","$12,500,000","","Stoke City","Player","Cleared","","","",""
"","","","","","","|","Kzidowski","D","67","$12,500,000","","Free Agent","Player","Cleared","","","",""
"","","","","","","|","duburnn","D","67","$12,500,000","","Tottenham Hotspur","Player","Cleared","","","",""
"","","","","","","|","46xKuni","D","67","$12,500,000","","S.S Lazio","Player","Cleared","","","",""
"","","","","","","|","benficalovers","D","67","$12,500,000","","Free Agent","Player","Cleared","","","",""
"","","","","","","|","ch3am","D","67","$12,500,000","","Free Agent","Player","Cleared","","","",""
"","","","","","","|","CharlesLe_simple","D","67","$12,500,000","","Free Agent","Player","Cleared","","","",""
"","","","","","","|","christian_cueva8","D","67","$12,500,000","","Free Agent","Player","Cleared","","","",""
"","","","","","","|","LlllllolXD","D","67","$12,500,000","","Free Agent","Player","Cleared","","","",""
"","","","","","","|","IKalxdouI","D","67","$12,500,000","","Eintracht Frankfurt","Player","Cleared","","","",""
"","","","","","","|","Dylan92ifr","D","67","$12,500,000","","Free Agent","Player","Cleared","","","",""
"","","","","","","|","dznhio","D","67","$12,500,000","","Free Agent","Player","Cleared","","","",""
"","","","","","","|","Edxwards","D","67","$12,500,000","","Free Agent","Player","Cleared","","","",""
"","","","","","","|","ElchuchoPerez","D","67","$12,500,000","","PAOK","Player","Cleared","","","",""
"","","","","","","|","Iewito","D","67","$12,500,000","","Free Agent","Player","Cleared","","","",""
"","","","","","","|","IxMxanny","D","67","$12,500,000","","AS Roma","Player","Cleared","","","",""
"","","","","","","|","jerrlets","D","67","$12,500,000","","Free Agent","Player","Cleared","","","",""
"","","","","","","|","jesus2980ye","D","67","$12,500,000","","Free Agent","Player","Cleared","","","",""
"","","","","","","|","JONHCENA38","D","67","$12,500,000","","PAOK","Player","Cleared","","","",""
"","","","","","","|","JoseSnayder","D","67","$12,500,000","","Free Agent","Player","Cleared","","","",""
"","","","","","","|","Joshlect","D","67","$12,500,000","","Free Agent","Player","Cleared","","","",""
"","","","","","","|","NicolasMT23","D","67","$12,500,000","","Free Agent","Player","Cleared","","","",""
"","","","","","","|","nxrutti","D","67","$12,500,000","","Feyenoord","Player","Cleared","","","",""
"","","","","","","|","harmoush","D","67","$12,500,000","","Walsall F.C","Player","Cleared","","","",""
"","","","","","","|","EMKO123","D","67","$12,500,000","","Free Agent","Player","Cleared","","","",""
"","","","","","","|","Fernandinho90","D","67","$12,500,000","","Free Agent","Player","Cleared","","","",""
"","","","","","","|","SanAula124","D","67","$12,500,000","","Free Agent","Player","Cleared","","","",""
"","","","","","","|","zlatanbad","D","67","$12,500,000","","Free Agent","Player","Cleared","","","",""
"","","","","","","|","kahlezi","D","67","$12,500,000","","Free Agent","Player","Cleared","","","",""
"","","","","","","|","4reseet","D","67","$12,500,000","","Free Agent","Player","Cleared","","","",""
"","","","","","","|","aircIass","D","67","$12,500,000","","Free Agent","Player","Cleared","","","",""
"","","","","","","|","angel153642","D","67","$12,500,000","","Free Agent","Player","Cleared","","","",""
"","","","","","","|","anissen44","D","67","$12,500,000","","Free Agent","Player","Cleared","","","",""
"","","","","","","|","carlogramirez","D","67","$12,500,000","","Free Agent","Player","Cleared","","","",""
"","","","","","","|","chefkamikaze","D","67","$12,500,000","","Free Agent","Player","Cleared","","","",""
"","","","","","","|","NarutoNamikaze5890","D","67","$12,500,000","","Free Agent","Player","Cleared","","","",""
"","","","","","","|","pIaatini","D","67","$12,500,000","","Free Agent","Player","Cleared","","","",""
"","","","","","","|","ShawnxMonaco","D","67","$12,500,000","","Free Agent","Player","Cleared","","","",""
"","","","","","","|","jessnaldo","D","67","$12,500,000","","Villarreal C.F","Player","Cleared","","","",""
"","","","","","","|","jkiller67867282882","D","67","$12,500,000","","FCSB","Player","Cleared","","","",""
"","","","","","","|","Jxrious","D","67","$12,500,000","","Free Agent","Player","Cleared","","","",""
"","","","","","","|","RealDanTDMGamerTV","D","67","$12,500,000","","Tottenham Hotspur","Assistant","Cleared","","","",""
"","","","","","","|","RiyadKMahrez","D","67","$12,500,000","","Free Agent","Player","Cleared","","","",""
"","","","","","","|","clxnicalz_x","D","67","$12,500,000","","Free Agent","Player","Cleared","","","",""
"","","","","","","|","LitOmonic","D","67","$12,500,000","","Free Agent","Player","Cleared","","","",""
"","","","","","","|","ENYELREVENTADOOOR","D","67","$12,500,000","","Athletic Bilbao","Player","Cleared","","","",""
"","","","","","","|","ianisdarwin","D","67","$12,500,000","","Free Agent","Player","Cleared","","","",""
"","","","","","","|","ii_XNoCapX","D","67","$12,500,000","","Free Agent","Player","Cleared","","","",""
"","","","","","","|","ILuisnaldo","D","67","$12,500,000","","Free Agent","Player","Cleared","","","",""
"","","","","","","|","erwanobeltzzz","D","66","$12,500,000","","Free Agent","Player","Cleared","","","",""
"","","","","","","|","Mrender0110","D","66","$12,500,000","","Parma Calcio 1913","Player","Cleared","","","",""
"","","","","","","|","AnT_Rex13","D","66","$12,500,000","","Free Agent","Player","Cleared","","","",""
"","","","","","","|","07uzi","D","66","$12,500,000","","Free Agent","Player","Cleared","","","",""
"","","","","","","|","juanbr198","D","66","$12,500,000","","Free Agent","Player","Cleared","","","",""
"","","","","","","|","ManLikeStam","D","66","$12,500,000","","Free Agent","Player","Cleared","","","",""
"","","","","","","|","RobloxScripterDevLua","D","66","$12,500,000","","Free Agent","Player","Cleared","","","",""
"","","","","","","|","chilavert","D","66","$12,500,000","","Free Agent","Player","Cleared","","","",""
"","","","","","","|","qatariaen","D","66","$12,500,000","","Udinese Calcio","Player","Cleared","","","",""
"","","","","","","|","1uisChilavert","D","66","$12,500,000","","Free Agent","Player","Cleared","","","",""
"","","","","","","|","DaviTh278","D","66","$12,500,000","","Cordoba CF","Player","Cleared","","","",""
"","","","","","","|","freshermarrow77","D","66","$12,500,000","","Free Agent","Player","Cleared","","","",""
"","","","","","","|","hadizexgaming_X","D","66","$12,500,000","","Free Agent","Player","Cleared","","","",""
"","","","","","","|","bau5z","D","66","$12,500,000","","Free Agent","Player","Cleared","","","",""
"","","","","","","|","Cyr0o","D","66","$12,500,000","","Free Agent","Player","Cleared","","","",""
"","","","","","","|","aydincetinantreman","D","66","$12,500,000","","Real Betis Balompié","Player","Cleared","","","",""
"","","","","","","|","Cycle_Youtub","D","66","$12,500,000","","F.C Bayern München","Player","Cleared","","","",""
"","","","","","","|","genjinescent","D","66","$12,500,000","","Free Agent","Player","Cleared","","","",""
"","","","","","","|","humidos","D","66","$12,500,000","","Real Betis Balompié","Player","Cleared","","","",""
"","","","","","","|","juan810j","D","66","$12,500,000","","Eintracht Frankfurt","Player","Cleared","","","",""
"","","","","","","|","JuanDavPAhe","D","66","$12,500,000","","Porto F.C","Player","Cleared","","","",""
"","","","","","","|","Kapsar01","D","66","$12,500,000","","SSC Napoli","Player","Cleared","","","",""
"","","","","","","|","kayjat4឵","D","66","$12,500,000","","Free Agent","Player","Cleared","","","",""
"","","","","","","|","keavencia","D","66","$12,500,000","","Free Agent","Player","Cleared","","","",""
"","","","","","","|","kmainoo","D","66","$12,500,000","","Juventus FC","Player","Cleared","","","",""
"","","","","","","|","MxIongo","D","66","$12,500,000","","Free Agent","Player","Cleared","","","",""
"","","","","","","|","necker1","D","66","$12,500,000","","Union Berlin","Player","Cleared","","","",""
"","","","","","","|","retinzunololenxenyes","D","66","$12,500,000","","Free Agent","Player","Cleared","","","",""
"","","","","","","|","papucraft_43","D","66","$12,500,000","","Eintracht Frankfurt","Player","Cleared","","","",""
"","","","","","","|","PeacefulSiva","D","66","$12,500,000","","Free Agent","Player","Cleared","","","",""
"","","","","","","|","raulandrei0000","D","66","$12,500,000","","Bayer 04 Leverkusen","Player","Cleared","","","",""
"","","","","","","|","RobloSalade","D","66","$12,500,000","","Free Agent","Player","Cleared","","","",""
"","","","","","","|","cubarsii","D","66","$12,500,000","","Villarreal C.F","Player","Cleared","","","",""
"","","","","","","|","DegaulleGames2","D","66","$12,500,000","","Free Agent","Player","Cleared","","","",""
"","","","","","","|","DemiraII","D","66","$12,500,000","","Free Agent","Player","Cleared","","","",""
"","","","","","","|","ATHUSG12","D","66","$12,500,000","","Cordoba CF","Player","Cleared","","","",""
"","","","","","","|","GUTZ_09","D","66","$12,500,000","","Free Agent","Player","Cleared","","","",""
"","","","","","","|","liojmmn","D","66","$12,500,000","","Free Agent","Player","Cleared","","","",""
"","","","","","","|","MarcoDEMONIOOO21312","D","66","$12,500,000","","Free Agent","Player","Cleared","","","",""
"","","","","","","|","6aggio","D","66","$12,500,000","","Free Agent","Player","Cleared","","","",""
"","","","","","","|","aconi5basket","D","66","$12,500,000","","FCSB","Player","Cleared","","","",""
"","","","","","","|","Aimer_Mxsko","D","66","$12,500,000","","Free Agent","Player","Cleared","","","",""
"","","","","","","|","blackmaks21","D","66","$12,500,000","","AS Roma","Player","Cleared","","","",""
"","","","","","","|","bxdghggjj31","D","66","$12,500,000","","Free Agent","Player","Cleared","","","",""
"","","","","","","|","cookiesvx","D","66","$12,500,000","","Free Agent","Player","Cleared","","","",""
"","","","","","","|","Cyan_nyauwu","D","66","$12,500,000","","Free Agent","Player","Cleared","","","",""
"","","","","","","|","IiBrian_AmAll","D","66","$12,500,000","","Free Agent","Player","Cleared","","","",""
"","","","","","","|","eliavl","D","66","$12,500,000","","Free Agent","Player","Cleared","","","",""
"","","","","","","|","elkevongamer91","D","66","$12,500,000","","Free Agent","Player","Cleared","","","",""
"","","","","","","|","Elsk5","D","66","$12,500,000","","Eintracht Frankfurt","Player","Cleared","","","",""
"","","","","","","|","emanuel290906","D","66","$12,500,000","","Free Agent","Player","Cleared","","","",""
"","","","","","","|","Erazold","D","66","$12,500,000","","Free Agent","Player","Cleared","","","",""
"","","","","","","|","germanlets","D","66","$12,500,000","","Free Agent","Player","Cleared","","","",""
"","","","","","","|","gojouszn","D","66","$12,500,000","","Free Agent","Player","Cleared","","","",""
"","","","","","","|","HumaniCalculator","D","66","$12,500,000","","Free Agent","Player","Cleared","","","",""
"","","","","","","|","HundredGalaxies","D","66","$12,500,000","","Free Agent","Player","Cleared","","","",""
"","","","","","","|","hurriedwassabi1","D","66","$12,500,000","","Free Agent","Player","Cleared","","","",""
"","","","","","","|","Itzxnt","D","66","$12,500,000","","Free Agent","Player","Cleared","","","",""
"","","","","","","|","J0RXD","D","66","$12,500,000","","Free Agent","Player","Cleared","","","",""
"","","","","","","|","paImaa7","D","66","$12,500,000","","Manchester United","Player","Cleared","","","",""
"","","","","","","|","Jacob_Defender","D","66","$12,500,000","","Free Agent","Player","Cleared","","","",""
"","","","","","","|","jakub8278","D","66","$12,500,000","","F.C Barcelona","Player","Cleared","","","",""
"","","","","","","|","Jeolahhh","D","66","$12,500,000","","Free Agent","Player","Cleared","","","",""
"","","","","","","|","wzrried","D","66","$12,500,000","","Free Agent","Player","Cleared","","","",""
"","","","","","","|","JosipTheKing2020","D","66","$12,500,000","","Free Agent","Player","Cleared","","","",""
"","","","","","","|","JosmellGamers","D","66","$12,500,000","","Free Agent","Player","Cleared","","","",""
"","","","","","","|","jroman_8","D","66","$12,500,000","","Feyenoord","Assistant","Cleared","","","",""
"","","","","","","|","Juuikk","D","66","$12,500,000","","Free Agent","Player","Cleared","","","",""
"","","","","","","|","Kaan012548","D","66","$12,500,000","","Free Agent","Player","Cleared","","","",""
"","","","","","","|","Kaimook_TH123","D","66","$12,500,000","","Free Agent","Player","Cleared","","","",""
"","","","","","","|","Kaladze","D","66","$12,500,000","","Free Agent","Player","Cleared","","","",""
"","","","","","","|","kevinwithstars","D","66","$12,500,000","","Free Agent","Player","Cleared","","","",""
"","","","","","","|","kidokuchazo","D","66","$12,500,000","","Free Agent","Player","Cleared","","","",""
"","","","","","","|","109davo","D","66","$12,500,000","","Free Agent","Player","Cleared","","","",""
"","","","","","","|","dogniseeBAN","D","66","$12,500,000","","Free Agent","Player","Cleared","","","",""
"","","","","","","|","888wu","D","66","$12,500,000","","Free Agent","Player","Cleared","","","",""
"","","","","","","|","iDroowPlayer12","D","66","$12,500,000","","Free Agent","Player","Cleared","","","",""
"","","","","","","|","iownmcx","D","66","$12,500,000","","Free Agent","Player","Cleared","","","",""
"","","","","","","|","isac13579br","D","66","$12,500,000","","Free Agent","Player","Cleared","","","",""
"","","","","","","|","ItzLil_Petran","D","66","$12,500,000","","Free Agent","Player","Cleared","","","",""
"","","","","","","|","jouni2911","D","66","$12,500,000","","Free Agent","Player","Cleared","","","",""
"","","","","","","|","kevindebruyen11","D","66","$12,500,000","","Free Agent","Player","Cleared","","","",""
"","","","","","","|","modenphrog","D","66","$12,500,000","","Free Agent","Player","Cleared","","","",""
"","","","","","","|","MohamedSaidBenrahma","D","66","$12,500,000","","Free Agent","Player","Cleared","","","",""
"","","","","","","|","mutawkel1","D","66","$12,500,000","","Free Agent","Player","Cleared","","","",""
"","","","","","","|","nxrosa","D","66","$12,500,000","","RB Leipzig","Player","Cleared","","","",""
"","","","","","","|","Nikokall","D","66","$12,500,000","","Free Agent","Player","Cleared","","","",""
"","","","","","","|","o4600sa","D","66","$12,500,000","","Free Agent","Player","Cleared","","","",""
"","","","","","","|","oldmandomi","D","66","$12,500,000","","Free Agent","Player","Cleared","","","",""
"","","","","","","|","panda140820","D","66","$12,500,000","","Free Agent","Player","Cleared","","","",""
"","","","","","","|","pinguinitotroll","D","66","$12,500,000","","Free Agent","Player","Cleared","","","",""
"","","","","","","|","Planovac","D","66","$12,500,000","","Free Agent","Player","Cleared","","","",""
"","","","","","","|","Pula23333","D","66","$12,500,000","","Free Agent","Player","Cleared","","","",""
"","","","","","","|","Raaahim7","D","66","$12,500,000","","Free Agent","Player","Cleared","","","",""
"","","","","","","|","renaattoo10","D","66","$12,500,000","","Free Agent","Player","Cleared","","","",""
"","","","","","","|","ResilientScout","D","66","$12,500,000","","Free Agent","Player","Cleared","","","",""
"","","","","","","|","Robin_Alpca","D","66","$12,500,000","","Free Agent","Player","Cleared","","","",""
"","","","","","","|","Artymidiy19","D","66","$12,500,000","","Free Agent","Player","Cleared","","","",""
"","","","","","","|","CoxaDoidoFiuFiu","D","66","$12,500,000","","Free Agent","Player","Cleared","","","",""
"","","","","","","|","cuervodel1995","D","66","$12,500,000","","Free Agent","Player","Cleared","","","",""
"","","","","","","|","djelame_76","D","66","$12,500,000","","AS Roma","Player","Cleared","","","",""
"","","","","","","|","Dxniltz","D","66","$12,500,000","","Free Agent","Player","Cleared","","","",""
"","","","","","","|","FinnLam","D","66","$12,500,000","","Free Agent","Player","Cleared","","","",""
"","","","","","","|","hayo_yt123","D","66","$12,500,000","","Free Agent","Player","Cleared","","","",""
"","","","","","","|","lolololol1264","D","66","$12,500,000","","Tottenham Hotspur","Player","Cleared","","","",""
"","","","","","","|","MAHMOGAMER","D","66","$12,500,000","","Free Agent","Player","Cleared","","","",""
"","","","","","","|","UniversaIities","D","66","$12,500,000","","PAOK","Player","Cleared","","","",""
"","","","","","","|","Bestfootballer1320","D","66","$12,500,000","","Free Agent","Player","Cleared","","","",""
"","","","","","","|","bodyfayed1234","D","66","$12,500,000","","Free Agent","Player","Cleared","","","",""
"","","","","","","|","fiiripee","D","66","$12,500,000","","Inter Milan","Player","Cleared","","","",""
"","","","","","","|","carlosOMGlike","D","66","$12,500,000","","Free Agent","Player","Cleared","","","",""
"","","","","","","|","Renoh0207","D","66","$12,500,000","","Free Agent","Player","Cleared","","","",""
"","","","","","","|","heydersaez2004","D","66","$12,500,000","","Free Agent","Player","Cleared","","","",""
"","","","","","","|","Raminhosgames","D","66","$12,500,000","","Free Agent","Player","Cleared","","","",""
"","","","","","","|","magicalzindix","D","66","$12,500,000","","Porto F.C","Player","Cleared","","","",""
"","","","","","","|","SerpzCustos","D","66","$12,500,000","","Aston Villa","Player","Cleared","","","",""
"","","","","","","|","MonkiSeb","D","66","$12,500,000","","Free Agent","Player","Cleared","","","",""
"","","","","","","|","stevizzo","D","66","$12,500,000","","Free Agent","Player","Cleared","","","",""
"","","","","","","|","MPS_Pod","D","66","$12,500,000","","Arsenal F.C","Player","Cleared","","","",""
"","","","","","","|","yossefessa","D","66","$12,500,000","","Free Agent","Player","Cleared","","","",""
"","","","","","","|","4oqt","D","66","$12,500,000","","Free Agent","Player","Cleared","","","",""
"","","","","","","|","aayankhan123","D","66","$12,500,000","","Free Agent","Player","Cleared","","","",""
"","","","","","","|","AytronnSenna","D","66","$12,500,000","","Parma Calcio 1913","Player","Cleared","","","",""
"","","","","","","|","Francinhoo","D","66","$12,500,000","","Free Agent","Player","Cleared","","","",""
"","","","","","","|","ixhaq","D","66","$12,500,000","","Free Agent","Player","Cleared","","","",""
"","","","","","","|","Naijelu","D","66","$12,500,000","","RB Leipzig","Manager","Cleared","","","",""
"","","","","","","|","PeitXVIII","D","66","$12,500,000","","Free Agent","Player","Cleared","","","",""
"","","","","","","|","destinhho","D","66","$12,500,000","","Free Agent","Player","Cleared","","","",""
"","","","","","","|","M0ryach0k11","D","66","$12,500,000","","Free Agent","Player","Cleared","","","",""
"","","","","","","|","KenanYiIdizz","D","66","$12,500,000","","Porto F.C","Player","Cleared","","","",""
"","","","","","","|","rondalejj","D","65","$12,500,000","","Free Agent","Player","Cleared","","","",""
"","","","","","","|","melozaria","D","65","$12,500,000","","Athletic Bilbao","Player","Cleared","","","",""
"","","","","","","|","lucastonyx","D","65","$12,500,000","","Free Agent","Player","Cleared","","","",""
"","","","","","","|","niieenow","D","65","$12,500,000","","Free Agent","Player","Cleared","","","",""
"","","","","","","|","kuvorinis","D","65","$12,500,000","","Free Agent","Player","Cleared","","","",""
"","","","","","","|","iz_kloodi","D","65","$12,500,000","","Girona","Player","Cleared","","","",""
"","","","","","","|","vladimirboss","D","65","$12,500,000","","Free Agent","Player","Cleared","","","",""
"","","","","","","|","Fraudrian","D","65","$12,500,000","","Porto F.C","Player","Cleared","","","",""
"","","","","","","|","2robz","D","65","$12,500,000","","Free Agent","Player","Cleared","","","",""
"","","","","","","|","2krux","D","65","$12,500,000","","Free Agent","Player","Cleared","","","",""
"","","","","","","|","MO129195","D","65","$12,500,000","","Udinese Calcio","Assistant","Cleared","","","",""
"","","","","","","|","daramyy","D","65","$12,500,000","","Free Agent","Player","Cleared","","","",""
"","","","","","","|","ForisHD","D","65","$12,500,000","","Manchester United","Player","Cleared","","","",""
"","","","","","","|","Hopedeparanaue","D","65","$12,500,000","","Free Agent","Player","Cleared","","","",""
"","","","","","","|","sebbvetteI","D","65","$12,500,000","","Free Agent","Player","Cleared","","","",""
"","","","","","","|","michiestaa","D","65","$12,500,000","","Saburtalo Tbilisi","Player","Cleared","","","",""
"","","","","","","|","Avono_Pierce","D","65","$12,500,000","","Free Agent","Player","Cleared","","","",""
"","","","","","","|","Healthyhat1","D","65","$12,500,000","","Free Agent","Player","Cleared","","","",""
"","","","","","","|","Le_ThugDuBled","D","65","$12,500,000","","Free Agent","Player","Cleared","","","",""
"","","","","","","|","ATFRoblox1","D","65","$12,500,000","","Free Agent","Player","Cleared","","","",""
"","","","","","","|","Hondaofc","D","65","$12,500,000","","PAOK","Player","Cleared","","","",""
"","","","","","","|","Mannerheim940","D","65","$12,500,000","","Free Agent","Player","Cleared","","","",""
"","","","","","","|","plaetini","D","65","$12,500,000","","VFB Stuttgart","Player","Cleared","","","",""
"","","","","","","|","platinum20007","D","65","$12,500,000","","Free Agent","Player","Cleared","","","",""
"","","","","","","|","RaceBuu","D","65","$12,500,000","","Free Agent","Player","Cleared","","","",""
"","","","","","","|","ALEXANDREPARIS80","D","65","$12,500,000","","Free Agent","Player","Cleared","","","",""
"","","","","","","|","httpsyoutubecZ","D","65","$12,500,000","","Free Agent","Player","Cleared","","","",""
"","","","","","","|","killerbeeisbestoday","D","65","$12,500,000","","Free Agent","Player","Cleared","","","",""
"","","","","","","|","Mike20188","D","65","$12,500,000","","FCSB","Player","Cleared","","","",""
"","","","","","","|","lionel46pro","D","65","$12,500,000","","Free Agent","Player","Cleared","","","",""
"","","","","","","|","lofusei","D","65","$12,500,000","","Free Agent","Player","Cleared","","","",""
"","","","","","","|","VeloxEdge","D","65","$12,500,000","","Cordoba CF","Player","Cleared","","","",""
"","","","","","","|","marianoycamila08","D","65","$12,500,000","","Free Agent","Player","Cleared","","","",""
"","","","","","","|","XIIDeiveIIX","D","65","$12,500,000","","Free Agent","Player","Cleared","","","",""
"","","","","","","|","Arjune192","D","65","$12,500,000","","Free Agent","Player","Cleared","","","",""
"","","","","","","|","Arunnnnn","D","65","$12,500,000","","Free Agent","Player","Cleared","","","",""
"","","","","","","|","azoctem","D","65","$12,500,000","","Free Agent","Player","Cleared","","","",""
"","","","","","","|","Baina0ala","D","65","$12,500,000","","Free Agent","Player","Cleared","","","",""
"","","","","","","|","Barisinho","D","65","$12,500,000","","Free Agent","Player","Cleared","","","",""
"","","","","","","|","BastianPrimex","D","65","$12,500,000","","Free Agent","Player","Cleared","","","",""
"","","","","","","|","benjazaca14321","D","65","$12,500,000","","Free Agent","Player","Cleared","","","",""
"","","","","","","|","BloodyBerin","D","65","$12,500,000","","Free Agent","Player","Cleared","","","",""
"","","","","","","|","bxskyy","D","65","$12,500,000","","Feyenoord","Player","Cleared","","","",""
"","","","","","","|","0_Benicio","D","65","$12,500,000","","Free Agent","Player","Cleared","","","",""
"","","","","","","|","fIorineI","D","65","$12,500,000","","FCSB","Player","Cleared","","","",""
"","","","","","","|","playgamepvp2","D","65","$12,500,000","","Free Agent","Player","Cleared","","","",""
"","","","","","","|","ROBLOXSENSIBLENOOB","D","65","$12,500,000","","Free Agent","Player","Cleared","","","",""
"","","","","","","|","roxodoshadownoob21","D","65","$12,500,000","","Free Agent","Player","Cleared","","","",""
"","","","","","","|","RxckFrost","D","65","$12,500,000","","Free Agent","Player","Cleared","","","",""
"","","","","","","|","Asimooo255","D","65","$12,500,000","","Free Agent","Player","Cleared","","","",""
"","","","","","","|","GoldinatorBat123","D","65","$12,500,000","","Free Agent","Player","Cleared","","","",""
"","","","","","","|","HasHikO_PriMexS","D","65","$12,500,000","","Inter Milan","Player","Cleared","","","",""
"","","","","","","|","mateqx1","D","65","$12,500,000","","Free Agent","Player","Cleared","","","",""
"","","","","","","|","matgame972","D","65","$12,500,000","","Free Agent","Player","Cleared","","","",""
"","","","","","","|","satriaperwira","D","65","$12,500,000","","Free Agent","Player","Cleared","","","",""
"","","","","","","|","64pw","D","65","$12,500,000","","Free Agent","Player","Cleared","","","",""
"","","","","","","|","aciidify","D","65","$12,500,000","","Free Agent","Player","Cleared","","","",""
"","","","","","","|","amrmalekelboss","D","65","$12,500,000","","Free Agent","Player","Cleared","","","",""
"","","","","","","|","arectiful","D","65","$12,500,000","","Free Agent","Player","Cleared","","","",""
"","","","","","","|","gokuzeiro12","D","65","$12,500,000","","Udinese Calcio","Player","Cleared","","","",""
"","","","","","","|","GroundLowGirl4321","D","65","$12,500,000","","Free Agent","Player","Cleared","","","",""
"","","","","","","|","Gui1908","D","65","$12,500,000","","Free Agent","Player","Cleared","","","",""
"","","","","","","|","HorusKingfire","D","65","$12,500,000","","Free Agent","Player","Cleared","","","",""
"","","","","","","|","Khojent","D","65","$12,500,000","","Free Agent","Player","Cleared","","","",""
"","","","","","","|","KillerPro1927","D","65","$12,500,000","","Free Agent","Player","Cleared","","","",""
"","","","","","","|","KingJohnn0","D","65","$12,500,000","","Free Agent","Player","Cleared","","","",""
"","","","","","","|","gjercog","D","65","$12,500,000","","Inter Milan","Player","Cleared","","","",""
"","","","","","","|","Maximo_2016","D","65","$12,500,000","","Free Agent","Player","Cleared","","","",""
"","","","","","","|","MaxMakoShark","D","65","$12,500,000","","Free Agent","Player","Cleared","","","",""
"","","","","","","|","MESKA_YT","D","65","$12,500,000","","Free Agent","Player","Cleared","","","",""
"","","","","","","|","michell_2011","D","65","$12,500,000","","Free Agent","Player","Cleared","","","",""
"","","","","","","|","MK1zl","D","65","$12,500,000","","Free Agent","Player","Cleared","","","",""
"","","","","","","|","Semkokozluca3","D","65","$12,500,000","","Free Agent","Player","Cleared","","","",""
"","","","","","","|","KRO_Quin","D","65","$12,500,000","","Free Agent","Player","Cleared","","","",""
"","","","","","","|","larry_maguire","D","65","$12,500,000","","Free Agent","Player","Cleared","","","",""
"","","","","","","|","lastdisco","D","65","$12,500,000","","Free Agent","Player","Cleared","","","",""
"","","","","","","|","LeProFrancais89","D","65","$12,500,000","","Free Agent","Player","Cleared","","","",""
"","","","","","","|","LimitedDeception","D","65","$12,500,000","","Free Agent","Player","Cleared","","","",""
"","","","","","","|","LordOfTheTon7","D","65","$12,500,000","","Free Agent","Player","Cleared","","","",""
"","","","","","","|","lsonicalx","D","65","$12,500,000","","Free Agent","Player","Cleared","","","",""
"","","","","","","|","LuNatsuLu","D","65","$12,500,000","","Free Agent","Player","Cleared","","","",""
"","","","","","","|","LVRAFLEUZE","D","65","$12,500,000","","Free Agent","Player","Cleared","","","",""
"","","","","","","|","lythienvuong2k3","D","65","$12,500,000","","Free Agent","Player","Cleared","","","",""
"","","","","","","|","matiasperuanoxd","D","65","$12,500,000","","Free Agent","Player","Cleared","","","",""
"","","","","","","|","uazeed","D","65","$12,500,000","","Free Agent","Player","Cleared","","","",""
"","","","","","","|","H_Kxkay","D","65","$12,500,000","","Free Agent","Player","Cleared","","","",""
"","","","","","","|","CarascaII","D","65","$12,500,000","","Athletic Bilbao","Manager","SSN Ban","","","",""
"","","","","","","|","uncekaw","D","65","$12,500,000","","Free Agent","Player","Cleared","","","",""
"","","","","","","|","William1pa0","D","65","$12,500,000","","Union Berlin","Player","Cleared","","","",""
"","","","","","","|","TheSmurfTheGood","D","65","$12,500,000","","Stoke City","Player","Cleared","","","",""
"","","","","","","|","IvanLescanito","D","65","$12,500,000","","Eintracht Frankfurt","Player","Cleared","","","",""
"","","","","","","|","Russ_Brook0MVP","D","65","$12,500,000","","Saburtalo Tbilisi","Assistant","Cleared","","","",""
"","","","","","","|","WillingXWING2","D","65","$12,500,000","","Cordoba CF","Player","Cleared","","","",""
"","","","","","","|","toneIli","D","65","$12,500,000","","Cordoba CF","Player","Cleared","","","",""
"","","","","","","|","ILGOT","D","65","$12,500,000","","Free Agent","Player","Cleared","","","",""
"","","","","","","|","vadimkapolyakov","D","65","$12,500,000","","Newcastle United","Player","Cleared","","","",""
"","","","","","","|","Vaalahh","D","65","$12,500,000","","FCSB","Assistant","Cleared","","","",""
"","","","","","","|","Victor32377mpj","D","65","$12,500,000","","Saburtalo Tbilisi","Assistant","Cleared","","","",""
"","","","","","","|","SledgeDragon","D","65","$12,500,000","","Free Agent","Player","Cleared","","","",""
"","","","","","","|","WindyBye","D","65","$12,500,000","","SSC Napoli","Player","Cleared","","","",""
"","","","","","","|","dami0710","D","65","$12,500,000","","Manchester City","Player","Cleared","","","",""
"","","","","","","|","Psitulasek2211","D","65","$12,500,000","","FCSB","Player","Cleared","","","",""
"","","","","","","|","zerix_360","D","65","$12,500,000","","Udinese Calcio","Player","Cleared","","","",""
"","","","","","","|","zieIinskiii","D","65","$12,500,000","","Feyenoord","Assistant","Cleared","","","",""
"","","","","","","|","tobbid","D","65","$12,500,000","","Tottenham Hotspur","Player","Cleared","","","",""
"","","","","","","|","Instagrem10234","D","65","$12,500,000","","Newcastle United","Player","Cleared","","","",""
"","","","","","","|","bubixmeister","D","65","$12,500,000","","Borussia Dortmund","Player","Cleared","","","",""
"","","","","","","|","soyelhombremorado300","D","65","$12,500,000","","Free Agent","Assistant","Cleared","","","",""
"","","","","","","|","yehiamo","D","65","$12,500,000","","Newcastle United","Assistant","Cleared","","","",""
"","","","","","","|","UchihaGen4ik","D","65","$12,500,000","","Newcastle United","Player","Cleared","","","",""
"","","","","","","|","Synksx","D","65","$12,500,000","","Union Berlin","Player","Cleared","","","",""
"","","","","","","|","wlNams","D","65","$12,500,000","","Free Agent","Player","Cleared","","","",""
"","","","","","","|","vventoo","D","65","$12,500,000","","Atletico Madrid","Player","Cleared","","","",""
"","","","","","","|","LucianElCorte","D","65","$12,500,000","","Villarreal C.F","Player","Cleared","","","",""
"","","","","","","|","Wind_tps","D","65","$12,500,000","","Liverpool F.C","Player","Cleared","","","",""
"","","","","","","|","thewoo5back","D","65","$12,500,000","","Inter Milan","Player","Cleared","","","",""
"","","","","","","|","szyluv","D","65","$12,500,000","","Inter Milan","Player","Cleared","","","",""
"","","","","","","|","lukeboyganig","D","65","$12,500,000","","Stoke City","Player","Cleared","","","",""
"","","","","","","|","tottxii","D","65","$12,500,000","","Union Berlin","Player","Cleared","","","",""
"","","","","","","|","mikbank","D","65","$12,500,000","","Girona","Player","Cleared","","","",""
"","","","","","","|","theworfer","D","65","$12,500,000","","Walsall F.C","Player","Cleared","","","",""
"","","","","","","|","bilttema","D","65","$12,500,000","","Free Agent","Player","Cleared","","","",""
"","","","","","","|","ItsTheGamePlayer","D","65","$12,500,000","","AC Milan","Player","Cleared","","","",""
"","","","","","","|","UN87486545","D","65","$12,500,000","","VFB Stuttgart","Player","Cleared","","","",""
"","","","","","","|","felix_cakerman","D","65","$12,500,000","","Free Agent","Player","Cleared","","","",""
"","","","","","","|","2vesta","D","65","$12,500,000","","Free Agent","Player","Cleared","","","",""
"","","","","","","|","Trybro7","D","65","$12,500,000","","Newcastle United","Player","Cleared","","","",""
"","","","","","","|","zaketti","D","65","$12,500,000","","Walsall F.C","Player","Cleared","","","",""
"","","","","","","|","leotii","D","65","$12,500,000","","Free Agent","Player","Cleared","","","",""
"","","","","","","|","zuxriin","D","65","$12,500,000","","Aston Villa","Player","Cleared","","","",""
"","","","","","","|","The_Zomboss47","D","65","$12,500,000","","Aston Villa","Player","Cleared","","","",""
"","","","","","","|","blownups","D","65","$12,500,000","","VFB Stuttgart","Player","Cleared","","","",""
"","","","","","","|","trickvyy","D","65","$12,500,000","","VFB Stuttgart","Player","Cleared","","","",""
"","","","","","","|","Synicalz_x","D","65","$12,500,000","","AS Roma","Player","Cleared","","","",""
"","","","","","","|","Rayquazathepro","D","65","$12,500,000","","F.C Bayern München","Player","Cleared","","","",""
"","","","","","","|","ains34","D","65","$12,500,000","","Free Agent","Player","Cleared","","","",""
"","","","","","","|","TsekInPuo","D","65","$12,500,000","","Free Agent","Player","Cleared","","","",""
"","","","","","","|","lubauti","D","65","$12,500,000","","PAOK","Assistant","Cleared","","","",""
"","","","","","","|","SkitIsRogue","D","65","$12,500,000","","Manchester City","Player","Cleared","","","",""
"","","","","","","|","sjaak11","D","65","$12,500,000","","Free Agent","Player","Cleared","","","",""
"","","","","","","|","Thixgo","D","65","$12,500,000","","Free Agent","Player","Cleared","","","",""
"","","","","","","|","stjepogame","D","65","$12,500,000","","Feyenoord","Player","Cleared","","","",""
"","","","","","","|","MemoEgy","D","65","$12,500,000","","Borussia Dortmund","Player","Cleared","","","",""
"","","","","","","|","bungaIoww","D","65","$12,500,000","","Free Agent","Player","Cleared","","","",""
"","","","","","","|","loren33gun","D","65","$12,500,000","","Athletic Bilbao","Player","Cleared","","","",""
"","","","","","","|","Vukrane","D","65","$12,500,000","","FCSB","Manager","Cleared","","","",""
"","","","","","","|","Penguiny_DeMelo","D","65","$12,500,000","","Free Agent","Player","Cleared","","","",""
"","","","","","","|","xenophoenix11","D","65","$12,500,000","","Feyenoord","Player","Cleared","","","",""
"","","","","","","|","eythannem2","D","65","$12,500,000","","Eintracht Frankfurt","Player","Cleared","","","",""
"","","","","","","|","ImSebzFan","D","65","$12,500,000","","Free Agent","Player","Cleared","","","",""
"","","","","","","|","Mr_Vidiquidos","D","65","$12,500,000","","Free Agent","Player","Cleared","","","",""
"","","","","","","|","DaLegendRO","D","65","$12,500,000","","PAOK","Player","Cleared","","","",""
"","","","","","","|","otaviosopro2","D","65","$12,500,000","","VFL Wolfsburg","Player","Cleared","","","",""
"","","","","","","|","pernek43","D","65","$12,500,000","","Free Agent","Player","Cleared","","","",""
"","","","","","","|","LOUISISAWESOME169","D","65","$12,500,000","","Arsenal F.C","Player","Cleared","","","",""
"","","","","","","|","rexdi","D","65","$12,500,000","","Free Agent","Player","Cleared","","","",""
"","","","","","","|","enzowhitetubby92","D","65","$12,500,000","","Feyenoord","Player","Cleared","","","",""
"","","","","","","|","animatedwithpen","D","65","$12,500,000","","Valencia C.F","Player","Cleared","","","",""
"","","","","","","|","TemcrosDAce","D","65","$12,500,000","","Parma Calcio 1913","Player","Cleared","","","",""
"","","","","","","|","vRonaIdo","D","65","$12,500,000","","Free Agent","Player","Cleared","","","",""
"","","","","","","|","Imortalfelipee","D","65","$12,500,000","","Free Agent","Player","Cleared","","","",""
"","","","","","","|","slimboyfat5","D","65","$12,500,000","","Free Agent","Player","Cleared","","","",""
"","","","","","","|","Yunami27x","D","65","$12,000,000","","Walsall F.C","Player","Cleared","","","",""
"","","","","","","|","siIver4404","D","65","$12,000,000","","Parma Calcio 1913","Player","Cleared","","","",""
"","","","","","","|","Toxtricity45","D","65","$12,500,000","","Inter Milan","Player","Cleared","","","",""
"","","","","","","|","FireStreak03","D","65","$12,500,000","","Free Agent","Player","Cleared","","","",""
"","","","","","","|","8bein8","D","65","$12,500,000","","PAOK","Player","Cleared","","","",""
"","","","","","","|","ezemateo04","D","65","$12,500,000","","PAOK","Assistant","Cleared","","","",""
"","","","","","","|","santima4024","D","65","$12,500,000","","Free Agent","Player","Cleared","","","",""
"","","","","","","|","absiq","D","65","$12,500,000","","Real Madrid C.F","Player","Cleared","","","",""
"","","","","","","|","Cuevapoor","D","65","$12,500,000","","Free Agent","Player","Cleared","","","",""
"","","","","","","|","ZachxryCobain","D","65","$12,500,000","","Free Agent","Player","Cleared","","","",""
"","","","","","","|","AidenGB111","D","65","$12,500,000","","Eintracht Frankfurt","Player","Cleared","","","",""
"","","","","","","|","hiIzor","D","65","$12,500,000","","Free Agent","Player","Cleared","","","",""
"","","","","","","|","1echeryy","D","65","$12,500,000","","Tottenham Hotspur","Player","Cleared","","","",""
"","","","","","","|","ShadowLine120","D","65","$12,500,000","","Tottenham Hotspur","Player","Cleared","","","",""
"","","","","","","|","CXMELEKXC","D","65","$12,500,000","","VFL Wolfsburg","Player","Cleared","","","",""
"","","","","","","|","Jirazei","D","65","$12,500,000","","Saburtalo Tbilisi","Player","Cleared","","","",""
"","","","","","","|","danieIfly","D","65","$12,500,000","","VFL Wolfsburg","Player","Cleared","","","",""
"","","","","","","|","realdwayn52","D","65","$12,500,000","","Stoke City","Player","Cleared","","","",""
"","","","","","","|","kasyomi","D","65","$12,500,000","","Saburtalo Tbilisi","Player","Cleared","","","",""
"","","","","","","|","DABEASTXG","D","65","$12,500,000","","Eintracht Frankfurt","Player","Cleared","","","",""
"","","","","","","|","vxrwiesta","D","65","$12,500,000","","Free Agent","Player","Cleared","","","",""
"","","","","","","|","fabretzko","D","65","$12,500,000","","Parma Calcio 1913","Player","Cleared","","","",""
"","","","","","","|","BeboIsClown","D","65","$12,500,000","","Feyenoord","Player","Cleared","","","",""
"","","","","","","|","matpro420","D","65","$12,500,000","","Manchester United","Manager","Cleared","","","",""
"","","","","","","|","aymericIaporte","D","65","$12,500,000","","RB Leipzig","Player","Cleared","","","",""
"","","","","","","|","master454512","D","65","$12,500,000","","Manchester United","Assistant","Cleared","","","",""
"","","","","","","|","Uged","D","65","$12,500,000","","Free Agent","Player","Cleared","","","",""
"","","","","","","|","metalguy566","D","65","$12,500,000","","Free Agent","Player","Cleared","","","",""
"","","","","","","|","Hakermar03","D","65","$12,500,000","","PAOK","Player","Cleared","","","",""
"","","","","","","|","Dantemanol","D","65","$12,500,000","","VFL Wolfsburg","Player","Cleared","","","",""
"","","","","","","|","wubrekkie","D","65","$12,500,000","","Real Betis Balompié","Player","Cleared","","","",""
"","","","","","","|","Tushonslayer","D","65","$12,500,000","","Manchester City","Player","Cleared","","","",""
"","","","","","","|","krl_00122","D","65","$12,500,000","","Free Agent","Player","Cleared","","","",""
"","","","","","","|","kaptisso","D","65","$12,500,000","","Free Agent","Player","Cleared","","","",""
"","","","","","","|","S_haddai","D","65","$12,500,000","","Free Agent","Player","Cleared","","","",""
"","","","","","","|","Reiss_Nelson2","D","65","$12,500,000","","Stoke City","Player","Cleared","","","",""
"","","","","","","|","Jexonium","D","65","$12,500,000","","Porto F.C","Player","Cleared","","","",""
"","","","","","","|","Zl_Moren","D","65","$12,500,000","","Free Agent","Player","Cleared","","","",""
"","","","","","","|","RobloxUser130609","D","65","$12,500,000","","Tottenham Hotspur","Player","Cleared","","","",""
"","","","","","","|","Zarkzos","D","65","$12,500,000","","Eintracht Frankfurt","Manager","Cleared","","","",""
"","","","","","","|","krallll23e","D","65","$12,500,000","","F.C Bayern München","Player","Cleared","","","",""
"","","","","","","|","damfromdao","D","65","$12,500,000","","Union Berlin","Player","Cleared","","","",""
"","","","","","","|","jagerconnoisseur","D","65","$12,500,000","","F.C Barcelona","Player","Cleared","","","",""
"","","","","","","|","Merwan_78","D","65","$12,500,000","","Parma Calcio 1913","Player","Cleared","","","",""
"","","","","","","|","osswaIdcobblepot","D","65","$12,500,000","","Parma Calcio 1913","Player","Cleared","","","",""
"","","","","","","|","worrde","D","65","$12,500,000","","Parma Calcio 1913","Player","Cleared","","","",""
"","","","","","","|","Kelvin4404","D","65","$12,500,000","","Parma Calcio 1913","Player","Cleared","","","",""
"","","","","","","|","ChiefK0d","D","65","$12,500,000","","Manchester United","Assistant","Cleared","","","",""
"","","","","","","|","Younes_MPS","D","65","$12,500,000","","Free Agent","Player","Cleared","","","",""
"","","","","","","|","trovao16","D","65","$12,500,000","","Cordoba CF","Player","Cleared","","","",""
"","","","","","","|","trtremir0077","D","65","$12,500,000","","PAOK","Player","Cleared","","","",""
"","","","","","","|","3yl9d","D","65","$12,500,000","","F.C Bayern München","Player","Cleared","","","",""
"","","","","","","|","berueno","D","65","$12,500,000","","Chelsea F.C","Player","Cleared","","","",""
"","","","","","","|","Rk13891","D","65","$12,500,000","","Manchester United","Player","Cleared","","","",""
"","","","","","","|","virazei","D","65","$12,500,000","","Walsall F.C","Player","Cleared","","","",""
"","","","","","","|","XenoSuperEscalibur","D","65","$12,500,000","","Parma Calcio 1913","Player","Cleared","","","",""
"","","","","","","|","smike3334","D","65","$12,500,000","","PAOK","Player","Cleared","","","",""
"","","","","","","|","xu1zo","D","65","$12,500,000","","Saburtalo Tbilisi","Player","Cleared","","","",""
"","","","","","","|","realDrako","D","65","$12,500,000","","AS Roma","Player","Cleared","","","",""
"","","","","","","|","fottiproc906","D","65","$12,500,000","","Manchester United","Player","Cleared","","","",""
"","","","","","","|","amielkpo","D","65","$12,500,000","","Aston Villa","Player","Cleared","","","",""
"","","","","","","|","FriedsWorld","D","65","$12,500,000","","Manchester United","Player","Cleared","","","",""
"","","","","","","|","drip_monki","D","65","$12,500,000","","Manchester United","Player","Cleared","","","",""
"","","","","","","|","Baszlan","D","65","$12,500,000","","Manchester United","Player","Cleared","","","",""
"","","","","","","|","Mohamedpar4528","D","65","$12,500,000","","Manchester United","Player","Cleared","","","",""
"","","","","","","|","","","","","","","","","","","",""
"","","","","","","|","","","","","","","","","","","",""
"","","","","","","|","","","","","","","","","","","",""
"","","","","","","|","","","","","","","","","","","",""
"","","","","","","|","","","","","","","","","","","",""
"","","","","","","|","","","","","","","","","","","",""
"","","","","","","|","","","","","","","","","","","",""
"","","","","","","|","","","","","","","","","","","",""
"","","","","","","|","","","","","","","","","","","",""
"","","","","","","|","","","","","","","","","","","",""
"","","","","","","|","","","","","","","","","","","",""
"","","","","","","|","","","","","","","","","","","",""
"","","","","","","|","","","","","","","","","","","",""
"","","","","","","|","","","","","","","","","","","",""
"","","","","","","|","","","","","","","","","","","",""
"","","","","","","|","","","","","","","","","","","",""
"","","","","","","|","","","","","","","","","","","",""
"","","","","","","|","","","","","","","","","","","",""
"","","","","","","|","","","","","","","","","","","",""
"","","","","","","|","","","","","","","","","","","",""