"","Rank","SEASON 18 Goals Name","Team","FINAL Goals","","Rank","SEASON 18 Assists Name","Team","FINAL Assists","","Rank","SEASON 18 Cleansheets Name","Team","FINAL CS","","Rank","SEASON 18 MOTM Count Name","Team","FINAL MOTMs","","","","","Rank","SEASON 18 MENTIONS Count Name","Team","FINAL Mentions","","","Rank","SEASON 18 Card Count Name","Team","FINAL YC","RC",""
"","1","aresefgod","RB Leipzig","62","","1","SebzqRodriguez","Inter Milan","33","","1","Franksank2222","Paris Saint-Germain","10","","1","ogb2","Juventus F.C","15","","","","","1","8Valverde","Manchester City","17","","","1","MFSHAD","Borussia Dortmund","8","1",""
"","2","SebzqRodriguez","Inter Milan","48","","2","MFSHAD","Borussia Dortmund","27","","2","UISUAI6U1","Borussia Dortmund","10","","2","MFSHAD","Borussia Dortmund","13","","","","","2","KingTenBr","Borussia Dortmund","16","","","2","dansakii","Celta Vigo","7","0",""
"","3","ogb2","Juventus F.C","44","","3","8Valverde","Manchester City","26","","3","Gigo564","Borussia Dortmund","7","","3","aresefgod","RB Leipzig","11","","","","","3","babatopcuu","Juventus F.C","15","","","3","C11NT3N","R.S.C Anderlecht","6","0",""
"","4","LucasBergvaII","F.C Schalke 04","41","","4","EyeSolotionVx","AFC Ajax","24","","4","DanielDeEgg","Inter Milan","5","","4","nepzos","Real Madrid ","11","","","","","4","SebzqRodriguez","Inter Milan","15","","","4","ESTISAWESOME169","Real Sociedad","6","0",""
"","5","dannyvoetballer","Manchester City","40","","5","babatopcuu","Juventus F.C","23","","5","KittyLover29294","RB Leipzig","5","","5","darkuiv","Paris Saint-Germain","10","","","","","5","Iisandroo","Paris Saint-Germain","14","","","5","examessi","Bayern München","6","0",""
"","6","7ronaIdoo","Paris Saint-Germain","39","","6","hjl","Paris Saint-Germain","23","","6","clumsythings","Girona F.C","5","","6","dannyvoetballer","Manchester City","9","","","","","6","Barellinho","Como 1907","12","","","6","Izuukinata","Inter Milan","6","0",""
"","7","babatopcuu","Juventus F.C","39","","7","dsacszpro","Tottenham Hotspur","21","","7","BudderBomb45","Inter Milan","4","","7","pipojoelcrack","A.S Monaco","9","","","","","7","eviluded","F.C Porto","12","","","7","LuvThatChicken","Girona F.C","6","0",""
"","8","finjoshi","Girona F.C","39","","8","lucasjbss","Liverpool F.C","21","","8","Carlorzei","Manchester United","4","","8","SebzqRodriguez","Inter Milan","8","","","","","8","FeltzGodXI","Inter Milan","12","","","8","Rokessi","Paris Saint-Germain","6","0",""
"","9","8Valverde","Manchester City","37","","9","darkuiv","Paris Saint-Germain","20","","9","casillasproinres","Dinamo Zagreb","4","","9","finjoshi","Girona F.C","7","","","","","9","Kxyzino","A.S Roma","12","","","9","ruxel_gamerpro","Girona F.C","6","0",""
"","10","eIpistolerooo","Borussia Dortmund","37","","10","fivestarisco","Bayern München","20","","10","CauansOuedraogo","Manchester City","4","","10","ninjisooo","Juventus F.C","7","","","","","10","ninjisooo","Juventus F.C","12","","","10","t_osen","A.S Roma","6","0",""
"","11","seitano","Liverpool F.C","37","","11","Iuczz","Arsenal F.C","19","","11","egereiz3256","F.C København","4","","11","eIpistolerooo","Borussia Dortmund","6","","","","","11","EyeSolotionVx","AFC Ajax","11","","","11","UberLeo","Manchester United","6","0",""
"","12","pipojoelcrack","A.S Monaco","35","","12","wskaar","VFL Wolfsburg","19","","12","migueatp","Liverpool F.C","4","","12","ESTISAWESOME169","Real Sociedad","6","","","","","12","finjoshi","Girona F.C","11","","","12","xfibion","S.S.C Napoli","6","0",""
"","13","hojIuund","F.C Barcelona","34","","13","exshed","Manchester City","18","","13","reiulent","Manchester City","4","","13","fazaldo","A.C Milan","6","","","","","13","KittyLover29293","RB Leipzig","11","","","13","8Valverde","Manchester City","5","0",""
"","14","Kxyzino","A.S Roma","31","","14","ninjisooo","Juventus F.C","18","","14","Rippxh","Bayern München","4","","14","hjl","Paris Saint-Germain","6","","","","","14","NeoxRodriguez","Real Madrid ","11","","","14","ConstantinopleGreek","Arsenal F.C","5","1",""
"","15","nepzos","Real Madrid ","31","","15","William1pa0","BSC Young Boys","18","","15","BIoxinhooo","Crystal Palace","3","","15","Iuczz","Arsenal F.C","6","","","","","15","2yooz","Liverpool F.C","10","","","15","Iisandroo","Paris Saint-Germain","5","1",""
"","16","MFSHAD","Borussia Dortmund","31","","16","xfibion","S.S.C Napoli","18","","16","HjaItee","Juventus F.C","3","","16","Kxyzino","A.S Roma","6","","","","","16","agarnacho_7","Manchester United","10","","","16","sounddyt","Girona F.C","5","1",""
"","17","emperoryhya","AFC Ajax","30","","17","coolestwilliam","Crystal Palace","17","","17","Humberto_4268","Crystal Palace","3","","17","RobertLewandowski38","Crystal Palace","6","","","","","17","aresefgod","RB Leipzig","10","","","17","SuIeex","Arsenal F.C","5","1",""
"","18","ESTISAWESOME169","Real Sociedad","30","","18","dansakii","Celta Vigo","16","","18","personaje23236","Inter Milan","3","","18","seitano","Liverpool F.C","6","","","","","18","fivestarisco","Bayern München","10","","","18","J4xovic","AFC Ajax","5","0",""
"","19","bovcola","S.S.C Napoli","29","","19","finjoshi","Girona F.C","16","","19","seriaImogger","AFC Ajax","3","","19","xfibion","S.S.C Napoli","6","","","","","19","Idk_Scout","Liverpool F.C","10","","","19","ocelowski","RB Leipzig","5","0",""
"","20","fivestarisco","Bayern München","28","","20","IILowkeyXI","Inter Milan","16","","20","xFixLeox","Tottenham Hotspur","3","","20","8Valverde","Manchester City","5","","","","","20","Izuukinata","Inter Milan","10","","","20","Uziuqq","RB Leipzig","5","0",""
"","21","rocha90","Rangers F.C","28","","21","KittyLover29293","RB Leipzig","16","","21","backyardmillie","A.C Milan","2","","21","bovcola","S.S.C Napoli","5","","","","","21","LimiDantoneIIi","S.S.C Napoli","10","","","21","xalzore","RB Leipzig","5","0",""
"","22","dansakii","Celta Vigo","27","","22","ogb2","Juventus F.C","16","","22","evil33pro","Arsenal F.C","2","","22","Barellinho","Como 1907","5","","","","","22","pipojoelcrack","A.S Monaco","10","","","22","xeterna1","Olympique Lyon","5","0",""
"","23","ninjisooo","Juventus F.C","26","","23","A7HARR","A.S Monaco","15","","23","ItchyLfc2005","S.S.C Napoli","2","","23","CreitemDo_Grau123","BSC Young Boys","5","","","","","23","wskaar","VFL Wolfsburg","10","","","23","zyArthxr","F.C København","5","0",""
"","24","zieIinskiii","F.C Schalke 04","26","","24","examessi","Bayern München","15","","24","jetixpro","Tottenham Hotspur","2","","24","examessi","Bayern München","5","","","","","24","xfibion","S.S.C Napoli","10","","","24","agxszy","Girona F.C","4","2",""
"","25","Barellinho","Como 1907","25","","25","7ronaIdoo","Paris Saint-Germain","14","","25","KakaViBritannia","Borussia Dortmund","2","","25","hojIuund","F.C Barcelona","5","","","","","25","agxszy","Girona F.C","9","","","25","dineifu123BR","VFL Wolfsburg","4","1",""
"","26","CreitimDo_Grau123","BSC Young Boys","25","","26","asd52hoho","Real Sociedad","14","","26","koal_second","Atalanta B.C","2","","26","LimiDantoneIIi","S.S.C Napoli","5","","","","","26","eIpistolerooo","Borussia Dortmund","9","","","26","stefiscoco","A.S Monaco","4","1",""
"","27","dsacszpro","Tottenham Hotspur","25","","27","Izuukinata","Inter Milan","14","","27","margoI_l","R.S.C Anderlecht","2","","27","LucasBergvaII","F.C Schalke 04","5","","","","","27","hjl","Paris Saint-Germain","9","","","27","47Weirdo","Manchester United","4","0",""
"","28","fazaldo","A.C Milan","25","","28","ESTISAWESOME169","Real Sociedad","14","","28","nikdinii","R.S.C Anderlecht","2","","28","retenzu","Real Betis","5","","","","","28","hojIuund","F.C Barcelona","9","","","28","badiyaa","Real Sociedad","4","0",""
"","29","Vsmaqq","Girona F.C","25","","29","gabipagabo3000","Atalanta B.C","14","","29","niovc","F.C Porto","2","","29","sneijdan","Celta Vigo","5","","","","","29","IIJake_XI","S.S.C Napoli","9","","","29","Barellinho","Como 1907","4","0",""
"","30","Xsamuel_Doritos34","Brighton","25","","30","kayraaevci","Atalanta B.C","14","","30","themightyjesse","Inter Milan","2","","30","2yooz","Liverpool F.C","4","","","","","30","IILowkeyXI","Inter Milan","9","","","30","believant","Manchester United","4","0",""
"","31","darkuiv","Paris Saint-Germain","24","","31","przygnebionykapa","Arsenal F.C","14","","31","TheUnknownDog1","F.C Schalke 04","2","","31","7ronaIdoo","Paris Saint-Germain","4","","","","","31","Iuczz","Arsenal F.C","9","","","31","CrisstobaI","Athletic Bilbao","4","0",""
"","32","hjl","Paris Saint-Germain","22","","32","hutyrr","Arsenal F.C","14","","32","akavaIen","Brighton","1","","32","a6nda","Liverpool F.C","4","","","","","32","MFSHAD","Borussia Dortmund","9","","","32","cynosn","Crystal Palace","4","0",""
"","33","IDavidLIII","Dinamo Zagreb","22","","33","agxszy","Girona F.C","13","","33","akturkogIu","Atalanta B.C","1","","33","Carlorzei","Manchester United","4","","","","","33","ocelowski","RB Leipzig","9","","","33","DJMaxwell132","Manchester United","4","0",""
"","34","Iuczz","Arsenal F.C","22","","34","dawvii","RB Leipzig","13","","34","aydincetinantreman","Como 1907","1","","34","cepzos","Inter Milan","4","","","","","34","t_osen","A.S Roma","9","","","34","eviluded","F.C Porto","4","0",""
"","35","EyeSolotionVx","AFC Ajax","21","","35","hbaybarsxdd","F.C Porto","13","","35","believant","Manchester United","1","","35","dsacszpro","Tottenham Hotspur","4","","","","","35","tommy33gun","Inter Milan","9","","","35","fazaldo","A.C Milan","4","0",""
"","36","lzuukinata","Inter Milan","21","","36","nepzos","Real Madrid ","13","","36","boiadeeiro","Real Madrid ","1","","36","fivestarisco","Bayern München","4","","","","","36","xalzore","RB Leipzig","9","","","36","FeltzGodXI","Inter Milan","4","0",""
"","37","Stackzify","Olympique Lyon","21","","37","t_osen","A.S Roma","13","","37","Carlosgarvar","F.C Barcelona","1","","37","IDavidLIII","Dinamo Zagreb","4","","","","","37","Xsamuel_Doritos34","Brighton","9","","","37","frieztaa","Juventus F.C","4","0",""
"","38","xalzore","RB Leipzig","21","","38","xalzore","RB Leipzig","13","","38","CoxaDoidoFiuFiu","Arsenal F.C","1","","38","Luhzeriii","BSC Young Boys","4","","","","","38","ogb2","Juventus F.C","9","","","38","haakkimi","Real Sociedad","4","0",""
"","39","2yooz","Liverpool F.C","20","","39","2296EEE","Arsenal F.C","13","","39","Danyadubh","Tottenham Hotspur","1","","39","Pionieers","Real Betis","4","","","","","39","SuIeex","Arsenal F.C","9","","","39","IISarimXI","Manchester United","4","0",""
"","40","irineudosparanaue","F.C Barcelona","20","","40","bovcola","S.S.C Napoli","12","","40","DaviTh278","BSC Young Boys","1","","40","reigamerc","VFL Wolfsburg","4","","","","","40","47Weirdo","Manchester United","8","","","40","Jakethepig87","R.S.C Anderlecht","4","0",""
"","41","xfibion","S.S.C Napoli","20","","41","deitano","Real Betis","12","","41","eIdibuu","Iberia","1","","41","Smokey3121","Athletic Bilbao","4","","","","","41","7ronaIdoo","Paris Saint-Germain","8","","","41","LucasBergvaII","F.C Schalke 04","4","0",""
"","42","2296EEE","Arsenal F.C","20","","42","Gaxovic","BSC Young Boys","12","","42","ezequielmanu","Real Madrid ","1","","42","soXerR_Q","Atalanta B.C","4","","","","","42","BoldProdigy","S.S.C Napoli","8","","","42","sir_aimbot012","Real Sociedad","4","0",""
"","43","eviluded","F.C Porto","19","","43","dannyvoetballer","Manchester City","11","","43","FireBBombx","Tottenham Hotspur","1","","43","Stackzify","Olympique Lyon","4","","","","","43","bovcola","S.S.C Napoli","8","","","43","uncekaw","Juventus F.C","4","0",""
"","44","examessi","Bayern München","19","","44","FeltzGodXI","Inter Milan","11","","44","HittaPungaMo","Real Madrid ","1","","44","Vsmaqq","Girona F.C","4","","","","","44","dannyvoetballer","Manchester City","8","","","44","virgilvanzyrso","Borussia Dortmund","4","0",""
"","45","lucasjbss","Liverpool F.C","19","","45","NeoxRodriguez","Real Madrid ","11","","45","Ignite_bally","Fortuna Düsseldorf","1","","45","wskaar","VFL Wolfsburg","4","","","","","45","darkuiv","Paris Saint-Germain","8","","","45","Zoomical","Girona F.C","4","0",""
"","46","47Weirdo","Manchester United","18","","46","pipojoelcrack","A.S Monaco","11","","46","invasor_voraz940","BSC Young Boys","1","","46","xeterna1","Olympique Lyon","4","","","","","46","dsacszpro","Tottenham Hotspur","8","","","46","SalQuender","Borussia Dortmund","4","0",""
"","47","KingTenBr","Borussia Dortmund","18","","47","pooooooooooooer","VFL Wolfsburg","11","","47","isaque123456677","VFL Wolfsburg","1","","47","2296EEE","Arsenal F.C","4","","","","","47","Franksank2222","Paris Saint-Germain","8","","","47","lau5da","A.S Roma","3","2",""
"","48","LimiDantoneIIi","S.S.C Napoli","18","","48","Wintrreza","Crystal Palace","11","","48","jesuscrack50","Real Madrid ","1","","48","47Weirdo","Manchester United","3","","","","","48","J4xovic","AFC Ajax","8","","","48","Danielpro06","S.S.C Napoli","3","1",""
"","49","Luhzeriii","BSC Young Boys","18","","49","eIpistolerooo","Borussia Dortmund","11","","49","lxgendv","Liverpool F.C","1","","49","babatopcuu","Juventus F.C","3","","","","","49","lucasjbss","Liverpool F.C","8","","","49","kentroya","Athletic Bilbao","3","1",""
"","50","dahoot7104","Inter Milan","17","","50","22FRAGG","AFC Ajax","10","","50","Merknazer","Brazil","1","","50","ConstantinopleGreek","Arsenal F.C","3","","","","","50","naim_76","Marseille","8","","","50","koltoure","S.S.C Napoli","3","1",""
"","51","Jeremy_Zoku","Tottenham Hotspur","17","","51","BulutKrh52","A.S Roma","10","","51","miljan637","A.S Roma","1","","51","coolestwilliam","Crystal Palace","3","","","","","51","pooooooooooooer","VFL Wolfsburg","8","","","51","RayenITAMaster","Como 1907","3","1",""
"","52","MenaceIiatons","Bayer Leverkusen","17","","52","Helziy","Olympique Lyon","10","","52","MO129195","Dinamo Zagreb","1","","52","eviluded","F.C Porto","3","","","","","52","retinzu","Real Betis","8","","","52","7ronaIdoo","Paris Saint-Germain","3","0",""
"","53","retenzu","Real Betis","17","","53","KingTenBr","Borussia Dortmund","10","","53","NickOIij","Crystal Palace","1","","53","EyeSolotionVx","AFC Ajax","3","","","","","53","SanTser780_5","F.C Schalke 04","8","","","53","agarnacho_7","Manchester United","3","0",""
"","54","SanTser780_5","F.C Schalke 04","17","","54","Smokey3121","Athletic Bilbao","10","","54","NikeBRvip10","VFL Wolfsburg","1","","54","gabipagabo3000","F.C Porto","3","","","","","54","seriaImogger","AFC Ajax","8","","","54","alanchetauu","F.C Barcelona","3","0",""
"","55","soXeR_Q","Como 1907","17","","55","Stephano_093","Brighton","10","","55","origamiempresss","Real Sociedad","1","","55","GokuSSGSS323","Dinamo Zagreb","3","","","","","55","Smokey3121","Athletic Bilbao","8","","","55","Artymidiy19","Norwich City","3","0",""
"","56","aIisxi","Real Sociedad","16","","56","zieIinskiii","F.C Schalke 04","10","","56","plaetini","England","1","","56","Idk_Scout","Liverpool F.C","3","","","","","56","Wintrreza","Crystal Palace","8","","","56","asd52hoho","AFC Ajax","3","0",""
"","57","jenlon55","R.S.C Anderlecht","16","","57","agarnacho_7","Manchester United","9","","57","PLOKOLOL_BROTHER5","Arsenal F.C","1","","57","Iisandroo","Paris Saint-Germain","3","","","","","57","Badsiq","Real Sociedad","7","","","57","Behrazy","S.S.C Napoli","3","0",""
"","58","Smokey3121","Athletic Bilbao","16","","58","aresefgod","RB Leipzig","9","","58","raulandrei0000","Rangers F.C","1","","58","iIuvcatboy","Real Betis","3","","","","","58","Behrazy","S.S.C Napoli","7","","","58","bovcola","S.S.C Napoli","3","0",""
"","59","stefannsons","Tottenham Hotspur","16","","59","Barellinho","Como 1907","9","","59","RobloxScripterDevLua","Como 1907","1","","59","irineudosparanaue","F.C Barcelona","3","","","","","59","Carlorzei","Manchester United","7","","","59","dawvii","RB Leipzig","3","0",""
"","60","cris33gun","Athletic Bilbao","15","","60","eviluded","F.C Porto","9","","60","SteadyFreddie31","Juventus F.C","1","","60","isaque123456677","VFL Wolfsburg","3","","","","","60","coolestwilliam","Crystal Palace","7","","","60","EIJoacoo","A.S Monaco","3","0",""
"","61","gabipagabo3000","F.C Porto","15","","61","LimiDantoneIIi","S.S.C Napoli","9","","61","svenzio","Marseille","1","","61","itsslothplayz","Como 1907","3","","","","","61","deitano","Real Betis","7","","","61","elcrack1245","Norwich City","3","0",""
"","62","IILowkeyXI","Inter Milan","15","","62","LucasBergvaII","F.C Schalke 04","9","","62","umutwalley","Crystal Palace","1","","62","kentroya","Athletic Bilbao","3","","","","","62","ESTISAWESOME169","Real Sociedad","7","","","62","emvrre","Olympique Lyon","3","0",""
"","63","kentroya","Athletic Bilbao","15","","63","Luhzeriii","BSC Young Boys","9","","63","vadimkapolyakov","Girona F.C","1","","63","KittyLover29293","RB Leipzig","3","","","","","63","evil33pro","Arsenal F.C","7","","","63","FIazingArrow","Borussia Dortmund","3","0",""
"","64","rebelvax","Dinamo Zagreb","15","","64","rocha90","Rangers F.C","9","","64","wolokru","Middle East","1","","64","lucasjbss","Liverpool F.C","3","","","","","64","examessi","Bayern München","7","","","64","FireBBombx","Tottenham Hotspur","3","0",""
"","65","RobertLewandowski38","Crystal Palace","15","","65","SanTser780_5","F.C Schalke 04","9","","65","","","","","65","niovc","F.C Porto","3","","","","","65","exshed","Manchester City","7","","","65","HasHikO_PriMexS","F.C København","3","0",""
"","66","FeltzGodXI","Inter Milan","14","","66","sir_aimbot012","Real Sociedad","9","","66","","","","","66","nxchomaki","A.S Monaco","3","","","","","66","FIazingArrow","Borussia Dortmund","7","","","66","hjl","Paris Saint-Germain","3","0",""
"","67","gabiiizzy","Rangers F.C","14","","67","Uziuqq","RB Leipzig","9","","67","","","","","67","przygnebionykapa","Arsenal F.C","3","","","","","67","frieztaa","Juventus F.C","7","","","67","ilishootyou","Real Sociedad","3","0",""
"","68","Gaxovic","BSC Young Boys","14","","68","Vsmaqq","Girona F.C","9","","68","","","","","68","rosalocalover","Juventus F.C","3","","","","","68","IDavidLIII","Dinamo Zagreb","7","","","68","immexican33333","Real Betis","3","0",""
"","69","reedoro","Rangers F.C","14","","69","xeterna1","Olympique Lyon","9","","69","","","","","69","stefannsons","Tottenham Hotspur","3","","","","","69","jakenaIdo","Celta Vigo","7","","","69","Justii_n","Real Madrid ","3","0",""
"","70","t9shiin","Tottenham Hotspur","14","","70","nxchomaki","A.S Monaco","9","","70","","","","","70","Wintrreza","Crystal Palace","3","","","","","70","koltoure","S.S.C Napoli","7","","","70","KylianMcFrappa","F.C Schalke 04","3","0",""
"","71","Wintrreza","Crystal Palace","14","","71","SuIeex","Arsenal F.C","9","","71","","","","","71","xFixleox","F.C Porto","3","","","","","71","LucasBergvaII","F.C Schalke 04","7","","","71","lolololol1264","Real Sociedad","3","0",""
"","72","xeterna1","Olympique Lyon","14","","72","2yooz","Liverpool F.C","8","","72","","","","","72","Xsamuel_Doritos34","Brighton","3","","","","","72","Rokessi","Paris Saint-Germain","7","","","72","lucasjbss","Liverpool F.C","3","0",""
"","73","Behrazy","A.C Milan","13","","73","alanchetauu","F.C Barcelona","8","","73","","","","","73","zieIinskiii","Dinamo Zagreb","3","","","","","73","scarfaded","Paris Saint-Germain","7","","","73","Luhzeriii","BSC Young Boys","3","0",""
"","74","believant","Manchester United","13","","74","cepzos","Inter Milan","8","","74","","","","","74","kayraaevci","Atalanta B.C","3","","","","","74","sir_aimbot012","Real Sociedad","7","","","74","MISHIPRAXDYT2","Rangers F.C","3","0",""
"","75","BoldProdigy","S.S.C Napoli","13","","75","CrisstobaI","Athletic Bilbao","8","","75","","","","","75","22FRAGG","AFC Ajax","2","","","","","75","VaudevilleVillain","AFC Ajax","7","","","75","Nazotiy","Bayern München","3","0",""
"","76","Iisandroo","Paris Saint-Germain","13","","76","Dogesinhoo","Celta Vigo","8","","76","","","","","76","aguzzj","Brighton","2","","","","","76","virgilvanzyrso","Borussia Dortmund","7","","","76","NickOIij","A.S Roma","3","0",""
"","77","itsslothplayz","Como 1907","13","","77","fredocega","A.S Roma","8","","77","","","","","77","aIisxi","Middle East","2","","","","","77","WachinnGoat","Borussia Dortmund","7","","","77","ninjisooo","Juventus F.C","3","0",""
"","78","MPS_Pod","Paris Saint-Germain","13","","78","gabiiizzy","Rangers F.C","8","","78","","","","","78","Behrazy","S.S.C Napoli","2","","","","","78","WindyBye","BSC Young Boys","7","","","78","tizongass","A.S Monaco","3","0",""
"","79","Nwanerii","A.C Milan","13","","79","hojIuund","F.C Barcelona","8","","79","","","","","79","bolinho123456677","VFL Wolfsburg","2","","","","","79","xeterna1","Olympique Lyon","7","","","79","sacchyv","A.S Roma","3","0",""
"","80","soIankee","A.S Monaco","13","","80","reigamerc","VFL Wolfsburg","8","","80","","","","","80","C11NT3N","R.S.C Anderlecht","2","","","","","80","yurijbss","Girona F.C","7","","","80","SixityTime","R.S.C Anderlecht","3","0",""
"","81","toddzzj","VFL Wolfsburg","13","","81","VaudevilleVillain","AFC Ajax","8","","81","","","","","81","CrisstobaI","Athletic Bilbao","2","","","","","81","zieIinskiii","F.C Schalke 04","7","","","81","wskaar","VFL Wolfsburg","3","0",""
"","82","4donnxs","BSC Young Boys","12","","82","WachinnGoat","Borussia Dortmund","8","","82","","","","","82","Dogesinhoo","Celta Vigo","2","","","","","82","hutyrr","Arsenal F.C","7","","","82","soXeR_Q","Atalanta B.C","3","0",""
"","83","ConstantinopleGreek","AFC Ajax","12","","83","WindyBye","BSC Young Boys","8","","83","","","","","83","xalzore","RB Leipzig","2","","","","","83","a6nda","Liverpool F.C","6","","","83","vventoo","A.S Monaco","3","0",""
"","84","coolestwilliam","Crystal Palace","12","","84","yurijbss","Girona F.C","8","","84","","","","","84","emvrre","Olympique Lyon","2","","","","","84","asd52hoho","AFC Ajax","6","","","84","reigamerc","VFL Wolfsburg","3","0",""
"","85","cynosn","Borussia Dortmund","12","","85","ZodiacMat","A.S Roma","8","","85","","","","","85","ENYELREVENTADOOOR","Rangers F.C","2","","","","","85","believant","Manchester United","6","","","85","Vsmaqq","Girona F.C","3","0",""
"","86","Dogesinhoo","Celta Vigo","12","","86","47Weirdo","Manchester United","7","","86","","","","","86","exshed","Manchester City","2","","","","","86","filipcc12","Real Betis","6","","","86","xtraXII","Bayern München","3","0",""
"","87","LuigiDosGameCraft","VFL Wolfsburg","12","","87","ConstantinopleGreek","Arsenal F.C","7","","87","","","","","87","FIazingArrow","Borussia Dortmund","2","","","","","87","GokuSSGSS323","Dinamo Zagreb","6","","","87","ziaderzi","F.C Porto","3","0",""
"","88","MartinaIkishima","Rangers F.C","12","","88","fazaldo","A.C Milan","7","","88","","","","","88","frieztaa","Juventus F.C","2","","","","","88","henkaraIhoo","VFL Wolfsburg","6","","","88","zoeehu","Arsenal F.C","3","0",""
"","89","MISHIPRAXDYT2","Celta Vigo","12","","89","FIazingArrow","Borussia Dortmund","7","","89","","","","","89","gabiiizzy","Rangers F.C","2","","","","","89","Jeremy_Zoku","Tottenham Hotspur","6","","","89","pipojoelcrack","A.S Monaco","3","0",""
"","90","nxchomaki","A.S Monaco","12","","90","frieztaa","Juventus F.C","7","","90","","","","","90","J4xovic","AFC Ajax","2","","","","","90","kayraaevci","Atalanta B.C","6","","","90","enisify","Celta Vigo","2","4",""
"","91","PedriGonzalez","Bayern München","12","","91","GokuSSGSS323","Dinamo Zagreb","7","","91","","","","","91","katngha","Bayer Leverkusen","2","","","","","91","kentroya","Athletic Bilbao","6","","","91","lGotNoWifi","A.S Roma","2","2",""
"","92","pooooooooooooer","VFL Wolfsburg","12","","92","Iechpremium","RB Leipzig","7","","92","","","","","92","koltoure","S.S.C Napoli","2","","","","","92","luviesta","Real Betis","6","","","92","Dim131","Rangers F.C","2","1",""
"","93","puyafon","F.C Barcelona","12","","93","Kxyzino","A.S Roma","7","","93","","","","","93","MartinaIkishima","Fortuna Düsseldorf","2","","","","","93","moshu_q","Bayern München","6","","","93","luisblox040909","A.C Milan","2","1",""
"","94","rosalocalover","F.C Schalke 04","12","","94","NavidParsHakhamneshi","A.S Monaco","7","","94","","","","","94","MenaceIiatons","A.C Milan","2","","","","","94","przygnebionykapa","Arsenal F.C","6","","","94","migueatp","Liverpool F.C","2","1",""
"","95","ENYELREVENTADOOOR","Rangers F.C","11","","95","RiyadKMahrez","F.C København","7","","95","","","","","95","meteturkic","Turkiye","2","","","","","95","RayenITAMaster","Como 1907","6","","","95","MrHiko_Yt","F.C København","2","1",""
"","96","exshed","Manchester City","11","","96","rosalocalover","Juventus F.C","7","","96","","","","","96","MISHIPRAXDYT2","Rangers F.C","2","","","","","96","reigamerc","VFL Wolfsburg","6","","","96","RealDanTDMGamerTV","Real Sociedad","2","1",""
"","97","NavidParsHakhamneshi","A.S Monaco","11","","97","scarfaded","Paris Saint-Germain","7","","97","","","","","97","MrDamDan","BSC Young Boys","2","","","","","97","RobertLewandowski38","Crystal Palace","6","","","97","spartsui","Fortuna Düsseldorf","2","1",""
"","98","POLSKAFUTBOL","F.C Barcelona","11","","98","seitano","Liverpool F.C","7","","98","","","","","98","NavidParsHakhamneshi","A.S Monaco","2","","","","","98","sneijdan","Celta Vigo","6","","","98","szyluv","Olympique Lyon","2","1",""
"","99","zoeehu","Arsenal F.C","11","","99","smottii","Real Madrid ","7","","99","","","","","99","Nwanerii","A.C Milan","2","","","","","99","t9shiin","Tottenham Hotspur","6","","","99","t9shiin","Tottenham Hotspur","2","1",""
"","100","8gakpo","Manchester City","10","","100","TheAIIRounderGod","R.S.C Anderlecht","7","","100","","","","","100","RayenITAMaster","Como 1907","2","","","","","100","vlahawk","Manchester City","6","","","100","themightyjesse","Inter Milan","2","1",""
"","101","a6nda","Bayern München","10","","101","Tupapachiro","Athletic Bilbao","7","","101","","","","","101","reedoro","Rangers F.C","2","","","","","101","William1pa0","BSC Young Boys","6","","","101","Tufizzs","Arsenal F.C","2","1",""
"","102","asi2726","Tottenham Hotspur","10","","102","4donnxs","BSC Young Boys","6","","102","","","","","102","rocha90","Rangers F.C","2","","","","","102","UISUAI6U1","Borussia Dortmund","6","","","102","2yooz","Liverpool F.C","2","0",""
"","103","BulutKrh52","Como 1907","10","","103","asiturkic","Tottenham Hotspur","6","","103","","","","","103","TheAIIRounderGod","R.S.C Anderlecht","2","","","","","103","akturkogIu","Atalanta B.C","5","","","103","46xKuni","Marseille","2","0",""
"","104","deitano","Real Betis","10","","104","Behrazy","S.S.C Napoli","6","","104","","","","","104","VaudevilleVillain","AFC Ajax","2","","","","","104","asiturkic","Tottenham Hotspur","5","","","104","babatopcuu","Juventus F.C","2","0",""
"","105","GokuSSGSS323","Girona F.C","10","","105","BoldProdigy","S.S.C Napoli","6","","","","","","","105","WachinnGoat","Borussia Dortmund","2","","","","","105","coloxeneizee","Real Madrid ","5","","","105","aresefgod","RB Leipzig","2","0",""
"","106","NeoxRodriguez","Real Madrid ","10","","106","DeagulleGames2","Rangers F.C","6","","","","","","","106","ziaderzi","F.C Porto","2","","","","","106","CrisstobaI","Athletic Bilbao","5","","","106","arisumnn","Bayern München","2","0",""
"","107","RiyadKMahrez","F.C København","10","","107","gabriel4560uwu","Dinamo Zagreb","6","","","","","","","107","yurijbss","Girona F.C","2","","","","","107","CriticalClip","Inter Milan","5","","","107","asiturkic","Tottenham Hotspur","2","0",""
"","108","soyelhombremorado300","Fortuna Düsseldorf","10","","108","iIuvcatboy","Real Betis","6","","","","","","","108","ahmedmomoa","Brighton","1","","","","","108","cynosn","Crystal Palace","5","","","108","bennyblanco4","F.C Porto","2","0",""
"","109","wskaar","VFL Wolfsburg","10","","109","jesuscrack50","Athletic Bilbao","6","","","","","","","109","alanchetauu","F.C Barcelona","1","","","","","109","Dim131","Rangers F.C","5","","","109","bernardogalard0","F.C Porto","2","0",""
"","110","22FRAGG","AFC Ajax","9","","110","LuigiDosGameCraft","VFL Wolfsburg","6","","","","","","","110","asiturkic","Tottenham Hotspur","1","","","","","110","gabiiizzy","Rangers F.C","5","","","110","BoldProdigy","S.S.C Napoli","2","0",""
"","111","aguustinho","Girona F.C","9","","111","luukzzy","A.C Milan","6","","","","","","","111","Atagyh","F.C København","1","","","","","111","Gaxovic","BSC Young Boys","5","","","111","bolinho123456677","VFL Wolfsburg","2","0",""
"","112","AitNourii","Marseille","9","","112","MartinaIkishima","Fortuna Düsseldorf","6","","","","","","","112","Badsiq","Real Sociedad","1","","","","","112","hbaybarsxdd","F.C Porto","5","","","112","C3sual","Fortuna Düsseldorf","2","0",""
"","113","C11NT3N","R.S.C Anderlecht","9","","113","MenaceIiatons","A.C Milan","6","","","","","","","113","bennybIanco4","F.C Porto","1","","","","","113","Jakethepig87","R.S.C Anderlecht","5","","","113","calebenews","Rangers F.C","2","0",""
"","114","IISarimXI","Manchester United","9","","114","p3nngg9","F.C Schalke 04","6","","","","","","","114","BIoxinhooo","Crystal Palace","1","","","","","114","luukzzy","A.C Milan","5","","","114","CarascaII","Athletic Bilbao","2","0",""
"","115","iIuvcatboy","Real Betis","9","","115","POLSKAFUTBOL","F.C Barcelona","6","","","","","","","115","BoldProdigy","S.S.C Napoli","1","","","","","115","nunzball","Crystal Palace","5","","","115","coloxeneizee","Real Madrid ","2","0",""
"","116","kayraaevci","Atalanta B.C","9","","116","retenzu","Real Betis","6","","","","","","","116","BoraDo_Grau123","BSC Young Boys","1","","","","","116","nxchomaki","A.S Monaco","5","","","116","crysty82","Tottenham Hotspur","2","0",""
"","117","sir_aimbot012","F.C Barcelona","9","","117","Rokessi","Paris Saint-Germain","6","","","","","","","117","bubbli","F.C Porto","1","","","","","117","RamiroTHEp2","Dinamo Zagreb","5","","","117","deitano","Real Betis","2","0",""
"","118","Uzilus","Atalanta B.C","9","","118","soIskajaer","Tottenham Hotspur","6","","","","","","","118","BulutKrh52","Como 1907","1","","","","","118","rebelvax","BSC Young Boys","5","","","118","egdinii","AFC Ajax","2","0",""
"","119","WindyBye","BSC Young Boys","9","","119","SonRamon","A.C Milan","6","","","","","","","119","Carlosgarvar","F.C Barcelona","1","","","","","119","RiyadKMahrez","F.C København","5","","","119","EIMachin","Athletic Bilbao","2","0",""
"","120","emvrre","Olympique Lyon","8","","120","umutwalley","Crystal Palace","6","","","","","","","120","casillasproinres","Dinamo Zagreb","1","","","","","120","SalQuender","Borussia Dortmund","5","","","120","exshed","Manchester City","2","0",""
"","121","FIazingArrow","Borussia Dortmund","8","","121","Xsamuel_Doritos34","Brighton","6","","","","","","","121","CauansOuedraogo","Manchester City","1","","","","","121","seitano","Liverpool F.C","5","","","121","EyeSolotionVx","F.C Barcelona","2","0",""
"","122","J4xovic","AFC Ajax","8","","122","youssavanier","Real Sociedad","6","","","","","","","122","Cineris","F.C Barcelona","1","","","","","122","TheAIIRounderGod","R.S.C Anderlecht","5","","","122","felzzr","Girona F.C","2","0",""
"","123","jakenaIdo","Celta Vigo","8","","123","8gakpo","Manchester City","5","","","","","","","123","clumsythings","Girona F.C","1","","","","","123","Tupapachiro","Athletic Bilbao","5","","","123","finjoshi","Girona F.C","2","0",""
"","124","Nazotiy","Bayern München","8","","124","adruzo","A.C Milan","5","","","","","","","124","CoxaDoidoFiuFiu","Arsenal F.C","1","","","","","124","Vsmaqq","Girona F.C","5","","","124","fivestarisco","Bayern München","2","0",""
"","125","NikeBRvip10","VFL Wolfsburg","8","","125","believant","Manchester United","5","","","","","","","125","cynosn","Crystal Palace","1","","","","","125","xtraXII","Bayern München","5","","","125","gabipagabo3000","F.C Porto","2","0",""
"","126","nxrutti","Fortuna Düsseldorf","8","","126","cara_futbol","A.S Monaco","5","","","","","","","126","dabillingham","Real Sociedad","1","","","","","126","ziaderzi","F.C Porto","5","","","126","harmoush","Tottenham Hotspur","2","0",""
"","127","stefiscoco","A.S Monaco","8","","127","Cineris","F.C Barcelona","5","","","","","","","127","deitano","Real Betis","1","","","","","127","2296EEE","Arsenal F.C","4","","","127","Healthyhat1","Norwich City","2","0",""
"","128","Synicalz_x","F.C Schalke 04","8","","128","CriticalClip","Inter Milan","5","","","","","","","128","egdinii","AFC Ajax","1","","","","","128","22FRAGG","F.C Barcelona","4","","","128","IDavidLIII","Dinamo Zagreb","2","0",""
"","129","TheAIIRounderGod","R.S.C Anderlecht","8","","129","egdinii","AFC Ajax","5","","","","","","","129","Emirtroyaa","Real Madrid ","1","","","","","129","8gakpo","Manchester City","4","","","129","IIJake_XI","S.S.C Napoli","2","0",""
"","130","aguzzj","Brighton","7","","130","haakkimi","Real Sociedad","5","","","","","","","130","Fathikong1","Crystal Palace","1","","","","","130","A7HARR","A.S Monaco","4","","","130","irineudosparanaue","F.C Barcelona","2","0",""
"","131","bolinho123456677","VFL Wolfsburg","7","","131","IDavidLIII","Dinamo Zagreb","5","","","","","","","131","FeltzGodXI","Inter Milan","1","","","","","131","adruzo","A.C Milan","4","","","131","Iuczz","Arsenal F.C","2","0",""
"","132","gabriel4560uwu","Dinamo Zagreb","7","","132","ItsVillanuevaC","Brighton","5","","","","","","","132","felzzr","Girona F.C","1","","","","","132","akavaIen","Bayern München","4","","","132","ixLioMessiX","Tottenham Hotspur","2","0",""
"","133","Jack924833","Athletic Bilbao","7","","133","J4xovic","AFC Ajax","5","","","","","","","133","gabriel4560uwu","Dinamo Zagreb","1","","","","","133","bauti38err","Bayer Leverkusen","4","","","133","Jack924833","Arsenal F.C","2","0",""
"","134","katngha","Bayer Leverkusen","7","","134","jakenaIdo","Celta Vigo","5","","","","","","","134","Gaxovic","BSC Young Boys","1","","","","","134","BIoxinhooo","Crystal Palace","4","","","134","jareerio","Olympique Lyon","2","0",""
"","135","KittyLover29293","RB Leipzig","7","","135","Jeremy_Zoku","Tottenham Hotspur","5","","","","","","","135","Gentusso","Como 1907","1","","","","","135","BulutKrh52","A.S Roma","4","","","135","jenlon55","R.S.C Anderlecht","2","0",""
"","136","SonRamon","A.C Milan","7","","136","kentroya","Athletic Bilbao","5","","","","","","","136","haakkimi","Real Sociedad","1","","","","","136","Dogesinhoo","Celta Vigo","4","","","136","Jeremy_Zoku","Tottenham Hotspur","2","0",""
"","137","Stephano_093","Brighton","7","","137","lGotNoWifi","A.S Roma","5","","","","","","","137","harshflux","Fortuna Düsseldorf","1","","","","","137","fazaldo","A.C Milan","4","","","137","JoaKoR15","Atalanta B.C","2","0",""
"","138","Uziuqq","RB Leipzig","7","","138","meteturkic","Turkiye","5","","","","","","","138","hbaybarsxdd","F.C Porto","1","","","","","138","gabriel4560uwu","Dinamo Zagreb","4","","","138","JoseSnayder","F.C København","2","0",""
"","139","WachinnGoat","Borussia Dortmund","7","","139","ocelowski","RB Leipzig","5","","","","","","","139","HittaPungaMo","Real Madrid ","1","","","","","139","HjaItee","Juventus F.C","4","","","139","KittyLover29294","RB Leipzig","2","0",""
"","140","bubbli","F.C Porto","6","","140","OllyTheBoss","Manchester United","5","","","","","","","140","IISarimXI","Manchester United","1","","","","","140","IISarimXI","Manchester United","4","","","140","kluzeni","Crystal Palace","2","0",""
"","141","cara_futbol","A.S Monaco","6","","141","puyafon","F.C Barcelona","5","","","","","","","141","invasor_voraz940","Brighton","1","","","","","141","irineudosparanaue","F.C Barcelona","4","","","141","vlahawk","Manchester City","2","0",""
"","142","IIRushXI","Norwich City","6","","142","RayenITAMaster","Como 1907","5","","","","","","","142","ixLioMessiX","F.C Schalke 04","1","","","","","142","ItchyLfc2005","S.S.C Napoli","4","","","142","LHS_Acenko","Borussia Dortmund","2","0",""
"","143","LogicaHD","Liverpool F.C","6","","143","reedoro","Liverpool F.C","5","","","","","","","143","Izuukinata","Inter Milan","1","","","","","143","jenlon55","R.S.C Anderlecht","4","","","143","LimiDantoneIIi","S.S.C Napoli","2","0",""
"","144","LuvThatChicken","Manchester City","6","","144","retinzu","Real Betis","5","","","","","","","144","Jack924833","Arsenal F.C","1","","","","","144","JoaKoR15","Atalanta B.C","4","","","144","LogicaHD","Liverpool F.C","2","0",""
"","145","nunzball","Crystal Palace","6","","145","Sw1ftDx","S.S.C Napoli","5","","","","","","","145","jenlon55","R.S.C Anderlecht","1","","","","","145","KittyLover29294","RB Leipzig","4","","","145","lsmiAli","Atalanta B.C","2","0",""
"","146","RealDanTDMGamerTV","Real Sociedad","6","","146","t9shiin","Tottenham Hotspur","5","","","","","","","146","Jeremy_Zoku","Tottenham Hotspur","1","","","","","146","LuigiDosGameCraft","VFL Wolfsburg","4","","","146","lukekakuu","A.C Milan","2","0",""
"","147","retinzu","Real Betis","6","","147","virgilvanzyrso","Borussia Dortmund","5","","","","","","","147","jesuscrack50","Athletic Bilbao","1","","","","","147","Malik_Dan","Real Betis","4","","","147","luukzzy","A.C Milan","2","0",""
"","148","sacchyv","A.S Roma","6","","148","ziaderzi","F.C Porto","5","","","","","","","148","Justii_n","Real Madrid ","1","","","","","148","migueatp","Liverpool F.C","4","","","148","maraztyy","Marseille","2","0",""
"","149","Santiago813","Brighton","6","","149","AitNourii","Marseille","4","","","","","","","149","jxzyboi","Tottenham Hotspur","1","","","","","149","Mrender0110","Fortuna Düsseldorf","4","","","149","Mehzzi","Arsenal F.C","2","0",""
"","150","scarfaded","Paris Saint-Germain","6","","150","aIisxi","Real Sociedad","4","","","","","","","150","KingTenBr","Borussia Dortmund","1","","","","","150","NavidParsHakhamneshi","A.S Monaco","4","","","150","MenaceIiatons","A.C Milan","2","0",""
"","151","silichirroo","F.C København","6","","151","Badsiq","Real Sociedad","4","","","","","","","151","koal_second","Atalanta B.C","1","","","","","151","nepzos","Real Madrid ","4","","","151","MPS_Pod","Paris Saint-Germain","2","0",""
"","152","t_osen","A.S Roma","6","","152","h1z4n6","A.S Monaco","4","","","","","","","152","LogicaHD","Liverpool F.C","1","","","","","152","nxrutti","Fortuna Düsseldorf","4","","","152","nepzos","Real Madrid ","2","0",""
"","153","xtraXII","Bayern München","6","","153","itsslothplayz","Como 1907","4","","","","","","","153","lsmiAli","Atalanta B.C","1","","","","","153","rocha90","Rangers F.C","4","","","153","nikdinii","R.S.C Anderlecht","2","0",""
"","154","yakarll","Arsenal F.C","6","","154","jenlon55","R.S.C Anderlecht","4","","","","","","","154","LuigiDosGameCraft","VFL Wolfsburg","1","","","","","154","smottii","Real Madrid ","4","","","154","NikeBRvip10","VFL Wolfsburg","2","0",""
"","155","yurijbss","Girona F.C","6","","155","JoeIinton","Manchester United","4","","","","","","","155","luisblox040909","AFC Ajax","1","","","","","155","soIskajaer","Tottenham Hotspur","4","","","155","Nwanerii","A.C Milan","2","0",""
"","156","Zinrall","AFC Ajax","6","","156","jxviproz","Girona F.C","4","","","","","","","156","margoI_l","R.S.C Anderlecht","1","","","","","156","SonRamon","A.C Milan","4","","","156","ogb2","Juventus F.C","2","0",""
"","157","agarnacho_7","S.S.C Napoli","5","","157","lukekakuu","A.C Milan","4","","","","","","","157","MARTINELLI","Bayern München","1","","","","","157","Spook3d","Crystal Palace","4","","","157","PasitaRodriguez","Celta Vigo","2","0",""
"","158","alanchetauu","F.C Barcelona","5","","158","MARTlNELLI","Bayern München","4","","","","","","","158","mete7104","A.S Roma","1","","","","","158","stefannsons","Tottenham Hotspur","4","","","158","PedriGonzalez","Real Madrid ","2","0",""
"","159","asd52hoho","Real Sociedad","5","","159","Mrender0110","Fortuna Düsseldorf","4","","","","","","","159","moshu_q","Bayern München","1","","","","","159","svenzio","Real Sociedad","4","","","159","personaje23236","Inter Milan","2","0",""
"","160","CriticalClip","Inter Milan","5","","160","Nazotiy","Bayern München","4","","","","","","","160","NeoxRodriguez","Real Madrid ","1","","","","","160","The_Zomboss47","Real Betis","4","","","160","reedoro","Liverpool F.C","2","0",""
"","161","dawvii","RB Leipzig","5","","161","NikeBRvip10","VFL Wolfsburg","4","","","","","","","161","NickOIij","A.S Roma","1","","","","","161","TheUnknownDog1","F.C Schalke 04","4","","","161","retenzu","Real Betis","2","0",""
"","162","gabipagabo3000","Atalanta B.C","5","","162","Nwanerii","A.C Milan","4","","","","","","","162","nunzball","Crystal Palace","1","","","","","162","UberLeo","Manchester United","4","","","162","RobertLewandowski38","Crystal Palace","2","0",""
"","163","h1z4n6","A.S Monaco","5","","163","qguiIherme","Tottenham Hotspur","4","","","","","","","163","ocelowski","RB Leipzig","1","","","","","163","Uziuqq","RB Leipzig","4","","","163","SanTser780_5","F.C Schalke 04","2","0",""
"","164","harshflux","Fortuna Düsseldorf","5","","164","RamiroTHEp2","Dinamo Zagreb","4","","","","","","","164","OllyTheBoss","Manchester United","1","","","","","164","Vinxnyy","F.C Barcelona","4","","","164","scarfaded","Paris Saint-Germain","2","0",""
"","165","Helziy","Olympique Lyon","5","","165","rebelvax","BSC Young Boys","4","","","","","","","165","origamiempresss","Real Sociedad","1","","","","","165","Zinrall","AFC Ajax","4","","","165","SebzqRodriguez","Inter Milan","2","0",""
"","166","hutyrr","Arsenal F.C","5","","166","sounddyt","Girona F.C","4","","","","","","","166","PedriGonzalez","Bayern München","1","","","","","166","zoeehu","Arsenal F.C","4","","","166","ShawnxMonaco","Norwich City","2","0",""
"","167","isaque123456677","VFL Wolfsburg","5","","167","soXerR_Q","Atalanta B.C","4","","","","","","","167","Pedroshot_Gaming","F.C Schalke 04","1","","","","","167","4donnxs","BSC Young Boys","3","","","167","soyelhombremorado300","Fortuna Düsseldorf","2","0",""
"","168","JoaKoR15","Atalanta B.C","5","","168","spartsui ","Fortuna Düsseldorf","4","","","","","","","168","Pedroshot_Gaming","Fortuna Düsseldorf","1","","","","","168","Actikek","Marseille","3","","","168","sper4nzaa","Celta Vigo","2","0",""
"","169","Justii_n","Real Madrid ","5","","169","Stackzify","Olympique Lyon","4","","","","","","","169","personaje23236","Inter Milan","1","","","","","169","aguzzj","Brighton","3","","","169","Splashx321","Juventus F.C","2","0",""
"","170","meteturkic","Turkiye","5","","170","stefannsons","Tottenham Hotspur","4","","","","","","","170","Pionieers","Real Betis","1","","","","","170","aIisxi","Real Sociedad","3","","","170","Stackzify","Olympique Lyon","2","0",""
"","171","smottii","Real Madrid ","5","","171","stefiscoco","A.S Monaco","4","","","","","","","171","puyafon","F.C Barcelona","1","","","","","171","alanchetauu","F.C Barcelona","3","","","171","stefannsons","Tottenham Hotspur","2","0",""
"","172","thewoo5back","F.C København","5","","172","Synicalz_x","F.C Schalke 04","4","","","","","","","172","Q4LUNYA","F.C Barcelona","1","","","","","172","andrade20001","F.C Schalke 04","3","","","172","TheAIIRounderGod","R.S.C Anderlecht","2","0",""
"","173","umutwalley","Crystal Palace","5","","173","vlahawk","Manchester City","4","","","","","","","173","qguiIherme","AFC Ajax","1","","","","","173","Artishpro31","Juventus F.C","3","","","173","trtremir0077","Turkiye","2","0",""
"","174","virgilvanzyrso","Borussia Dortmund","5","","174","a6nda","Liverpool F.C","3","","","","","","","174","rebelvax","Dinamo Zagreb","1","","","","","174","C3sual","Fortuna Düsseldorf","3","","","174","Universalities","Brighton","2","0",""
"","175","wierzowski","Central Europe","5","","175","a9Iire","Como 1907","3","","","","","","","175","reijjnders","F.C Porto","1","","","","","175","cepzos","Inter Milan","3","","","175","vegzinho","Brighton","2","0",""
"","176","William1pa0","BSC Young Boys","5","","176","aguzzj","Brighton","3","","","","","","","176","reiulent","S.S.C Napoli","1","","","","","176","ConstatinopleGreek","Arsenal F.C","3","","","176","vxrwiesta","Celta Vigo","2","0",""
"","177","xFIxLeox","F.C Porto","5","","177","ahmedmomoa","Brighton","3","","","","","","","177","retinzu","Real Betis","1","","","","","177","cookiedark41","Real Sociedad","3","","","177","WindyBye","BSC Young Boys","2","0",""
"","178","ziaderzi","F.C Porto","5","","178","andrade20001","F.C Schalke 04","3","","","","","","","178","Rippxh","Bayern München","1","","","","","178","CreitimDo_Grau123","BSC Young Boys","3","","","178","XenoSuperEscalibur","Marseille","2","0",""
"","179","SuIeex","Arsenal F.C","5","","179","asamuiaractioncoco","Fortuna Düsseldorf","3","","","","","","","179","RiyadKMahrez","F.C København","1","","","","","179","dabillingham","Real Sociedad","3","","","179","zrk_zee","Real Madrid ","2","0",""
"","180","Artymidiy19","Norwich City","4","","180","bernardogalard0","RB Leipzig","3","","","","","","","180","Rokessi","Paris Saint-Germain","1","","","","","180","Danyadubh","Fortuna Düsseldorf","3","","","180","yakarll","Arsenal F.C","2","0",""
"","181","barcoIaa","England","4","","181","C3sual","Fortuna Düsseldorf","3","","","","","","","181","Rufizzs","Arsenal F.C","1","","","","","181","dawvii","RB Leipzig","3","","","181","yurijbss","Girona F.C","2","0",""
"","182","Biel261010","Real Madrid ","4","","182","cookiedark41","Real Sociedad","3","","","","","","","182","ruxel_gamerpro","Girona F.C","1","","","","","182","dawvii","RB Leipzig","3","","","182","clumsythings","Girona F.C","1","2",""
"","183","Cineris","F.C Barcelona","4","","183","CreitimDo_Grau123","BSC Young Boys","3","","","","","","","183","SalQuender","Borussia Dortmund","1","","","","","183","EIJoacoo","A.S Monaco","3","","","183","naim_76","Marseille","1","2",""
"","184","dabillingham","Liverpool F.C","4","","184","crysty82","Tottenham Hotspur","3","","","","","","","184","Santiago813","Brighton","1","","","","","184","elcrack1245","Rangers F.C","3","","","184","nxchomaki","A.S Monaco","1","2",""
"","185","eezkriz","Athletic Bilbao","4","","185","cynosn","Crystal Palace","3","","","","","","","185","SanTser780_5","F.C Schalke 04","1","","","","","185","ElMorfadorDeChoripan","Bayer Leverkusen","3","","","185","TsekInPuo","Marseille","1","2",""
"","186","felzzr","Girona F.C","4","","186","dineifu123BR","VFL Wolfsburg","3","","","","","","","186","sir_aimbot012","Real Sociedad","1","","","","","186","endcrim","Dinamo Zagreb","3","","","186","umutwalley","Crystal Palace","1","2",""
"","187","fredocega","A.S Roma","4","","187","egereiz3256","F.C København","3","","","","","","","187","SonRamon","A.C Milan","1","","","","","187","fredocega","A.S Roma","3","","","187","adruzo","A.C Milan","1","1",""
"","188","frieztaa","Juventus F.C","4","","188","ENYELREVENTADOOOR","Rangers F.C","3","","","","","","","188","spartsui","Liverpool F.C","1","","","","","188","haakkimi","Real Sociedad","3","","","188","ahmedmomoa","Brighton","1","1",""
"","189","Gameomg_RBLX","Juventus F.C","4","","189","felzzr","Girona F.C","3","","","","","","","189","Stephano_093","Brighton","1","","","","","189","Helziy","Olympique Lyon","3","","","189","bxskyy","F.C Porto","1","1",""
"","190","Gentusso","Como 1907","4","","190","Gentusso","Como 1907","3","","","","","","","190","svenzio","Real Sociedad","1","","","","","190","Jack924833","Athletic Bilbao","3","","","190","Fathikong1","Crystal Palace","1","1",""
"","191","haakkimi","Marseille","4","","191","IIRushXI","Manchester United","3","","","","","","","191","t_osen","A.S Roma","1","","","","","191","jeffenko","Borussia Dortmund","3","","","191","Idk_Scout","Liverpool F.C","1","1",""
"","192","hellbIaza","F.C København","4","","192","Iisandroo","Paris Saint-Germain","3","","","","","","","192","t9shiin","Tottenham Hotspur","1","","","","","192","jesuscrack50","Athletic Bilbao","3","","","192","iluvrealsyy","Brighton","1","1",""
"","193","jeffenko","England","4","","193","IISarimXI","Manchester United","3","","","","","","","193","The_Zomboss47","Real Betis","1","","","","","193","Jexonium","Fortuna Düsseldorf","3","","","193","Kaimook_TH123","R.S.C Anderlecht","1","1",""
"","194","MrDamDan","BSC Young Boys","4","","194","irineudosparanaue","F.C Barcelona","3","","","","","","","194","thewoo5back","F.C København","1","","","","","194","jxviproz","Girona F.C","3","","","194","keavencia","Asia","1","1",""
"","195","ocelowski","RB Leipzig","4","","195","Jack924833","Arsenal F.C","3","","","","","","","195","tobbid","Celta Vigo","1","","","","","195","lau5da","A.S Roma","3","","","195","kidokuchazo","Brighton","1","1",""
"","196","origamiempresss","Real Sociedad","4","","196","jeffenko","Borussia Dortmund","3","","","","","","","196","UberLeo","Manchester United","1","","","","","196","lsmiAli","Atalanta B.C","3","","","196","KingTenBr","Borussia Dortmund","1","1",""
"","197","p3nngg9","F.C Schalke 04","4","","197","JoseSnayder","F.C København","3","","","","","","","197","UISUAI6U1","Borussia Dortmund","1","","","","","197","luisblox040909","A.C Milan","3","","","197","puyafon","F.C Barcelona","1","1",""
"","198","Pedroshot_Gaming","F.C Schalke 04","4","","198","LuvThatChicken","Girona F.C","3","","","","","","","198","umutwalley","Crystal Palace","1","","","","","198","lukekakuu","A.C Milan","3","","","198","Rufizzs","Arsenal F.C","1","1",""
"","199","peruano122","Atalanta B.C","4","","199","Lyrical_Phoenix","Borussia Dortmund","3","","","","","","","199","uncmusti","Como 1907","1","","","","","199","lxgendv","Bayer Leverkusen","3","","","199","SteadyFreddie31","Juventus F.C","1","1",""
"","200","Pionieers","Real Betis","4","","200","maraztyy","Marseille","3","","","","","","","200","Uzilus","Atalanta B.C","1","","","","","200","margoI_l","R.S.C Anderlecht","3","","","200","superboys121","Brighton","1","1",""
"","201","qguiIherme","AFC Ajax","4","","201","mathztical","Bayer Leverkusen","3","","","","","","","201","Uziuqq","RB Leipzig","1","","","","","201","MartinaIkishima","Fortuna Düsseldorf","3","","","201","svenzio","Real Sociedad","1","1",""
"","202","RamiroTHEp2","Dinamo Zagreb","4","","202","MISHIPRAXDYT2","Rangers F.C","3","","","","","","","202","vadimkapolyakov","Girona F.C","1","","","","","202","mathztical","Bayer Leverkusen","3","","","202","uncmusti","Como 1907","1","1",""
"","203","sbatibo09","Bayer Leverkusen","4","","203","Pionieers","Real Betis","3","","","","","","","203","warrenzairemery","Marseille","1","","","","","203","MISHIPRAXDYT2","Rangers F.C","3","","","203","Villehenia","Central America","1","1",""
"","204","Tufizzs","Arsenal F.C","4","","204","RobertLewandowski38","Crystal Palace","3","","","","","","","204","William1pa0","BSC Young Boys","1","","","","","204","Mohascred","Marseille","3","","","204","WachinnGoat","Borussia Dortmund","1","1",""
"","206","uncekaw","Real Sociedad","4","","206","STORMgiannis900","AFC Ajax","3","","","","","","","206","Willie1M","S.S.C Napoli","1","","","","","206","p3nngg9","F.C Schalke 04","3","","","206","xYAgustinYx","A.S Monaco","1","1",""
"","207","vxrwiesta","Celta Vigo","4","","207","theworfer","Norwich City","3","","","","","","","207","XxPrince_YxX","F.C Porto","1","","","","","207","Pionieers","Real Betis","3","","","207","zSameki","Real Betis","1","1",""
"","208","zeqhyrin","A.S Roma","4","","208","yossefessa","Brighton","3","","","","","","","208","Zl_Moren","Dinamo Zagreb","1","","","","","208","Q4LUNYA","F.C Barcelona","3","","","208","0smaqsoo","A.S Monaco","1","0",""
"","209","Zl_Moren","Dinamo Zagreb","4","","209","zoeehu","Arsenal F.C","3","","","","","","","209","zoeehu","Arsenal F.C","1","","","","","209","reijjnders","F.C Porto","3","","","209","2296EEE","Arsenal F.C","1","0",""
"","210","zyArthxr","F.C København","4","","210","Zoomical","Girona F.C","3","","","","","","","210","zyArthxr","F.C København","1","","","","","210","retenzu","Real Betis","3","","","210","22FRAGG","AFC Ajax","1","0",""
"","211","EIJoacoo","A.S Monaco","4","","211","zrk_zee","Real Madrid ","3","","","","","","","211","","","","","","","","211","rosalocalover","Juventus F.C","3","","","211","2krux","Turkiye","1","0",""
"","212","aybars7104","F.C Porto","3","","212","zyArthxr","F.C København","3","","","","","","","212","","","","","","","","212","Rufizzs","Arsenal F.C","3","","","212","44bobz","R.S.C Anderlecht","1","0",""
"","213","Badsiq","Real Sociedad","3","","213","9Haaaland","Norwich City","2","","","","","","","213","","","","","","","","213","sacchyv","A.S Roma","3","","","213","4donnxs","BSC Young Boys","1","0",""
"","214","Dim131","A.S Monaco","3","","214","AriseRevanz","Norwich City","2","","","","","","","","","","","","","","","214","Splashx321","Juventus F.C","3","","","214","8gakpo","Girona F.C","1","0",""
"","215","DJMaxwell132","Manchester United","3","","215","arisumnn","Bayern München","2","","","","","","","","","","","","","","","215","Stackzify","Olympique Lyon","3","","","215","9Haaaland","Norwich City","1","0",""
"","216","fabrituber720","Dinamo Zagreb","3","","216","Atagyh","F.C København","2","","","","","","","","","","","","","","","216","stefiscoco","A.S Monaco","3","","","216","a_deyemi","Fortuna Düsseldorf","1","0",""
"","217","gabipagabo3000","Iberia","3","","217","BIoxinhooo","Crystal Palace","2","","","","","","","","","","","","","","","217","Stephano_093","Brighton","3","","","217","a6nda","Liverpool F.C","1","0",""
"","218","hashimvax","F.C København","3","","218","bolinho123456677","Brazil","2","","","","","","","","","","","","","","","218","Sw1ftDx","S.S.C Napoli","3","","","218","A7HARR","A.S Monaco","1","0",""
"","219","ilishootyou","Real Sociedad","3","","219","bubbli","F.C Porto","2","","","","","","","","","","","","","","","219","Synicalz_x","F.C Schalke 04","3","","","219","aconi5basket","Fortuna Düsseldorf","1","0",""
"","220","ItsVillanuevaC","Brighton","3","","220","C11NT3N","R.S.C Anderlecht","2","","","","","","","","","","","","","","","220","Syqxnzl","Manchester City","3","","","220","aguzzj","Brighton","1","0",""
"","221","jesuscrack50","Real Madrid ","3","","221","caantona","Borussia Dortmund","2","","","","","","","","","","","","","","","221","themightyjesse","Inter Milan","3","","","221","akturkogIu","Atalanta B.C","1","0",""
"","222","Jexonium","Fortuna Düsseldorf","3","","222","cakelover58","Juventus F.C","2","","","","","","","","","","","","","","","222","umutwalley","Crystal Palace","3","","","222","AlinRK","Manchester United","1","0",""
"","223","jxzyboi","Real Sociedad","3","","223","Clinicality","Borussia Dortmund","2","","","","","","","","","","","","","","","223","vadimapolyakov","Girona F.C","3","","","223","andrade20001","F.C Schalke 04","1","0",""
"","224","koltoure","S.S.C Napoli","3","","224","clumsythings","Girona F.C","2","","","","","","","","","","","","","","","224","XenoSuperEscalibur","Marseille","3","","","224","apathica","Real Betis","1","0",""
"","225","lukekakuu","A.C Milan","3","","225","dabillingham","Real Sociedad","2","","","","","","","","","","","","","","","225","XxlvGodGokuXxlv","Manchester City","3","","","225","Artishpro31","Juventus F.C","1","0",""
"","226","luukzzy","A.C Milan","3","","226","Elsk5","Dinamo Zagreb","2","","","","","","","","","","","","","","","226","yakarll","Arsenal F.C","3","","","226","Arubaze","A.S Monaco","1","0",""
"","227","Lyrical_Phoenix","Borussia Dortmund","3","","227","Emirtroyaa","Real Madrid ","2","","","","","","","","","","","","","","","227","youssavanier","Real Sociedad","3","","","227","Atagyh","F.C København","1","0",""
"","228","maraztyy","Marseille","3","","228","Fathikong1","Crystal Palace","2","","","","","","","","","","","","","","","228","zeqhyrin","A.S Roma","3","","","228","ATHUSG12","Marseille","1","0",""
"","229","margoI_l","R.S.C Anderlecht","3","","229","filipcc12","Real Betis","2","","","","","","","","","","","","","","","229","ZodiacMat","Tottenham Hotspur","3","","","229","awakenaIdo","Liverpool F.C","1","0",""
"","230","mathztical","Marseille","3","","230","reijjnders","F.C Porto","2","","","","","","","","","","","","","","","230","zSameki","Real Betis","3","","","230","AytronnSenna","Real Sociedad","1","0",""
"","231","naim_76","Norwich City","3","","231","Gameomg_RBLX","Juventus F.C","2","","","","","","","","","","","","","","","231","44bobz","Norwich City","2","","","231","babamohammedMOM","Olympique Lyon","1","0",""
"","232","nemzai","Atalanta B.C","3","","232","Gigo564","Real Betis","2","","","","","","","","","","","","","","","232","AAOAOOAOA_123","VFL Wolfsburg","2","","","232","Badsiq","Real Sociedad","1","0",""
"","233","Nikokall","Norwich City","3","","233","harshflux","Fortuna Düsseldorf","2","","","","","","","","","","","","","","","233","ahmedmomoa","Brighton","2","","","233","BlackIsRogue","Bayer Leverkusen","1","0",""
"","234","OllyTheBoss","Tottenham Hotspur","3","","234","hashimvax","F.C København","2","","","","","","","","","","","","","","","234","arisumnn","Bayern München","2","","","234","boiadeeiro","Real Madrid ","1","0",""
"","235","ozihmen","England","3","","235","hellbIaza","F.C København","2","","","","","","","","","","","","","","","235","backyardmillie","A.C Milan","2","","","235","bubbli","F.C Porto","1","0",""
"","236","przygnebionykapa","Manchester City","3","","236","Idk_Scout","Liverpool F.C","2","","","","","","","","","","","","","","","236","bernardogalard0","F.C Porto","2","","","236","bxdghggjj31","R.S.C Anderlecht","1","0",""
"","237","RayenITAMaster","Como 1907","3","","237","ilishootyou","Real Sociedad","2","","","","","","","","","","","","","","","237","boiadeeiro","Real Madrid ","2","","","237","CaioDoRoblox","BSC Young Boys","1","0",""
"","238","revaeis","Marseille","3","","238","immexican33333","Real Betis","2","","","","","","","","","","","","","","","238","BoraDo_Grau123","BSC Young Boys","2","","","238","cakelover48","Juventus F.C","1","0",""
"","239","rosalocalover","Juventus F.C","3","","239","ixLioMessiX","Tottenham Hotspur","2","","","","","","","","","","","","","","","239","C11NT3N","R.S.C Anderlecht","2","","","239","CanceIooo","AFC Ajax","1","0",""
"","240","Shotz_28","Dinamo Zagreb","3","","240","Jaxadcyre","Girona F.C","2","","","","","","","","","","","","","","","240","cara_futbol","A.S Monaco","2","","","240","cara_futbol","Olympique Lyon","1","0",""
"","241","Splashx321","Juventus F.C","3","","241","kamotodog","Fortuna Düsseldorf","2","","","","","","","","","","","","","","","241","Carlosgarvar","F.C Barcelona","2","","","241","cookiedark41","BSC Young Boys","1","0",""
"","242","Spook3d","Crystal Palace","3","","242","lau5da","A.S Roma","2","","","","","","","","","","","","","","","242","CauansOuedraogo","Manchester City","2","","","242","CreitemDo_Grau123","BSC Young Boys","1","0",""
"","243","STORMgiannis900","AFC Ajax","3","","243","LHS_Acenko","Borussia Dortmund","2","","","","","","","","","","","","","","","243","chiIavert","A.S Monaco","2","","","243","cuervodel1995","Fortuna Düsseldorf","1","0",""
"","244","szyluv","Olympique Lyon","3","","244","LitOmonic","Real Sociedad","2","","","","","","","","","","","","","","","244","Danishdanoooo","Real Sociedad","2","","","244","Cuevapoor","R.S.C Anderlecht","1","0",""
"","245","TosaiLair","Northern Europe","3","","245","LogicaHD","Liverpool F.C","2","","","","","","","","","","","","","","","245","dineifu123BR","VFL Wolfsburg","2","","","245","Danilawolk0867","Arsenal F.C","1","0",""
"","246","trtremir0077","Turkiye","3","","246","luviesta","Real Betis","2","","","","","","","","","","","","","","","246","DJMaxwell132","Manchester United","2","","","246","dannyvoetballer","Manchester City","1","0",""
"","247","UberLeo","Manchester United","3","","247","lzxthal","Real Sociedad","2","","","","","","","","","","","","","","","247","egdinii","Balkans","2","","","247","Danyadubh","Fortuna Düsseldorf","1","0",""
"","248","vlahawk","Manchester City","3","","248","Malik_Dan","Real Betis","2","","","","","","","","","","","","","","","248","egereiz3256","F.C København","2","","","248","Dogesinhoo","Celta Vigo","1","0",""
"","249","warrenzairemery","Marseille","3","","249","MilanceMile12","Manchester City","2","","","","","","","","","","","","","","","249","emvrre","Olympique Lyon","2","","","249","Doyle_Lim","Atalanta B.C","1","0",""
"","250","XenoSuperEscalibur","Marseille","3","","250","nathnballer","Asia","2","","","","","","","","","","","","","","","250","ENYELREVENTADOOOR","Rangers F.C","2","","","250","DragonTwisterSword","Asia","1","0",""
"","251","91qiaa","Central Europe","2","","251","nunzball","Crystal Palace","2","","","","","","","","","","","","","","","251","ezequielmanu","Real Madrid ","2","","","251","dsacszpro","Tottenham Hotspur","1","0",""
"","252","A7HARR","A.S Monaco","2","","252","nxrutti","Fortuna Düsseldorf","2","","","","","","","","","","","","","","","252","FIashlback","RB Leipzig","2","","","252","eIizte","Juventus F.C","1","0",""
"","253","a9lire","Como 1907","2","","253","punchlife1","Como 1907","2","","","","","","","","","","","","","","","253","Fraudrian","A.S Monaco","2","","","253","eIpistolerooo","Borussia Dortmund","1","0",""
"","254","adruzo","Marseille","2","","254","punzzj","Argentina","2","","","","","","","","","","","","","","","254","gabipagabo3000","Atalanta B.C","2","","","254","ElMorfadorDeChoripan","Bayer Leverkusen","1","0",""
"","255","aguzzj","Brighton","2","","255","Q4LUNYA","F.C Barcelona","2","","","","","","","","","","","","","","","255","Gameomg_RBLX","Juventus F.C","2","","","255","Emirtroyaa","Real Madrid ","1","0",""
"","256","arbeIoa","Inter Milan","2","","256","ruxel_gamerpro","F.C Schalke 04","2","","","","","","","","","","","","","","","256","Gentusso","Como 1907","2","","","256","endcrim","F.C København","1","0",""
"","257","Artishpro31","Turkiye","2","","257","Santiago813","Brighton","2","","","","","","","","","","","","","","","257","h1z4n6","A.S Monaco","2","","","257","EthicasNicomachea","United States","1","0",""
"","258","AytronnSenna","Fortuna Düsseldorf","2","","258","shaneitoo","Inter Milan","2","","","","","","","","","","","","","","","258","HasHikO_PriMexS","F.C København","2","","","258","evil33pro","Arsenal F.C","1","0",""
"","259","badiyaa","Atalanta B.C","2","","259","szyluv","Celta Vigo","2","","","","","","","","","","","","","","","259","hashimvax","F.C København","2","","","259","FIashlback","RB Leipzig","1","0",""
"","260","benaturoo","F.C Porto","2","","260","terno23344","Celta Vigo","2","","","","","","","","","","","","","","","260","Humberto_4268","Crystal Palace","2","","","260","filipcc12","Tottenham Hotspur","1","0",""
"","261","BloodyBerin","Norwich City","2","","261","themightyjesse","Inter Milan","2","","","","","","","","","","","","","","","261","IGiolx","F.C København","2","","","261","firipee","Real Betis","1","0",""
"","263","C3sual","Fortuna Düsseldorf","2","","263","tommy33gun","Inter Milan","2","","","","","","","","","","","","","","","263","immexican33333","Real Betis","2","","","263","Franksank2222","Paris Saint-Germain","1","0",""
"","263","crysty82","Tottenham Hotspur","2","","263","UchichaGen4ik","A.C Milan","2","","","","","","","","","","","","","","","263","invasor_voraz940","Brighton","2","","","263","Fraudrian","A.S Monaco","1","0",""
"","264","Emirtroyaa","Real Madrid ","2","","264","Universalities","Brighton","2","","","","","","","","","","","","","","","264","IrnJoseph","Paris Saint-Germain","2","","","264","gabiiizzy","Rangers F.C","1","0",""
"","265","endcrim","F.C København","2","","265","Uzilus","Atalanta B.C","2","","","","","","","","","","","","","","","265","isaque123456677","VFL Wolfsburg","2","","","265","gabriel4560uwu","Rangers F.C","1","0",""
"","266","Fathikong1","Crystal Palace","2","","266","warrenzairemery","Marseille","2","","","","","","","","","","","","","","","266","itsslothplayz","Como 1907","2","","","266","gabriel4560uwu","Rangers F.C","1","0",""
"","267","Filcioch","RB Leipzig","2","","267","xtraXII","Bayern München","2","","","","","","","","","","","","","","","267","JoseSnayder","F.C København","2","","","267","Gameomg_RBLX","Juventus F.C","1","0",""
"","268","filipcc12","Real Betis","2","","268","XxlvGodGokuXxlV","Manchester City","2","","","","","","","","","","","","","","","268","Justii_n","Real Madrid ","2","","","268","h1z4n6","A.S Monaco","1","0",""
"","269","Franksank2222","Paris Saint-Germain","2","","269","zSameki","Real Betis","2","","","","","","","","","","","","","","","269","Lex935","Girona F.C","2","","","269","Harith21","Asia","1","0",""
"","270","Gigo564","Real Betis","2","","270","Zynuei_x","Como 1907","2","","","","","","","","","","","","","","","270","LHS_Acenko","Borussia Dortmund","2","","","270","hbaybarsxdd","F.C København","1","0",""
"","271","HjaItee","Juventus F.C","2","","271"," a_deyemi","Fortuna Düsseldorf","1","","","","","","","","","","","","","","","271","Luhzeriii","BSC Young Boys","2","","","271","hellbIaza","F.C København","1","0",""
"","272","Iechpremium","RB Leipzig","2","","272","0smaqsoo","Crystal Palace","1","","","","","","","","","","","","","","","272","MARTlNELLI","Bayern München","2","","","272","HittaPungaMo","Real Madrid ","1","0",""
"","273","ixhaq","Brighton","2","","273","46xKuni","Asia","1","","","","","","","","","","","","","","","273","MenaceIiatons","A.C Milan","2","","","273","HorusKingfire","Fortuna Düsseldorf","1","0",""
"","274","ixLioMessiX","F.C Schalke 04","2","","274","AAOAOOAOA_123","VFL Wolfsburg","1","","","","","","","","","","","","","","","274","MilanceMile12","Manchester City","2","","","274","httpsparta","Fortuna Düsseldorf","1","0",""
"","275","lolololol1264","Real Sociedad","2","","275","akturkogIu","Atalanta B.C","1","","","","","","","","","","","","","","","275","MO129195","Dinamo Zagreb","2","","","275","Humberto_4268","Crystal Palace","1","0",""
"","276","luviesta","Real Betis","2","","276","alanchetauu","S.S.C Napoli","1","","","","","","","","","","","","","","","276","MPS_Pod","Paris Saint-Germain","2","","","276","hutyrr","RB Leipzig","1","0",""
"","277","m_rtusinn","Marseille","2","","277","ATHUSG12","Marseille","1","","","","","","","","","","","","","","","277","Nazotiy","Bayern München","2","","","277","Hxrtman","Tottenham Hotspur","1","0",""
"","278","m5rques","Celta Vigo","2","","278","awakenaldo","Olympique Lyon","1","","","","","","","","","","","","","","","278","NikeBRvip10","VFL Wolfsburg","2","","","278","Iechpremium","RB Leipzig","1","0",""
"","279","Malik_Dan","Real Betis","2","","279","axeldisasii","A.S Roma","1","","","","","","","","","","","","","","","279","niovc","F.C Porto","2","","","279","Ignite_bally","Fortuna Düsseldorf","1","0",""
"","280","mete7104","A.S Roma","2","","280","axguerd","F.C Barcelona","1","","","","","","","","","","","","","","","280","nsuo456","Real Madrid ","2","","","280","Igor_Akinfeev35","Atalanta B.C","1","0",""
"","281","regigigas231","Celta Vigo","2","","281","AytronnSenna","Fortuna Düsseldorf","1","","","","","","","","","","","","","","","281","PedriGonzalez","Real Madrid ","2","","","281","IIRushXI","Western Europe","1","0",""
"","282","Rokessi","Paris Saint-Germain","2","","282","bachiramegguru","Eurasia","1","","","","","","","","","","","","","","","282","personaje23236","Inter Milan","2","","","282","isaque123456677","Brazil","1","0",""
"","283","shaneitoo","A.C Milan","2","","283","bauti38err","Bayer Leverkusen","1","","","","","","","","","","","","","","","283","POLSKAFUTBOL","F.C Barcelona","2","","","283","itsslothplayz","Como 1907","1","0",""
"","284","SixityTime","R.S.C Anderlecht","2","","284","Biel261010_2","Real Madrid ","1","","","","","","","","","","","","","","","284","punchlife1","Como 1907","2","","","284","jesuscrack50","Athletic Bilbao","1","0",""
"","285","sounddyt","Girona F.C","2","","285","BlackIsRogue","Bayer Leverkusen","1","","","","","","","","","","","","","","","285","puyafon","F.C Barcelona","2","","","285","jetixpro","Tottenham Hotspur","1","0",""
"","286","sounddyt","United States","2","","286","bxdghggjj31","R.S.C Anderlecht","1","","","","","","","","","","","","","","","286","RealDanTDMGamerTV","Real Sociedad","2","","","286","Jexonium","Fortuna Düsseldorf","1","0",""
"","287","svenzio","Marseille","2","","287","CanceIooo","AFC Ajax","1","","","","","","","","","","","","","","","287","reedoro","Liverpool F.C","2","","","287","jxviproz","Girona F.C","1","0",""
"","288","The_Zomboss47","Real Betis","2","","288","CarascaII","Athletic Bilbao","1","","","","","","","","","","","","","","","288","Rippxh","Bayern München","2","","","288","Kapsar01","R.S.C Anderlecht","1","0",""
"","289","tizongass","A.S Monaco","2","","289","coloxeneizee","Real Madrid ","1","","","","","","","","","","","","","","","289","Santiago813","Brighton","2","","","289","katngha","Bayer Leverkusen","1","0",""
"","290","tommy33gun","Inter Milan","2","","290","cxzrrs","Athletic Bilbao","1","","","","","","","","","","","","","","","290","Shotz_28","Dinamo Zagreb","2","","","290","KenanYiIdizz","Bayer Leverkusen","1","0",""
"","291","Tupapachiro","Athletic Bilbao","2","","291","DAMULEKPL","Olympique Lyon","1","","","","","","","","","","","","","","","291","sounddyt","Girona F.C","2","","","291","KittyLover29293","RB Leipzig","1","0",""
"","292","UchihaGen4ik","A.C Milan","2","","292","Danielpro06","S.S.C Napoli","1","","","","","","","","","","","","","","","292","soXeR_Q","Como 1907","2","","","292","Klouvzyy","Celta Vigo","1","0",""
"","293","umutt7104","Eurasia","2","","293","Destadze","Olympique Lyon","1","","","","","","","","","","","","","","","293","Tufizzs","Arsenal F.C","2","","","293","Kvzowski","Girona F.C","1","0",""
"","294","uncbenny","Real Sociedad","2","","294","Dim131","A.S Monaco","1","","","","","","","","","","","","","","","294","Uzilus","Atalanta B.C","2","","","294","Lazare67","Como 1907","1","0",""
"","295","Willie1M","S.S.C Napoli","2","","295","disparru","F.C Barcelona","1","","","","","","","","","","","","","","","295","vxzrrs","F.C København","2","","","295","Lex935","Olympique Lyon","1","0",""
"","296","xalverde","Manchester City","2","","296","DJMaxwell132","Manchester United","1","","","","","","","","","","","","","","","296","warrenzairemery","Marseille","2","","","296","LOUISISAWESOME169","Real Sociedad","1","0",""
"","297","XxlvGodGokuXxlv","Real Madrid ","2","","297","Doyle_Lim","Atalanta B.C","1","","","","","","","","","","","","","","","297","xFixLeox","Tottenham Hotspur","2","","","297","lxgendv","Bayer Leverkusen","1","0",""
"","298","XxPrince_YxX","Girona F.C","2","","298","eastgoth","Asia","1","","","","","","","","","","","","","","","298","xYAgustinYx","A.S Monaco","2","","","298","lythienvuong2k3","Dinamo Zagreb","1","0",""
"","299","xYAgustinYx","RB Leipzig","2","","299","Eduarcraftim1","Bayer Leverkusen","1","","","","","","","","","","","","","","","299","Zoomical","Girona F.C","2","","","299","m_rtusinn","Marseille","1","0",""
"","300","youssavanier","Real Sociedad","2","","300","ElChuchoPerez","Norwich City","1","","","","","","","","","","","","","","","300","Zynuei_x","Como 1907","2","","","300","MAHMOGAMER","VFL Wolfsburg","1","0",""
"","301","Zynuei_x","Como 1907","2","","301","elcrack1245","Norwich City","1","","","","","","","","","","","","","","","301"," a_deyemi","Fortuna Düsseldorf","1","","","301","Mannerheim1940","Norwich City","1","0",""
"","302","46xKuni","Fortuna Düsseldorf","1","","302","ElMorfadorDeChoripan","Bayer Leverkusen","1","","","","","","","","","","","","","","","302","a9lire","Como 1907","1","","","302","MARTINELLI","Bayern München","1","0",""
"","303","AAOAOOAOA_123","VFL Wolfsburg","1","","303","emvrre","Olympique Lyon","1","","","","","","","","","","","","","","","303","AbsalomAbstract","Athletic Bilbao","1","","","303","Memorientes","Turkiye","1","0",""
"","304","Actikek","Western Europe","1","","304","ErdoZor61","AFC Ajax","1","","","","","","","","","","","","","","","304","aci7d","England","1","","","304","MO129195","Olympique Lyon","1","0",""
"","305","Aikyn2008","Eurasia","1","","305","essskettiitt","Girona F.C","1","","","","","","","","","","","","","","","305","apathica","Norwich City","1","","","305","Mohascred","Marseille","1","0",""
"","306","andrade20001","F.C Schalke 04","1","","306","evil33pro","Arsenal F.C","1","","","","","","","","","","","","","","","306","axeldisasii","A.S Roma","1","","","306","Mounstan","R.S.C Anderlecht","1","0",""
"","307","AriseRevanz","Norwich City","1","","307","fabrituber720","Dinamo Zagreb","1","","","","","","","","","","","","","","","307","aydincetinantreman","Como 1907","1","","","307","MRDamDan","BSC Young Boys","1","0",""
"","308","Arubaze","A.S Monaco","1","","308","FireBBombx","Tottenham Hotspur","1","","","","","","","","","","","","","","","308","bachiramegguru","Eurasia","1","","","308","Mrender0110","Rangers F.C","1","0",""
"","309","asamuiaractioncoco","Rangers F.C","1","","309","gussjrr","Athletic Bilbao","1","","","","","","","","","","","","","","","309","badiyaa","Real Sociedad","1","","","309","n7shu","Paris Saint-Germain","1","0",""
"","310","Atagyh","F.C København","1","","310","HasHikO_PriMexS","F.C København","1","","","","","","","","","","","","","","","310","Biel261010_2","F.C København","1","","","310","NavidParsHakhamneshi","A.S Monaco","1","0",""
"","311","axeldisasii","A.S Roma","1","","311","Healthyhat1","Norwich City","1","","","","","","","","","","","","","","","311","BloodyBerin","Norwich City","1","","","311","necker1","Dinamo Zagreb","1","0",""
"","312","badiyaa","Middle East","1","","312","IIJake_XI","S.S.C Napoli","1","","","","","","","","","","","","","","","312","bolinho123456677","VFL Wolfsburg","1","","","312","NeoxRodriguez","Real Madrid ","1","0",""
"","313","bielsjbss","AFC Ajax","1","","313","IKalxdouI","BSC Young Boys","1","","","","","","","","","","","","","","","313","bubbli","F.C Porto","1","","","313","nepzos","United States","1","0",""
"","314","BlackIsRogue","Bayer Leverkusen","1","","314","iluvrealsyy","Brighton","1","","","","","","","","","","","","","","","314","bxdghggjj31","R.S.C Anderlecht","1","","","314","niovc","F.C Porto","1","0",""
"","315","bxdghggjj31","R.S.C Anderlecht","1","","315","IrnJoseph","Paris Saint-Germain","1","","","","","","","","","","","","","","","315","CaioDoRoblox","BSC Young Boys","1","","","315","nunzball","Crystal Palace","1","0",""
"","316","CarascaII","Athletic Bilbao","1","","316","isaque123456677","Brazil","1","","","","","","","","","","","","","","","316","calebenews","Rangers F.C","1","","","316","offbanes","Olympique Lyon","1","0",""
"","317","chiIavert","A.S Monaco","1","","317","iTz_SiNoO","F.C Schalke 04","1","","","","","","","","","","","","","","","317","CanceIooo","AFC Ajax","1","","","317","POLSKAFUTBOL","F.C Barcelona","1","0",""
"","318","cookiedark41","BSC Young Boys","1","","318","Jakethepig87","R.S.C Anderlecht","1","","","","","","","","","","","","","","","318","casillasproinres","Dinamo Zagreb","1","","","318","poooooooooooooer","VFL Wolfsburg","1","0",""
"","319","danieImunozz","Brighton","1","","319","jetixpro","Tottenham Hotspur","1","","","","","","","","","","","","","","","319","Cerueno","Liverpool F.C","1","","","319","punchlife1","Como 1907","1","0",""
"","320","Danielpro06","S.S.C Napoli","1","","320","Jexonium","Fortuna Düsseldorf","1","","","","","","","","","","","","","","","320","Cineris","F.C Barcelona","1","","","320","R3scerns","Crystal Palace","1","0",""
"","321","Danilawolk0867","Eurasia","1","","321","JoaKoR15","Atalanta B.C","1","","","","","","","","","","","","","","","321","Clinicality","Borussia Dortmund","1","","","321","rebelvax","BSC Young Boys","1","0",""
"","322","Danishdanoooo","Real Sociedad","1","","322","Justii_n","Real Madrid ","1","","","","","","","","","","","","","","","322","clumsythings","Girona F.C","1","","","322","RobloxScripterLua","Como 1907","1","0",""
"","323","dineifu123BR","VFL Wolfsburg","1","","323","KittyLover29294","RB Leipzig","1","","","","","","","","","","","","","","","323","crysty82","Tottenham Hotspur","1","","","323","rocha90","Rangers F.C","1","0",""
"","324","eIizte","Manchester City","1","","324","Klouvzyy","Inter Milan","1","","","","","","","","","","","","","","","324","DanielDeEgg","Real Madrid ","1","","","324","rosalocalover","Juventus F.C","1","0",""
"","325","EIJoacoo","A.S Monaco","1","","325","kluzeni","Crystal Palace","1","","","","","","","","","","","","","","","325","eIdibuu","Iberia","1","","","325","SamueItx","Marseille","1","0",""
"","326","enisify","Celta Vigo","1","","326","koltoure","Crystal Palace","1","","","","","","","","","","","","","","","326","enisify","Celta Vigo","1","","","326","seriaImogger","A.S Roma","1","0",""
"","327","ErdoZor61","AFC Ajax","1","","327","krupxviesa","A.S Monaco","1","","","","","","","","","","","","","","","327","felzzr","Girona F.C","1","","","327","ShadowDefenderXII","Marseille","1","0",""
"","328","esteban300132","Central America","1","","328","Lazare67","Como 1907","1","","","","","","","","","","","","","","","328","FireBBombx","Tottenham Hotspur","1","","","328","sirchonkus","Olympique Lyon","1","0",""
"","329","felzzr","Norwich City","1","","329","lolololol1264","Real Sociedad","1","","","","","","","","","","","","","","","329","firipee","Real Betis","1","","","329","SkitIsRogue","United States","1","0",""
"","330","fjnnzzo","F.C Porto","1","","330","LOUISISAWESOME169","Real Sociedad","1","","","","","","","","","","","","","","","330","freshermarrow77","BSC Young Boys","1","","","330","Smokey3121","Athletic Bilbao","1","0",""
"","331","gabipagabo3000","F.C Porto","1","","331","lsmiAli","Marseille","1","","","","","","","","","","","","","","","331","gamerproinres","Dinamo Zagreb","1","","","331","VaudevilleVillain","AFC Ajax","1","0",""
"","332","gamerproinres","Central America","1","","332","luisblox040909","AFC Ajax","1","","","","","","","","","","","","","","","332","Gigo564","Real Betis","1","","","332","SonRamon","A.C Milan","1","0",""
"","333","grienzemann","Norwich City","1","","333","lukizyx","F.C København","1","","","","","","","","","","","","","","","333","Healthyhat1","Norwich City","1","","","333","spider_jr23","Manchester City","1","0",""
"","334","HasHikO_PriMexS","Dinamo Zagreb","1","","334","lxgendv","Bayer Leverkusen","1","","","","","","","","","","","","","","","334","Iechpremium","RB Leipzig","1","","","334","The_Zomboss47","Real Betis","1","0",""
"","335","Idk_Scout","Liverpool F.C","1","","335","m_rtusinn","Marseille","1","","","","","","","","","","","","","","","335","Ignite_bally","Fortuna Düsseldorf","1","","","335","theworfer","Norwich City","1","0",""
"","336","IIJake_XI","S.S.C Napoli","1","","336","m5rques","Celta Vigo","1","","","","","","","","","","","","","","","336","Igor_Akinfeev35","Atalanta B.C","1","","","336","tommy33gun","Inter Milan","1","0",""
"","337","iluvrealsyy","Brighton","1","","337","Makaiszn","Africa","1","","","","","","","","","","","","","","","337","illshootyou","Real Sociedad","1","","","337","TOTOROBOT56","R.S.C Anderlecht","1","0",""
"","338","IrnJoseph","Girona F.C","1","","338","margoI_l","R.S.C Anderlecht","1","","","","","","","","","","","","","","","338","iluvrealsyy","Brighton","1","","","338","tris10_m","F.C Barcelona","1","0",""
"","339","ItchyLfc2005","Como 1907","1","","339","Mavivonoeu","Girona F.C","1","","","","","","","","","","","","","","","339","ItsVillanuevaC","Brighton","1","","","339","UchihaGen4ik","A.C Milan","1","0",""
"","340","JoeIinton","Liverpool F.C","1","","340","Maximo_2016","Rangers F.C","1","","","","","","","","","","","","","","","340","ixhaq","Brighton","1","","","340","Uzilus","Atalanta B.C","1","0",""
"","341","JoseSnayder","F.C København","1","","341","Memorientes","Juventus F.C","1","","","","","","","","","","","","","","","341","iz_kloodi","Crystal Palace","1","","","341","verozius","RB Leipzig","1","0",""
"","342","Jxvicii","Latin America","1","","342","migueatp","Liverpool F.C","1","","","","","","","","","","","","","","","342","jakub8278","Real Sociedad","1","","","342","Victor32377mpj","RB Leipzig","1","0",""
"","343","KaydenIsRogue ","A.S Roma","1","","343","Mohascred","Marseille","1","","","","","","","","","","","","","","","343","jetixpro","Tottenham Hotspur","1","","","343","Vinxnyy","Celta Vigo","1","0",""
"","344","keavencia","Asia","1","","344","mokilkopop","Bayer Leverkusen","1","","","","","","","","","","","","","","","344","jxzyboi","Tottenham Hotspur","1","","","344","vorraxz","F.C Porto","1","0",""
"","345","KenanYiIdizz","Bayer Leverkusen","1","","345","Mounstan","R.S.C Anderlecht","1","","","","","","","","","","","","","","","345","KakaViBritannia","Borussia Dortmund","1","","","345","Vurelixs","Marseille","1","0",""
"","346","kidokuchazo","Brighton","1","","346","MPS_Pod","Paris Saint-Germain","1","","","","","","","","","","","","","","","346","Klouvzyy","Celta Vigo","1","","","346","warrenzairemery","Marseille","1","0",""
"","347","Klouvzyy","Celta Vigo","1","","347","naim_76","Norwich City","1","","","","","","","","","","","","","","","347","koal_second","Atalanta B.C","1","","","347","Wintrreza","Crystal Palace","1","0",""
"","348","kluzeni","F.C Porto","1","","348","NickOIij","A.S Roma","1","","","","","","","","","","","","","","","348","Koolicxcte","Marseille","1","","","348","Xsamuel_Doritos34","Brighton","1","0",""
"","349","krupxviesa","A.S Monaco","1","","349","nikdinii","R.S.C Anderlecht","1","","","","","","","","","","","","","","","349","Kylian_McFrappa","F.C Schalke 04","1","","","349","XxleonardodadaxX","Borussia Dortmund","1","0",""
"","350","Kylian_McFrappa","F.C Schalke 04","1","","350","origamiempresss","Real Sociedad","1","","","","","","","","","","","","","","","350","lGotNoWifi","A.S Roma","1","","","350","XxlvGodGokuXxlV","Manchester City","1","0",""
"","351","lau5da","A.S Roma","1","","351","PasitaRodriguez","Tottenham Hotspur","1","","","","","","","","","","","","","","","351","LimiDantoneIIi","S.S.C Napoli","1","","","351","Xyeqe","Athletic Bilbao","1","0",""
"","352","lawailet","Balkans","1","","352","PedriGonzalez","Real Madrid ","1","","","","","","","","","","","","","","","352","LogicaHD","Liverpool F.C","1","","","352","youssavanier","Real Sociedad","1","0",""
"","353","lGotNoWifi","A.S Roma","1","","353","PLOKOLOL_BROTHER5","Arsenal F.C","1","","","","","","","","","","","","","","","353","lolenxen","Paris Saint-Germain","1","","","353","Yunami27X","Marseille","1","0",""
"","354","LHS_Acenko","Asia","1","","354","ProCiba099_009","Celta Vigo","1","","","","","","","","","","","","","","","354","LuvThatChicken","Girona F.C","1","","","354","zeqhyrin","AFC Ajax","1","0",""
"","355","liverpoolBVB","Norwich City","1","","355","qatariaen","F.C København","1","","","","","","","","","","","","","","","355","Lyrical_Phoenix","Borussia Dortmund","1","","","355","zieIinskiii","F.C Schalke 04","1","0",""
"","356","lolenxen","Paris Saint-Germain","1","","356","R3scerns","Crystal Palace","1","","","","","","","","","","","","","","","356","lzxthal","Real Sociedad","1","","","356","Zinrall","AFC Ajax","1","0",""
"","357","LOUISISAWESOME169","Real Sociedad","1","","357","RealDanTDMgamerTV","Real Sociedad","1","","","","","","","","","","","","","","","357","m_rtusinn","Marseille","1","","","357","Zl_Moren","Dinamo Zagreb","1","0",""
"","358","luisblox040909","AFC Ajax","1","","358","Rufizzs","Arsenal F.C","1","","","","","","","","","","","","","","","358","m5rques","Celta Vigo","1","","","358","akavaIen","Brighton","0","1",""
"","359","MAHMOGAMER","VFL Wolfsburg","1","","359","SalQuender","Borussia Dortmund","1","","","","","","","","","","","","","","","359","MAHMOGAMER","VFL Wolfsburg","1","","","359","bauti38err","Bayer Leverkusen","0","0",""
"","360","migueatp","Liverpool F.C","1","","360","seriaImogger","AFC Ajax","1","","","","","","","","","","","","","","","360","maraztyy","Marseille","1","","","360","eIdibuu","Iberia","0","1",""
"","361","MO129195","Dinamo Zagreb","1","","361","ShawnxMonaco","Norwich City","1","","","","","","","","","","","","","","","361","Mavivonoeu","Girona F.C","1","","","361","ForisHD","Norwich City","0","1",""
"","362","mokilkopop","Girona F.C","1","","362","Shotz_28","Dinamo Zagreb","1","","","","","","","","","","","","","","","362","mete7104","A.S Roma","1","","","362","iz_kloodi","Crystal Palace","0","1",""
"","363","momo2007","Paris Saint-Germain","1","","363","sirchonkus","A.S Roma","1","","","","","","","","","","","","","","","363","meteturkic","Turkiye","1","","","363","kamotodog","Fortuna Düsseldorf","0","1",""
"","364","moshu_q","Bayern München","1","","364","SixityTime","R.S.C Anderlecht","1","","","","","","","","","","","","","","","364","MRDamDan","BSC Young Boys","1","","","364","Mike20188","Northern Europe","0","1",""
"","365","Mrender0110","Fortuna Düsseldorf","1","","365","soyelhombremorado300","Fortuna Düsseldorf","1","","","","","","","","","","","","","","","365","NickOIij","A.S Roma","1","","","365","nxrutti","Fortuna Düsseldorf","0","1",""
"","366","n7shu","Paris Saint-Germain","1","","366","Splashx321","Juventus F.C","1","","","","","","","","","","","","","","","366","NicolasMT23","A.S Monaco","1","","","366","RxckFrost","Norwich City","0","1",""
"","367","Nezmerised","Fortuna Düsseldorf","1","","367","SteadyFreddie31","Juventus F.C","1","","","","","","","","","","","","","","","367","nikdinii","R.S.C Anderlecht","1","","","367","soIskajaer","Tottenham Hotspur","0","1",""
"","368","NIKoLaSTeslaX","A.S Monaco","1","","368","svenzio","Real Sociedad","1","","","","","","","","","","","","","","","368","Nikokall","Norwich City","1","","","368","","","","",""
"","369","oscarvc","Real Sociedad","1","","369","The_Zomboss47","Real Betis","1","","","","","","","","","","","","","","","369","NIKoLaSTeslax","A.S Monaco","1","","","369","","","","",""
"","370","PasitaRodriguez","Tottenham Hotspur","1","","370","thewoo5back","F.C København","1","","","","","","","","","","","","","","","370","Nwanerii","A.C Milan","1","","","370","","","","",""
"","371","personaje23236","Liverpool F.C","1","","371","tobbid","Celta Vigo","1","","","","","","","","","","","","","","","371","offbanes","Olympique Lyon","1","","","371","","","","",""
"","372","PLOKOLOL_BROTHER5","Arsenal F.C","1","","372","TOTOROBOT56","R.S.C Anderlecht","1","","","","","","","","","","","","","","","372","OllyTheBoss","Manchester United","1","","","372","","","","",""
"","373","Poketrainer490","A.S Monaco","1","","373","UberLeo","Manchester United","1","","","","","","","","","","","","","","","373","ProCiba099_009","Celta Vigo","1","","","373","","","","",""
"","374","ProCiba099_009","Celta Vigo","1","","374","uncbenny","Real Sociedad","1","","","","","","","","","","","","","","","374","qatariaen","F.C København","1","","","374","","","","",""
"","375","Q4LUNYA","F.C Barcelona","1","","375","uncekaw","Juventus F.C","1","","","","","","","","","","","","","","","375","qguiIherme","Tottenham Hotspur","1","","","375","","","","",""
"","376","qguiIherme","F.C Porto","1","","376","uncmusti","Como 1907","1","","","","","","","","","","","","","","","376","R3scerns","Crystal Palace","1","","","376","","","","",""
"","377","R3scerns","Crystal Palace","1","","377","vadimkapolyakov","Girona F.C","1","","","","","","","","","","","","","","","377","reiulent","Manchester City","1","","","377","","","","",""
"","378","RedHoomanYT","F.C København","1","","378","vegzinho","Brighton","1","","","","","","","","","","","","","","","378","RobloxScripterDevLua","Como 1907","1","","","378","","","","",""
"","379","Rm8w","F.C Schalke 04","1","","379","Vinxnyy","F.C Barcelona","1","","","","","","","","","","","","","","","379","ruxel_gamerpro","F.C Schalke 04","1","","","379","","","","",""
"","380","Rufizzs","Arsenal F.C","1","","380","xFixLeox","F.C Porto","1","","","","","","","","","","","","","","","380","SECONDACCOUNT_SOUP","Celta Vigo","1","","","380","","","","",""
"","381","SalQuender","Africa","1","","381","XxleonardodadaxX","Borussia Dortmund","1","","","","","","","","","","","","","","","381","shaneitoo","A.C Milan","1","","","381","","","","",""
"","382","seriaImogger","AFC Ajax","1","","382","XxPrince_YxX","Girona F.C","1","","","","","","","","","","","","","","","382","ShawnxMonaco","Norwich City","1","","","382","","","","",""
"","383","ShadowDefenderXII","Marseille","1","","383","xYAgustinYx","A.S Monaco","1","","","","","","","","","","","","","","","383","ShazArcalis","Inter Milan","1","","","383","","","","",""
"","384","shuubero","Crystal Palace","1","","384","yakarll","Arsenal F.C","1","","","","","","","","","","","","","","","384","SixityTime","R.S.C Anderlecht","1","","","384","","","","",""
"","385","sirchonkus","A.S Roma","1","","385","zeqhyrin","A.S Roma","1","","","","","","","","","","","","","","","385","soyelhombremorado300","Fortuna Düsseldorf","1","","","385","","","","",""
"","386","smckizzo","Arsenal F.C","1","","386","zerix_360","Manchester United","1","","","","","","","","","","","","","","","386","spartsui","Fortuna Düsseldorf","1","","","386","","","","",""
"","387","sper4nzaa","Celta Vigo","1","","387","Zl_Moren","Dinamo Zagreb","1","","","","","","","","","","","","","","","387","SteadyFreddie31","Juventus F.C","1","","","387","","","","",""
"","388","Sw1ftDx","S.S.C Napoli","1","","388","","","","","","","","","","","","","","","","","","388","stjepogame","Bayer Leverkusen","1","","","388","","","","",""
"","389","Syqxnzl","Manchester City","1","","389","","","","","","","","","","","","","","","","","","389","STORMgiannis900","Tottenham Hotspur","1","","","389","","","","",""
"","390","themightyjesse","AFC Ajax","1","","390","","","","","","","","","","","","","","","","","","390","szyluv","Celta Vigo","1","","","390","","","","",""
"","391","theworfer","Norwich City","1","","391","","","","","","","","","","","","","","","","","","391","THEREALMOOSEMANNN","United States","1","","","391","","","","",""
"","392","uncmusti","Atalanta B.C","1","","392","","","","","","","","","","","","","","","","","","392","theworfer","Norwich City","1","","","392","","","","",""
"","393","vegzinho","Brighton","1","","393","","","","","","","","","","","","","","","","","","393","tobbid","Celta Vigo","1","","","393","","","","",""
"","394","veIunde","A.C Milan","1","","394","","","","","","","","","","","","","","","","","","394","trtremir0077","Turkiye","1","","","394","","","","",""
"","395","Villehenia","Central America","1","","395","","","","","","","","","","","","","","","","","","395","TTVRU5HY","Bayer Leverkusen","1","","","395","","","","",""
"","396","Vinxnyy","F.C Barcelona","1","","396","","","","","","","","","","","","","","","","","","396","uncekaw","Juventus F.C","1","","","396","","","","",""
"","397","vKxka_XI","Athletic Bilbao","1","","397","","","","","","","","","","","","","","","","","","397","uncmusti","Como 1907","1","","","397","","","","",""
"","398","vorraxz","F.C Porto","1","","398","","","","","","","","","","","","","","","","","","398","vegzinho","Brighton","1","","","398","","","","",""
"","399","WebHac","Inter Milan","1","","399","","","","","","","","","","","","","","","","","","399","vorraxz","F.C Porto","1","","","399","","","","",""
"","400","Xenvur","Athletic Bilbao","1","","400","","","","","","","","","","","","","","","","","","400","vxrwiesta","Celta Vigo","1","","","400","","","","",""
"","401","XxCampeonRESxX","Central America","1","","401","","","","","","","","","","","","","","","","","","401","wolokru","Middle East","1","","","401","","","","",""
"","402","ZodiacMat","England","1","","402","","","","","","","","","","","","","","","","","","402","XxleonardodadaxX","Borussia Dortmund","1","","","402","","","","",""
"","403","Zoomical","Girona F.C","1","","403","","","","","","","","","","","","","","","","","","403","XxPrince_YxX","Girona F.C","1","","","403","","","","",""
"","404","zrk_zee","Real Madrid ","1","","404","","","","","","","","","","","","","","","","","","404","yossefessa","Brighton","1","","","404","","","","",""
"","405","","","","","405","","","","","","","","","","","","","","","","","","405","YZYTommy","F.C Barcelona","1","","","405","","","","",""
"","406","","","","","406","","","","","","","","","","","","","","","","","","406","zerix_360","Manchester United","1","","","406","","","","",""
"","407","","","","","407","","","","","","","","","","","","","","","","","","407","Zl_Moren","Dinamo Zagreb","1","","","407","","","","",""
"","408","","","","","408","","","","","","","","","","","","","","","","","","408","zrk_zee","Real Madrid ","1","","","408","","","","",""
"","409","","","","","409","","","","","","","","","","","","","","","","","","409","zyArthxr","F.C København","1","","","409","","","","",""
"","410","","","","","410","","","","","","","","","","","","","","","","","","410","","","","","","410","","","","",""
"","411","","","","","411","","","","","","","","","","","","","","","","","","411","","","","","","411","","","","",""
"","412","","","","","412","","","","","","","","","","","","","","","","","","412","","","","","","412","","","","",""
"","413","","","","","413","","","","","","","","","","","","","","","","","","413","","","","","","413","","","","",""
"","414","","","","","414","","","","","","","","","","","","","","","","","","414","","","","","","414","","","","",""
"","415","","","","","415","","","","","","","","","","","","","","","","","","","","","","","","415","","","","",""
"","416","","","","","416","","","","","","","","","","","","","","","","","","","","","","","","416","","","","",""
"","417","","","","","417","","","","","","","","","","","","","","","","","","","","","","","","417","","","","",""
"","418","","","","","418","","","","","","","","","","","","","","","","","","","","","","","","418","","","","",""
"","419","","","","","419","","","","","","","","","","","","","","","","","","","","","","","","419","","","","",""
"","420","","","","","420","","","","","","","","","","","","","","","","","","","","","","","","420","","","","",""
"","421","","","","","421","","","","","","","","","","","","","","","","","","","","","","","","421","","","","",""
"","422","","","","","422","","","","","","","","","","","","","","","","","","","","","","","","422","","","","",""
"","423","","","","","423","","","","","","","","","","","","","","","","","","","","","","","","423","","","","",""
"","424","","","","","424","","","","","","","","","","","","","","","","","","","","","","","","424","","","","",""
"","425","","","","","425","","","","","","","","","","","","","","","","","","","","","","","","425","","","","",""
"","426","","","","","426","","","","","","","","","","","","","","","","","","","","","","","","426","","","","",""
"","427","","","","","427","","","","","","","","","","","","","","","","","","","","","","","","427","","","","",""
"","428","","","","","428","","","","","","","","","","","","","","","","","","","","","","","","428","","","","",""
"","429","","","","","429","","","","","","","","","","","","","","","","","","","","","","","","429","","","","",""
"","430","","","","","430","","","","","","","","","","","","","","","","","","","","","","","","430","","","","",""
"","431","","","","","431","","","","","","","","","","","","","","","","","","","","","","","","431","","","","",""
"","432","","","","","432","","","","","","","","","","","","","","","","","","","","","","","","432","","","","",""
"","433","","","","","433","","","","","","","","","","","","","","","","","","","","","","","","433","","","","",""
"","434","","","","","434","","","","","","","","","","","","","","","","","","","","","","","","434","","","","",""
"","435","","","","","435","","","","","","","","","","","","","","","","","","","","","","","","435","","","","",""
"","436","","","","","436","","","","","","","","","","","","","","","","","","","","","","","","436","","","","",""
"","437","","","","","437","","","","","","","","","","","","","","","","","","","","","","","","437","","","","",""
"","438","","","","","438","","","","","","","","","","","","","","","","","","","","","","","","438","","","","",""
"","439","","","","","439","","","","","","","","","","","","","","","","","","","","","","","","439","","","","",""
"","440","","","","","440","","","","","","","","","","","","","","","","","","","","","","","","440","","","","",""
"","441","","","","","441","","","","","","","","","","","","","","","","","","","","","","","","441","","","","",""
"","442","","","","","442","","","","","","","","","","","","","","","","","","","","","","","","442","","","","",""
"","443","","","","","443","","","","","","","","","","","","","","","","","","","","","","","","443","","","","",""
"","444","","","","","444","","","","","","","","","","","","","","","","","","","","","","","","444","","","","",""
"","445","","","","","445","","","","","","","","","","","","","","","","","","","","","","","","445","","","","",""
"","446","","","","","446","","","","","","","","","","","","","","","","","","","","","","","","446","","","","",""
"","447","","","","","447","","","","","","","","","","","","","","","","","","","","","","","","447","","","","",""
"","448","","","","","448","","","","","","","","","","","","","","","","","","","","","","","","448","","","","",""
"","449","","","","","449","","","","","","","","","","","","","","","","","","","","","","","","449","","","","",""
"","450","","","","","450","","","","","","","","","","","","","","","","","","","","","","","","450","","","","",""
"","451","","","","","451","","","","","","","","","","","","","","","","","","","","","","","","451","","","","",""
"","452","","","","","452","","","","","","","","","","","","","","","","","","","","","","","","452","","","","",""
"","453","","","","","453","","","","","","","","","","","","","","","","","","","","","","","","453","","","","",""
"","454","","","","","454","","","","","","","","","","","","","","","","","","","","","","","","454","","","","",""
"","455","","","","","455","","","","","","","","","","","","","","","","","","","","","","","","455","","","","",""
"","456","","","","","456","","","","","","","","","","","","","","","","","","","","","","","","456","","","","",""
"","457","","","","","457","","","","","","","","","","","","","","","","","","","","","","","","457","","","","",""
"","458","","","","","458","","","","","","","","","","","","","","","","","","","","","","","","458","","","","",""
"","459","","","","","459","","","","","","","","","","","","","","","","","","","","","","","","459","","","","",""
"","460","","","","","460","","","","","","","","","","","","","","","","","","","","","","","","460","","","","",""
"","461","","","","","461","","","","","","","","","","","","","","","","","","","","","","","","461","","","","",""
"","462","","","","","462","","","","","","","","","","","","","","","","","","","","","","","","462","","","","",""
"","463","","","","","463","","","","","","","","","","","","","","","","","","","","","","","","463","","","","",""
"","464","","","","","464","","","","","","","","","","","","","","","","","","","","","","","","464","","","","",""
"","465","","","","","465","","","","","","","","","","","","","","","","","","","","","","","","465","","","","",""
"","466","","","","","466","","","","","","","","","","","","","","","","","","","","","","","","466","","","","",""
"","467","","","","","467","","","","","","","","","","","","","","","","","","","","","","","","467","","","","",""
"","468","","","","","468","","","","","","","","","","","","","","","","","","","","","","","","468","","","","",""
"","469","","","","","469","","","","","","","","","","","","","","","","","","","","","","","","469","","","","",""
"","470","","","","","470","","","","","","","","","","","","","","","","","","","","","","","","470","","","","",""
"","471","","","","","471","","","","","","","","","","","","","","","","","","","","","","","","471","","","","",""
"","472","","","","","472","","","","","","","","","","","","","","","","","","","","","","","","472","","","","",""
"","473","","","","","473","","","","","","","","","","","","","","","","","","","","","","","","473","","","","",""
"","474","","","","","474","","","","","","","","","","","","","","","","","","","","","","","","474","","","","",""
"","475","","","","","475","","","","","","","","","","","","","","","","","","","","","","","","475","","","","",""
"","476","","","","","476","","","","","","","","","","","","","","","","","","","","","","","","476","","","","",""
"","477","","","","","477","","","","","","","","","","","","","","","","","","","","","","","","477","","","","",""
"","478","","","","","478","","","","","","","","","","","","","","","","","","","","","","","","478","","","","",""
"","479","","","","","479","","","","","","","","","","","","","","","","","","","","","","","","479","","","","",""
"","480","","","","","480","","","","","","","","","","","","","","","","","","","","","","","","480","","","","",""
"","481","","","","","481","","","","","","","","","","","","","","","","","","","","","","","","481","","","","",""
"","482","","","","","482","","","","","","","","","","","","","","","","","","","","","","","","482","","","","",""
"","483","","","","","483","","","","","","","","","","","","","","","","","","","","","","","","483","","","","",""
"","484","","","","","484","","","","","","","","","","","","","","","","","","","","","","","","484","","","","",""
"","485","","","","","485","","","","","","","","","","","","","","","","","","","","","","","","485","","","","",""
"","486","","","","","486","","","","","","","","","","","","","","","","","","","","","","","","486","","","","",""
"","487","","","","","487","","","","","","","","","","","","","","","","","","","","","","","","487","","","","",""
"","488","","","","","488","","","","","","","","","","","","","","","","","","","","","","","","488","","","","",""
"","489","","","","","489","","","","","","","","","","","","","","","","","","","","","","","","489","","","","",""
"","490","","","","","490","","","","","","","","","","","","","","","","","","","","","","","","490","","","","",""
"","491","","","","","491","","","","","","","","","","","","","","","","","","","","","","","","491","","","","",""
"","492","","","","","492","","","","","","","","","","","","","","","","","","","","","","","","492","","","","",""
"","493","","","","","493","","","","","","","","","","","","","","","","","","","","","","","","493","","","","",""
"","494","","","","","494","","","","","","","","","","","","","","","","","","","","","","","","494","","","","",""
"","495","","","","","495","","","","","","","","","","","","","","","","","","","","","","","","495","","","","",""
"","496","","","","","496","","","","","","","","","","","","","","","","","","","","","","","","496","","","","",""
"","497","","","","","497","","","","","","","","","","","","","","","","","","","","","","","","497","","","","",""
"","498","","","","","498","","","","","","","","","","","","","","","","","","","","","","","","498","","","","",""
"","499","","","","","499","","","","","","","","","","","","","","","","","","","","","","","","499","","","","",""
"","500","","","","","500","","","","","","","","","","","","","","","","","","","","","","","","500","","","","",""
"","501","","","","","501","","","","","","","","","","","","","","","","","","","","","","","","501","","","","",""
"","502","","","","","502","","","","","","","","","","","","","","","","","","","","","","","","502","","","","",""
"","503","","","","","503","","","","","","","","","","","","","","","","","","","","","","","","503","","","","",""
"","504","","","","","504","","","","","","","","","","","","","","","","","","","","","","","","504","","","","",""
"","505","","","","","505","","","","","","","","","","","","","","","","","","","","","","","","505","","","","",""
"","506","","","","","506","","","","","","","","","","","","","","","","","","","","","","","","506","","","","",""
"","507","","","","","507","","","","","","","","","","","","","","","","","","","","","","","","507","","","","",""
"","508","","","","","508","","","","","","","","","","","","","","","","","","","","","","","","508","","","","",""
"","509","","","","","509","","","","","","","","","","","","","","","","","","","","","","","","509","","","","",""
"","510","","","","","510","","","","","","","","","","","","","","","","","","","","","","","","510","","","","",""
"","511","","","","","511","","","","","","","","","","","","","","","","","","","","","","","","511","","","","",""
"","512","","","","","512","","","","","","","","","","","","","","","","","","","","","","","","512","","","","",""
"","513","","","","","513","","","","","","","","","","","","","","","","","","","","","","","","513","","","","",""
"","514","","","","","514","","","","","","","","","","","","","","","","","","","","","","","","514","","","","",""
"","515","","","","","515","","","","","","","","","","","","","","","","","","","","","","","","515","","","","",""
"","516","","","","","516","","","","","","","","","","","","","","","","","","","","","","","","516","","","","",""
"","517","","","","","517","","","","","","","","","","","","","","","","","","","","","","","","517","","","","",""
"","518","","","","","518","","","","","","","","","","","","","","","","","","","","","","","","518","","","","",""
"","519","","","","","519","","","","","","","","","","","","","","","","","","","","","","","","519","","","","",""
"","520","","","","","520","","","","","","","","","","","","","","","","","","","","","","","","520","","","","",""
"","521","","","","","521","","","","","","","","","","","","","","","","","","","","","","","","521","","","","",""
"","522","","","","","522","","","","","","","","","","","","","","","","","","","","","","","","522","","","","",""
"","523","","","","","523","","","","","","","","","","","","","","","","","","","","","","","","523","","","","",""
"","524","","","","","524","","","","","","","","","","","","","","","","","","","","","","","","524","","","","",""
"","525","","","","","525","","","","","","","","","","","","","","","","","","","","","","","","525","","","","",""
"","526","","","","","526","","","","","","","","","","","","","","","","","","","","","","","","526","","","","",""
"","527","","","","","527","","","","","","","","","","","","","","","","","","","","","","","","527","","","","",""
"","528","","","","","528","","","","","","","","","","","","","","","","","","","","","","","","528","","","","",""
"","529","","","","","529","","","","","","","","","","","","","","","","","","","","","","","","529","","","","",""
"","530","","","","","530","","","","","","","","","","","","","","","","","","","","","","","","530","","","","",""
"","531","","","","","531","","","","","","","","","","","","","","","","","","","","","","","","531","","","","",""
"","532","","","","","532","","","","","","","","","","","","","","","","","","","","","","","","532","","","","",""
"","533","","","","","533","","","","","","","","","","","","","","","","","","","","","","","","533","","","","",""
"","534","","","","","534","","","","","","","","","","","","","","","","","","","","","","","","534","","","","",""
"","535","","","","","535","","","","","","","","","","","","","","","","","","","","","","","","535","","","","",""
"","536","","","","","536","","","","","","","","","","","","","","","","","","","","","","","","536","","","","",""
"","537","","","","","537","","","","","","","","","","","","","","","","","","","","","","","","537","","","","",""
"","538","","","","","538","","","","","","","","","","","","","","","","","","","","","","","","538","","","","",""
"","539","","","","","539","","","","","","","","","","","","","","","","","","","","","","","","539","","","","",""
"","540","","","","","540","","","","","","","","","","","","","","","","","","","","","","","","540","","","","",""
"","541","","","","","541","","","","","","","","","","","","","","","","","","","","","","","","541","","","","",""
"","542","","","","","542","","","","","","","","","","","","","","","","","","","","","","","","542","","","","",""
"","543","","","","","543","","","","","","","","","","","","","","","","","","","","","","","","543","","","","",""
"","544","","","","","544","","","","","","","","","","","","","","","","","","","","","","","","544","","","","",""
"","545","","","","","545","","","","","","","","","","","","","","","","","","","","","","","","545","","","","",""
"","546","","","","","546","","","","","","","","","","","","","","","","","","","","","","","","546","","","","",""
"","547","","","","","547","","","","","","","","","","","","","","","","","","","","","","","","547","","","","",""
"","548","","","","","548","","","","","","","","","","","","","","","","","","","","","","","","548","","","","",""
"","549","","","","","549","","","","","","","","","","","","","","","","","","","","","","","","549","","","","",""
"","550","","","","","550","","","","","","","","","","","","","","","","","","","","","","","","550","","","","",""
"","551","","","","","551","","","","","","","","","","","","","","","","","","","","","","","","551","","","","",""
"","552","","","","","552","","","","","","","","","","","","","","","","","","","","","","","","552","","","","",""
"","553","","","","","553","","","","","","","","","","","","","","","","","","","","","","","","553","","","","",""
"","554","","","","","554","","","","","","","","","","","","","","","","","","","","","","","","554","","","","",""
"","555","","","","","555","","","","","","","","","","","","","","","","","","","","","","","","555","","","","",""
"","556","","","","","556","","","","","","","","","","","","","","","","","","","","","","","","556","","","","",""
"","557","","","","","557","","","","","","","","","","","","","","","","","","","","","","","","557","","","","",""
"","558","","","","","558","","","","","","","","","","","","","","","","","","","","","","","","558","","","","",""
"","559","","","","","559","","","","","","","","","","","","","","","","","","","","","","","","559","","","","",""
"","560","","","","","560","","","","","","","","","","","","","","","","","","","","","","","","560","","","","",""
"","561","","","","","561","","","","","","","","","","","","","","","","","","","","","","","","561","","","","",""
"","562","","","","","562","","","","","","","","","","","","","","","","","","","","","","","","562","","","","",""
"","563","","","","","563","","","","","","","","","","","","","","","","","","","","","","","","563","","","","",""
"","564","","","","","564","","","","","","","","","","","","","","","","","","","","","","","","564","","","","",""
"","565","","","","","565","","","","","","","","","","","","","","","","","","","","","","","","565","","","","",""
"","566","","","","","566","","","","","","","","","","","","","","","","","","","","","","","","566","","","","",""
"","567","","","","","567","","","","","","","","","","","","","","","","","","","","","","","","567","","","","",""
"","568","","","","","568","","","","","","","","","","","","","","","","","","","","","","","","568","","","","",""
"","569","","","","","569","","","","","","","","","","","","","","","","","","","","","","","","569","","","","",""
"","570","","","","","570","","","","","","","","","","","","","","","","","","","","","","","","570","","","","",""
"","571","","","","","571","","","","","","","","","","","","","","","","","","","","","","","","571","","","","",""
"","572","","","","","572","","","","","","","","","","","","","","","","","","","","","","","","572","","","","",""
"","573","","","","","573","","","","","","","","","","","","","","","","","","","","","","","","573","","","","",""
"","574","","","","","574","","","","","","","","","","","","","","","","","","","","","","","","574","","","","",""
"","575","","","","","575","","","","","","","","","","","","","","","","","","","","","","","","575","","","","",""
"","576","","","","","576","","","","","","","","","","","","","","","","","","","","","","","","576","","","","",""
"","577","","","","","577","","","","","","","","","","","","","","","","","","","","","","","","577","","","","",""
"","578","","","","","578","","","","","","","","","","","","","","","","","","","","","","","","578","","","","",""
"","579","","","","","579","","","","","","","","","","","","","","","","","","","","","","","","579","","","","",""
"","580","","","","","580","","","","","","","","","","","","","","","","","","","","","","","","580","","","","",""
"","581","","","","","581","","","","","","","","","","","","","","","","","","","","","","","","581","","","","",""
"","582","","","","","582","","","","","","","","","","","","","","","","","","","","","","","","582","","","","",""
"","583","","","","","583","","","","","","","","","","","","","","","","","","","","","","","","583","","","","",""
"","584","","","","","584","","","","","","","","","","","","","","","","","","","","","","","","584","","","","",""
"","585","","","","","585","","","","","","","","","","","","","","","","","","","","","","","","585","","","","",""
"","586","","","","","586","","","","","","","","","","","","","","","","","","","","","","","","586","","","","",""
"","587","","","","","587","","","","","","","","","","","","","","","","","","","","","","","","587","","","","",""
"","588","","","","","588","","","","","","","","","","","","","","","","","","","","","","","","588","","","","",""
"","589","","","","","589","","","","","","","","","","","","","","","","","","","","","","","","589","","","","",""
"","590","","","","","590","","","","","","","","","","","","","","","","","","","","","","","","590","","","","",""
"","591","","","","","591","","","","","","","","","","","","","","","","","","","","","","","","591","","","","",""
"","592","","","","","592","","","","","","","","","","","","","","","","","","","","","","","","592","","","","",""
"","593","","","","","593","","","","","","","","","","","","","","","","","","","","","","","","593","","","","",""
"","594","","","","","594","","","","","","","","","","","","","","","","","","","","","","","","594","","","","",""
"","595","","","","","595","","","","","","","","","","","","","","","","","","","","","","","","595","","","","",""
"","596","","","","","596","","","","","","","","","","","","","","","","","","","","","","","","596","","","","",""
"","597","","","","","597","","","","","","","","","","","","","","","","","","","","","","","","597","","","","",""
"","598","","","","","598","","","","","","","","","","","","","","","","","","","","","","","","598","","","","",""
"","599","","","","","599","","","","","","","","","","","","","","","","","","","","","","","","599","","","","",""
"","600","fazaldo","","","","600","","","","","","","","","","","","","","","","","","","","","","","","600","","","","",""
"","601","fazaldo","","","","601","","","","","","","","","","","","","","","","","","","","","","","","601","","","","",""
"","602","fazaldo","","","","602","","","","","","","","","","","","","","","","","","","","","","","","602","","","","",""
"","603","fazaldo","","","","603","","","","","","","","","","","","","","","","","","","","","","","","603","","","","",""
"","604","","","","","604","","","","","","","","","","","","","","","","","","","","","","","","604","","","","",""
"","605","","","","","605","","","","","","","","","","","","","","","","","","","","","","","","605","","","","",""
"","606","","","","","606","","","","","","","","","","","","","","","","","","","","","","","","606","","","","",""
"","607","","","","","607","","","","","","","","","","","","","","","","","","","","","","","","607","","","","",""
"","608","","","","","608","","","","","","","","","","","","","","","","","","","","","","","","608","","","","",""
"","609","","","","","609","","","","","","","","","","","","","","","","","","","","","","","","609","","","","",""
"","610","","","","","610","","","","","","","","","","","","","","","","","","","","","","","","610","","","","",""
"","611","","","","","611","","","","","","","","","","","","","","","","","","","","","","","","","","","","",""
"","612","","","","","612","","","","","","","","","","","","","","","","","","","","","","","","","","","","",""
"","613","","","","","613","","","","","","","","","","","","","","","","","","","","","","","","","","","","",""
"","614","","","","","614","","","","","","","","","","","","","","","","","","","","","","","","","","","","",""
"","615","","","","","615","","","","","","","","","","","","","","","","","","","","","","","","","","","","",""
"","616","","","","","616","","","","","","","","","","","","","","","","","","","","","","","","","","","","",""
"","617","","","","","617","","","","","","","","","","","","","","","","","","","","","","","","","","","","",""
"","618","","","","","618","","","","","","","","","","","","","","","","","","","","","","","","","","","","",""
"","619","","","","","619","","","","","","","","","","","","","","","","","","","","","","","","","","","","",""
"","620","","","","","620","","","","","","","","","","","","","","","","","","","","","","","","","","","","",""
"","621","","","","","621","","","","","","","","","","","","","","","","","","","","","","","","","","","","",""
"","622","","","","","622","","","","","","","","","","","","","","","","","","","","","","","","","","","","",""
"","623","","","","","623","","","","","","","","","","","","","","","","","","","","","","","","","","","","",""
"","624","","","","","624","","","","","","","","","","","","","","","","","","","","","","","","","","","","",""
"","625","","","","","625","","","","","","","","","","","","","","","","","","","","","","","","","","","","",""
"","626","","","","","626","","","","","","","","","","","","","","","","","","","","","","","","","","","","",""
"","627","","","","","627","","","","","","","","","","","","","","","","","","","","","","","","","","","","",""
"","628","","","","","628","","","","","","","","","","","","","","","","","","","","","","","","","","","","",""
"","629","","","","","629","","","","","","","","","","","","","","","","","","","","","","","","","","","","",""
"","630","","","","","630","","","","","","","","","","","","","","","","","","","","","","","","","","","","",""
"","631","","","","","631","","","","","","","","","","","","","","","","","","","","","","","","","","","","",""
"","632","","","","","632","","","","","","","","","","","","","","","","","","","","","","","","","","","","",""
"","633","","","","","633","","","","","","","","","","","","","","","","","","","","","","","","","","","","",""
"","634","","","","","634","","","","","","","","","","","","","","","","","","","","","","","","","","","","",""
"","635","","","","","635","","","","","","","","","","","","","","","","","","","","","","","","","","","","",""
"","636","","","","","636","","","","","","","","","","","","","","","","","","","","","","","","","","","","",""
"","637","","","","","637","","","","","","","","","","","","","","","","","","","","","","","","","","","","",""
"","638","","","","","638","","","","","","","","","","","","","","","","","","","","","","","","","","","","",""
"","639","","","","","639","","","","","","","","","","","","","","","","","","","","","","","","","","","","",""
"","640","","","","","640","","","","","","","","","","","","","","","","","","","","","","","","","","","","",""
"","641","","","","","641","","","","","","","","","","","","","","","","","","","","","","","","","","","","",""
"","642","","","","","642","","","","","","","","","","","","","","","","","","","","","","","","","","","","",""
"","643","","","","","643","","","","","","","","","","","","","","","","","","","","","","","","","","","","",""
"","644","","","","","644","","","","","","","","","","","","","","","","","","","","","","","","","","","","",""
"","645","","","","","645","","","","","","","","","","","","","","","","","","","","","","","","","","","","",""
"","646","","","","","646","","","","","","","","","","","","","","","","","","","","","","","","","","","","",""
"","647","","","","","647","","","","","","","","","","","","","","","","","","","","","","","","","","","","",""
"","648","","","","","648","","","","","","","","","","","","","","","","","","","","","","","","","","","","",""
"","649","","","","","649","","","","","","","","","","","","","","","","","","","","","","","","","","","","",""
"","650","","","","","650","","","","","","","","","","","","","","","","","","","","","","","","","","","","",""
"","651","","","","","651","","","","","","","","","","","","","","","","","","","","","","","","","","","","",""
"","652","","","","","652","","","","","","","","","","","","","","","","","","","","","","","","","","","","",""
"","653","","","","","653","","","","","","","","","","","","","","","","","","","","","","","","","","","","",""
"","654","","","","","654","","","","","","","","","","","","","","","","","","","","","","","","","","","","",""
"","655","","","","","655","","","","","","","","","","","","","","","","","","","","","","","","","","","","",""
"","656","","","","","656","","","","","","","","","","","","","","","","","","","","","","","","","","","","",""
"","657","","","","","657","","","","","","","","","","","","","","","","","","","","","","","","","","","","",""
"","658","","","","","658","","","","","","","","","","","","","","","","","","","","","","","","","","","","",""
"","659","","","","","659","","","","","","","","","","","","","","","","","","","","","","","","","","","","",""
"","660","","","","","660","","","","","","","","","","","","","","","","","","","","","","","","","","","","",""
"","661","","","","","661","","","","","","","","","","","","","","","","","","","","","","","","","","","","",""
"","662","","","","","662","","","","","","","","","","","","","","","","","","","","","","","","","","","","",""
"","663","","","","","663","","","","","","","","","","","","","","","","","","","","","","","","","","","","",""
"","664","","","","","664","","","","","","","","","","","","","","","","","","","","","","","","","","","","",""
"","665","","","","","665","","","","","","","","","","","","","","","","","","","","","","","","","","","","",""
"","666","","","","","666","","","","","","","","","","","","","","","","","","","","","","","","","","","","",""
"","667","","","","","667","","","","","","","","","","","","","","","","","","","","","","","","","","","","",""
"","668","","","","","668","","","","","","","","","","","","","","","","","","","","","","","","","","","","",""
"","669","","","","","669","","","","","","","","","","","","","","","","","","","","","","","","","","","","",""
"","670","","","","","670","","","","","","","","","","","","","","","","","","","","","","","","","","","","",""
"","671","","","","","671","","","","","","","","","","","","","","","","","","","","","","","","","","","","",""
"","672","","","","","672","","","","","","","","","","","","","","","","","","","","","","","","","","","","",""
"","673","","","","","673","","","","","","","","","","","","","","","","","","","","","","","","","","","","",""
"","674","","","","","674","","","","","","","","","","","","","","","","","","","","","","","","","","","","",""
"","675","","","","","675","","","","","","","","","","","","","","","","","","","","","","","","","","","","",""
"","676","","","","","676","","","","","","","","","","","","","","","","","","","","","","","","","","","","",""
"","677","","","","","677","","","","","","","","","","","","","","","","","","","","","","","","","","","","",""
"","678","","","","","678","","","","","","","","","","","","","","","","","","","","","","","","","","","","",""
"","679","","","","","679","","","","","","","","","","","","","","","","","","","","","","","","","","","","",""
"","680","","","","","680","","","","","","","","","","","","","","","","","","","","","","","","","","","","",""
"","681","","","","","681","","","","","","","","","","","","","","","","","","","","","","","","","","","","",""
"","682","","","","","682","","","","","","","","","","","","","","","","","","","","","","","","","","","","",""
"","683","","","","","683","","","","","","","","","","","","","","","","","","","","","","","","","","","","",""
"","684","","","","","684","","","","","","","","","","","","","","","","","","","","","","","","","","","","",""
"","685","","","","","685","","","","","","","","","","","","","","","","","","","","","","","","","","","","",""
"","686","","","","","686","","","","","","","","","","","","","","","","","","","","","","","","","","","","",""
"","687","","","","","687","","","","","","","","","","","","","","","","","","","","","","","","","","","","",""
"","688","","","","","688","","","","","","","","","","","","","","","","","","","","","","","","","","","","",""
"","689","","","","","689","","","","","","","","","","","","","","","","","","","","","","","","","","","","",""
"","690","","","","","690","","","","","","","","","","","","","","","","","","","","","","","","","","","","",""
"","691","","","","","691","","","","","","","","","","","","","","","","","","","","","","","","","","","","",""
"","692","","","","","692","","","","","","","","","","","","","","","","","","","","","","","","","","","","",""
"","693","","","","","693","","","","","","","","","","","","","","","","","","","","","","","","","","","","",""
"","694","","","","","694","","","","","","","","","","","","","","","","","","","","","","","","","","","","",""
"","695","","","","","695","","","","","","","","","","","","","","","","","","","","","","","","","","","","",""
"","696","","","","","696","","","","","","","","","","","","","","","","","","","","","","","","","","","","",""
"","697","","","","","697","","","","","","","","","","","","","","","","","","","","","","","","","","","","",""
"","698","","","","","698","","","","","","","","","","","","","","","","","","","","","","","","","","","","",""
"","699","","","","","699","","","","","","","","","","","","","","","","","","","","","","","","","","","","",""
"","700","","","","","700","","","","","","","","","","","","","","","","","","","","","","","","","","","","",""
"","701","","","","","701","","","","","","","","","","","","","","","","","","","","","","","","","","","","",""
"","702","","","","","702","","","","","","","","","","","","","","","","","","","","","","","","","","","","",""
"","703","","","","","703","","","","","","","","","","","","","","","","","","","","","","","","","","","","",""
"","704","","","","","704","","","","","","","","","","","","","","","","","","","","","","","","","","","","",""
"","705","","","","","705","","","","","","","","","","","","","","","","","","","","","","","","","","","","",""
"","706","","","","","706","","","","","","","","","","","","","","","","","","","","","","","","","","","","",""
"","707","","","","","707","","","","","","","","","","","","","","","","","","","","","","","","","","","","",""
"","708","","","","","708","","","","","","","","","","","","","","","","","","","","","","","","","","","","",""
"","709","","","","","709","","","","","","","","","","","","","","","","","","","","","","","","","","","","",""
"","710","","","","","710","","","","","","","","","","","","","","","","","","","","","","","","","","","","",""
"","711","","","","","711","","","","","","","","","","","","","","","","","","","","","","","","","","","","",""
"","712","","","","","712","","","","","","","","","","","","","","","","","","","","","","","","","","","","",""
"","713","","","","","713","","","","","","","","","","","","","","","","","","","","","","","","","","","","",""
"","714","","","","","714","","","","","","","","","","","","","","","","","","","","","","","","","","","","",""
"","715","","","","","715","","","","","","","","","","","","","","","","","","","","","","","","","","","","",""
"","716","","","","","716","","","","","","","","","","","","","","","","","","","","","","","","","","","","",""
"","717","","","","","717","","","","","","","","","","","","","","","","","","","","","","","","","","","","",""
"","718","","","","","718","","","","","","","","","","","","","","","","","","","","","","","","","","","","",""
"","719","","","","","719","","","","","","","","","","","","","","","","","","","","","","","","","","","","",""
"","720","","","","","720","","","","","","","","","","","","","","","","","","","","","","","","","","","","",""
"","721","","","","","721","","","","","","","","","","","","","","","","","","","","","","","","","","","","",""
"","722","","","","","722","","","","","","","","","","","","","","","","","","","","","","","","","","","","",""
"","723","","","","","723","","","","","","","","","","","","","","","","","","","","","","","","","","","","",""
"","724","","","","","724","","","","","","","","","","","","","","","","","","","","","","","","","","","","",""
"","725","","","","","725","","","","","","","","","","","","","","","","","","","","","","","","","","","","",""
"","726","","","","","726","","","","","","","","","","","","","","","","","","","","","","","","","","","","",""
"","727","","","","","727","","","","","","","","","","","","","","","","","","","","","","","","","","","","",""
"","728","","","","","728","","","","","","","","","","","","","","","","","","","","","","","","","","","","",""
"","729","","","","","729","","","","","","","","","","","","","","","","","","","","","","","","","","","","",""
"","730","","","","","730","","","","","","","","","","","","","","","","","","","","","","","","","","","","",""
"","731","","","","","731","","","","","","","","","","","","","","","","","","","","","","","","","","","","",""
"","732","","","","","732","","","","","","","","","","","","","","","","","","","","","","","","","","","","",""
"","733","","","","","733","","","","","","","","","","","","","","","","","","","","","","","","","","","","",""
"","734","","","","","734","","","","","","","","","","","","","","","","","","","","","","","","","","","","",""
"","735","","","","","735","","","","","","","","","","","","","","","","","","","","","","","","","","","","",""
"","736","","","","","736","","","","","","","","","","","","","","","","","","","","","","","","","","","","",""
"","737","","","","","737","","","","","","","","","","","","","","","","","","","","","","","","","","","","",""
"","738","","","","","738","","","","","","","","","","","","","","","","","","","","","","","","","","","","",""
"","739","","","","","739","","","","","","","","","","","","","","","","","","","","","","","","","","","","",""
"","740","","","","","740","","","","","","","","","","","","","","","","","","","","","","","","","","","","",""
"","741","","","","","741","","","","","","","","","","","","","","","","","","","","","","","","","","","","",""
"","742","","","","","742","","","","","","","","","","","","","","","","","","","","","","","","","","","","",""
"","743","","","","","743","","","","","","","","","","","","","","","","","","","","","","","","","","","","",""
"","744","","","","","744","","","","","","","","","","","","","","","","","","","","","","","","","","","","",""
"","745","","","","","745","","","","","","","","","","","","","","","","","","","","","","","","","","","","",""
"","746","","","","","746","","","","","","","","","","","","","","","","","","","","","","","","","","","","",""
"","747","","","","","747","","","","","","","","","","","","","","","","","","","","","","","","","","","","",""
"","748","","","","","748","","","","","","","","","","","","","","","","","","","","","","","","","","","","",""
"","749","","","","","749","","","","","","","","","","","","","","","","","","","","","","","","","","","","",""
"","750","","","","","750","","","","","","","","","","","","","","","","","","","","","","","","","","","","",""
"","751","","","","","751","","","","","","","","","","","","","","","","","","","","","","","","","","","","",""
"","752","","","","","752","","","","","","","","","","","","","","","","","","","","","","","","","","","","",""
"","753","","","","","753","","","","","","","","","","","","","","","","","","","","","","","","","","","","",""
"","754","","","","","754","","","","","","","","","","","","","","","","","","","","","","","","","","","","",""
"","755","","","","","755","","","","","","","","","","","","","","","","","","","","","","","","","","","","",""
"","756","","","","","756","","","","","","","","","","","","","","","","","","","","","","","","","","","","",""
"","757","","","","","757","","","","","","","","","","","","","","","","","","","","","","","","","","","","",""
"","758","","","","","758","","","","","","","","","","","","","","","","","","","","","","","","","","","","",""
"","759","","","","","759","","","","","","","","","","","","","","","","","","","","","","","","","","","","",""
"","760","","","","","760","","","","","","","","","","","","","","","","","","","","","","","","","","","","",""
"","761","","","","","761","","","","","","","","","","","","","","","","","","","","","","","","","","","","",""
"","762","","","","","762","","","","","","","","","","","","","","","","","","","","","","","","","","","","",""
"","763","","","","","763","","","","","","","","","","","","","","","","","","","","","","","","","","","","",""
"","764","","","","","764","","","","","","","","","","","","","","","","","","","","","","","","","","","","",""
"","765","","","","","765","","","","","","","","","","","","","","","","","","","","","","","","","","","","",""
"","766","","","","","766","","","","","","","","","","","","","","","","","","","","","","","","","","","","",""
"","767","","","","","767","","","","","","","","","","","","","","","","","","","","","","","","","","","","",""
"","768","","","","","768","","","","","","","","","","","","","","","","","","","","","","","","","","","","",""
"","769","","","","","769","","","","","","","","","","","","","","","","","","","","","","","","","","","","",""
"","770","","","","","770","","","","","","","","","","","","","","","","","","","","","","","","","","","","",""
"","771","","","","","771","","","","","","","","","","","","","","","","","","","","","","","","","","","","",""
"","772","","","","","772","","","","","","","","","","","","","","","","","","","","","","","","","","","","",""
"","773","","","","","773","","","","","","","","","","","","","","","","","","","","","","","","","","","","",""
"","774","","","","","774","","","","","","","","","","","","","","","","","","","","","","","","","","","","",""
"","775","","","","","775","","","","","","","","","","","","","","","","","","","","","","","","","","","","",""
"","776","","","","","776","","","","","","","","","","","","","","","","","","","","","","","","","","","","",""
"","777","","","","","777","","","","","","","","","","","","","","","","","","","","","","","","","","","","",""
"","778","","","","","778","","","","","","","","","","","","","","","","","","","","","","","","","","","","",""
"","779","","","","","779","","","","","","","","","","","","","","","","","","","","","","","","","","","","",""
"","780","","","","","780","","","","","","","","","","","","","","","","","","","","","","","","","","","","",""
"","781","","","","","781","","","","","","","","","","","","","","","","","","","","","","","","","","","","",""
"","782","","","","","782","","","","","","","","","","","","","","","","","","","","","","","","","","","","",""
"","783","","","","","783","","","","","","","","","","","","","","","","","","","","","","","","","","","","",""
"","784","","","","","784","","","","","","","","","","","","","","","","","","","","","","","","","","","","",""
"","785","","","","","785","","","","","","","","","","","","","","","","","","","","","","","","","","","","",""
"","786","","","","","786","","","","","","","","","","","","","","","","","","","","","","","","","","","","",""
"","787","","","","","787","","","","","","","","","","","","","","","","","","","","","","","","","","","","",""
"","788","","","","","788","","","","","","","","","","","","","","","","","","","","","","","","","","","","",""
"","789","","","","","789","","","","","","","","","","","","","","","","","","","","","","","","","","","","",""
"","790","","","","","790","","","","","","","","","","","","","","","","","","","","","","","","","","","","",""
"","791","","","","","791","","","","","","","","","","","","","","","","","","","","","","","","","","","","",""
"","792","","","","","792","","","","","","","","","","","","","","","","","","","","","","","","","","","","",""
"","793","","","","","793","","","","","","","","","","","","","","","","","","","","","","","","","","","","",""
"","794","","","","","794","","","","","","","","","","","","","","","","","","","","","","","","","","","","",""
"","795","","","","","795","","","","","","","","","","","","","","","","","","","","","","","","","","","","",""
"","796","","","","","796","","","","","","","","","","","","","","","","","","","","","","","","","","","","",""
"","797","","","","","797","","","","","","","","","","","","","","","","","","","","","","","","","","","","",""
"","798","","","","","798","","","","","","","","","","","","","","","","","","","","","","","","","","","","",""
"","799","","","","","799","","","","","","","","","","","","","","","","","","","","","","","","","","","","",""
"","800","","","","","800","","","","","","","","","","","","","","","","","","","","","","","","","","","","",""
"","801","","","","","801","","","","","","","","","","","","","","","","","","","","","","","","","","","","",""
"","802","","","","","802","","","","","","","","","","","","","","","","","","","","","","","","","","","","",""
"","803","","","","","803","","","","","","","","","","","","","","","","","","","","","","","","","","","","",""
"","804","","","","","804","","","","","","","","","","","","","","","","","","","","","","","","","","","","",""
"","805","","","","","805","","","","","","","","","","","","","","","","","","","","","","","","","","","","",""
"","806","","","","","806","","","","","","","","","","","","","","","","","","","","","","","","","","","","",""
"","807","","","","","807","","","","","","","","","","","","","","","","","","","","","","","","","","","","",""
"","808","","","","","808","","","","","","","","","","","","","","","","","","","","","","","","","","","","",""
"","809","","","","","809","","","","","","","","","","","","","","","","","","","","","","","","","","","","",""
"","810","","","","","810","","","","","","","","","","","","","","","","","","","","","","","","","","","","",""
"","811","","","","","811","","","","","","","","","","","","","","","","","","","","","","","","","","","","",""
"","812","","","","","812","","","","","","","","","","","","","","","","","","","","","","","","","","","","",""
"","813","","","","","813","","","","","","","","","","","","","","","","","","","","","","","","","","","","",""
"","814","","","","","814","","","","","","","","","","","","","","","","","","","","","","","","","","","","",""
"","815","","","","","815","","","","","","","","","","","","","","","","","","","","","","","","","","","","",""
"","816","","","","","816","","","","","","","","","","","","","","","","","","","","","","","","","","","","",""
"","817","","","","","817","","","","","","","","","","","","","","","","","","","","","","","","","","","","",""
"","818","","","","","818","","","","","","","","","","","","","","","","","","","","","","","","","","","","",""
"","819","","","","","819","","","","","","","","","","","","","","","","","","","","","","","","","","","","",""
"","820","","","","","820","","","","","","","","","","","","","","","","","","","","","","","","","","","","",""
"","821","","","","","821","","","","","","","","","","","","","","","","","","","","","","","","","","","","",""
"","822","","","","","822","","","","","","","","","","","","","","","","","","","","","","","","","","","","",""
"","823","","","","","823","","","","","","","","","","","","","","","","","","","","","","","","","","","","",""
"","824","","","","","824","","","","","","","","","","","","","","","","","","","","","","","","","","","","",""
"","825","","","","","825","","","","","","","","","","","","","","","","","","","","","","","","","","","","",""
"","826","","","","","826","","","","","","","","","","","","","","","","","","","","","","","","","","","","",""
"","827","","","","","827","","","","","","","","","","","","","","","","","","","","","","","","","","","","",""
"","828","","","","","828","","","","","","","","","","","","","","","","","","","","","","","","","","","","",""
"","829","","","","","829","","","","","","","","","","","","","","","","","","","","","","","","","","","","",""
"","830","","","","","830","","","","","","","","","","","","","","","","","","","","","","","","","","","","",""
"","831","","","","","831","","","","","","","","","","","","","","","","","","","","","","","","","","","","",""
"","832","","","","","832","","","","","","","","","","","","","","","","","","","","","","","","","","","","",""
"","833","","","","","833","","","","","","","","","","","","","","","","","","","","","","","","","","","","",""